CLASE SINIESTRO,CANTIDAD DE FALLECIDOS,CANTIDAD DE LESIONADOS,CANTIDAD DE VEHICULOS DAÑADOS,DEPARTAMENTO,PROVINCIA,DISTRITO,ZONA,TIPO DE VÍA,RED VIAL,COD CARRETERA,COORDENADAS LATITUD,COORDENADAS  LONGITUD,CONDICIÓN CLIMÁTICA,ZONIFICACIÓN,CARACTERÍSTICAS DE VÍA,PERFIL LONGITUDINAL VÍA,SUPERFICIE DE CALZADA,¿EXISTE SEÑAL VERTICAL?,CLASIFICACIÓN DE LA SEÑAL VERTICAL Nº 1,CLASIFICACIÓN DE LA SEÑAL VERTICAL Nº 2,¿EXISTE SEÑAL HORIZONTAL?,CAUSA FACTOR PRINCIPAL,CAUSA ESPECÍFICA,AÑO,MES,DIA_SEMANA,ES_FIN_SEMANA,HORA_NUM,FRANJA_HORARIA,REGION_NATURAL,FALLECIDOS,LESIONADOS,CATEGORIA_SEVERIDAD,MORTALIDAD_MULTIPLE,LESION_MULTIPLE
DESPISTE,1,0,1,MOQUEGUA,MARISCAL NIETO,CARUMAS,RURAL,CARRETERA,NACIONAL,PE-36B,-16.72916,-70.453007,GRANIZADO,RURAL,CURVA,INCLINADA,ASFALTADA,SIN_DATO,SIN_DATO,SIN_DATO,SIN_DATO,INFRAESTRUCTURA Y ENTORNO VIAL,FACTOR AMBIENTAL,2021,2,2,0,15,TARDE,COSTA,1,0,LEVE,0,0
ATROPELLO,1,0,1,SAN MARTIN,SAN MARTIN,TARAPOTO,URBANA,AVENIDA,URBANO,NO CORRESPONDE,-6.47596,-76.36267,DESPEJADO,COMERCIAL,TRAMO RECTO,PLANA ,ASFALTADA,SIN_DATO,SIN_DATO,SIN_DATO,SIN_DATO,IMPRUDENCIA DEL CONDUCTOR,NO DAR PASO PREFERENTE AL PEATÓN,2021,2,2,0,19,NOCHE,SELVA,1,0,LEVE,0,0
CHOQUE FUGA,1,0,1,PUNO,EL COLLAO,PILCUYO,RURAL,CARRETERA,NACIONAL,PE-3S,-16.11862696,-69.59255185,DESPEJADO,RURAL,TRAMO RECTO,PLANA ,ASFALTADA,SI,PREVENTIVA (P),SIN_DATO,NO,IMPRUDENCIA DEL CONDUCTOR,EXCESO DE VELOCIDAD,2021,2,3,0,2,MADRUGADA,SIERRA,1,0,LEVE,0,0
ATROPELLO,1,0,1,CUSCO,CANAS,PAMPAMARCA,URBANA,CALLE,URBANO,NO CORRESPONDE,-14.14751,-71.46,DESPEJADO,RESIDENCIAL,INTERSECCIÓN,PLANA ,AFIRMADO,SIN_DATO,SIN_DATO,INFORMATIVA (I),SIN_DATO,NEGLIGENCIA DEL CONDUCTOR,OTRO (NEGLIGENCIA DEL CONDUCTOR),2021,2,3,0,9,MAÑANA,SIERRA,1,0,LEVE,0,0
DESPISTE,1,0,1,CAJAMARCA,CAJAMARCA,LLACANORA,RURAL,CARRETERA,PROVINCIAL,CA-1495,-7.174738,-78.423229,DESPEJADO,RURAL,CURVA,INCLINADA,ASFALTADA,SI,PREVENTIVA (P),SIN_DATO,SI,EN PROCESO DE INVESTIGACIÓN,NO CUENTA CON CAUSA ESPECIFICA,2021,2,3,0,12,TARDE,SIERRA,1,0,LEVE,0,0
CHOQUE,1,0,2,PUNO,AZANGARO,SAN JOSE,RURAL,CARRETERA,DEPARTAMENTAL,PU-111,-14.8922844,-70.1617261,NUBLADO,RURAL,TRAMO RECTO,PLANA ,ASFALTADA,SI,INFORMATIVA (I),PREVENTIVA (P),SI,IMPRUDENCIA DEL CONDUCTOR,EXCESO DE VELOCIDAD,2021,2,3,0,12,TARDE,SIERRA,1,0,LEVE,0,0
DESPISTE,1,0,1,HUANUCO,HUANUCO,CHINCHAO,RURAL,CARRETERA,NACIONAL,PE-18A,-9.712672764117524,-76.09245650562782,NUBLADO,RURAL,CURVA,INCLINADA,ASFALTADA,SIN_DATO,SIN_DATO,SIN_DATO,SIN_DATO,IMPRUDENCIA DEL CONDUCTOR,OTRO (IMPRUDENCIA DEL CONDUCTOR),2021,2,3,0,14,TARDE,SIERRA,1,0,LEVE,0,0
CHOQUE,1,3,2,PIURA,PIURA,PIURA,URBANA,AVENIDA,URBANO,NO CORRESPONDE,-5.167524,-80.655907,DESPEJADO,RURAL,TRAMO RECTO,PLANA ,ASFALTADA,SI,INFORMATIVA (I),PREVENTIVA (P),SI,IMPRUDENCIA DEL CONDUCTOR,CONDUCIR EN ESTADO DE EBRIEDAD Y/O DROGADICCIÓN,2021,2,3,0,22,NOCHE,COSTA,1,3,GRAVE_LESIONADOS,0,1
DESPISTE,1,0,1,PIURA,PIURA,TAMBO GRANDE,RURAL,CARRETERA,SIN CLASIFICAR,SIN CLASIFICAR,-4.885024319059653,-80.33600611919029,DESPEJADO,RURAL,TRAMO RECTO,PLANA ,ASFALTADA,SIN_DATO,SIN_DATO,SIN_DATO,SIN_DATO,EN PROCESO DE INVESTIGACIÓN,NO CUENTA CON CAUSA ESPECIFICA,2021,2,4,0,9,MAÑANA,COSTA,1,0,LEVE,0,0
ATROPELLO,1,0,1,CUSCO,CANCHIS,SICUANI,URBANA,CARRETERA,NACIONAL,PE-3S,-14.2758759830276,-71.2356738655972,DESPEJADO,RESIDENCIAL,TRAMO RECTO,PLANA ,ASFALTADA,SI,PREVENTIVA (P),INFORMATIVA (I),NO,IMPRUDENCIA DEL CONDUCTOR,EXCESO DE VELOCIDAD,2021,2,4,0,9,MAÑANA,SIERRA,1,0,LEVE,0,0
CAÍDA DE PASAJERO,1,0,0,CUSCO,CALCA,SAN SALVADOR,RURAL,CARRETERA,PROVINCIAL,CU-1073,-13.493,-71.7882,DESPEJADO,RURAL,TRAMO RECTO,PLANA ,ASFALTADA,SIN_DATO,SIN_DATO,SIN_DATO,SIN_DATO,IMPRUDENCIA DEL CONDUCTOR,GIRAR IMPRUDENTEMENTE,2021,2,4,0,10,MAÑANA,SIERRA,1,0,LEVE,0,0
CHOQUE,1,1,3,ICA,ICA,SALAS,RURAL,CARRETERA,NACIONAL,PE-1S,-13.934894,-75.869417,DESPEJADO,RURAL,TRAMO RECTO,PLANA ,ASFALTADA,SIN_DATO,SIN_DATO,SIN_DATO,SIN_DATO,IMPRUDENCIA DEL CONDUCTOR,EXCESO DE VELOCIDAD,2021,2,4,0,12,TARDE,COSTA,1,1,LEVE,0,0
ATROPELLO,1,0,0,LIMA,CAJATAMBO,MANAS,RURAL,CARRETERA,DEPARTAMENTAL,LM-112,-10.572365864241098,-77.15383704151937,NUBLADO,RURAL,SINUOSA,INCLINADA,CASCAJO/RIPIO,SIN_DATO,SIN_DATO,SIN_DATO,SIN_DATO,EN PROCESO DE INVESTIGACIÓN,NO CUENTA CON CAUSA ESPECIFICA,2021,2,4,0,14,TARDE,COSTA,1,0,LEVE,0,0
DESPISTE,1,3,1,AREQUIPA,ISLAY,MOLLENDO,RURAL,CARRETERA,NACIONAL,PE-34,-16.6779758,-71.9100334,DESPEJADO,RURAL,TRAMO RECTO,PLANA ,ASFALTADA,NO,SIN_DATO,SIN_DATO,SI,IMPRUDENCIA DEL CONDUCTOR,EXCESO DE VELOCIDAD,2021,2,4,0,17,TARDE,COSTA,1,3,GRAVE_LESIONADOS,0,1
ATROPELLO,1,0,1,LA LIBERTAD,ASCOPE,PAIJAN,RURAL,CARRETERA,NACIONAL,PE-1N,-7.733987,-79.300616,DESPEJADO,RURAL,TRAMO RECTO,PLANA ,ASFALTADA,SIN_DATO,SIN_DATO,SIN_DATO,SIN_DATO,IMPRUDENCIA DEL PEATÓN,CRUCE INDEBIDO POR LA CALZADA,2021,2,4,0,22,NOCHE,COSTA,1,0,LEVE,0,0
DESPISTE,2,1,1,APURIMAC,CHINCHEROS,OCOBAMBA,RURAL,CARRETERA,DEPARTAMENTAL,AP-102,-13.57507,-73.46999,NIEBLA,RURAL,TRAMO RECTO,PLANA ,CASCAJO/RIPIO,SIN_DATO,SIN_DATO,SIN_DATO,SIN_DATO,NEGLIGENCIA DEL CONDUCTOR,OTRO (NEGLIGENCIA DEL CONDUCTOR),2021,2,5,1,7,MAÑANA,SIERRA,2,1,GRAVE_MORTALIDAD,1,0
CHOQUE,2,0,2,ICA,ICA,SALAS,URBANA,CARRETERA,NACIONAL,PE-1S,-14.005534,-75.766709,DESPEJADO,RURAL,TRAMO RECTO,PLANA ,ASFALTADA,SIN_DATO,SIN_DATO,SIN_DATO,SIN_DATO,IMPRUDENCIA DEL CONDUCTOR,INVASIÓN DE CARRIL,2021,2,6,1,12,TARDE,COSTA,2,0,GRAVE_MORTALIDAD,1,0
DESPISTE,1,0,1,AREQUIPA,CAMANA,SAMUEL PASTOR,RURAL,CARRETERA,NACIONAL,PE-1S,-16.604922514552918,-72.63072251414734,DESPEJADO,RURAL,TRAMO RECTO,INCLINADA,ASFALTADA,SIN_DATO,SIN_DATO,SIN_DATO,SIN_DATO,EN PROCESO DE INVESTIGACIÓN,NO CUENTA CON CAUSA ESPECIFICA,2021,2,6,1,13,TARDE,COSTA,1,0,LEVE,0,0
DESPISTE,1,1,1,JUNIN,CONCEPCION,COMAS,RURAL,CARRETERA,PROVINCIAL,JU-1167,-11.7295272,-75.074987,SOLEADO,RURAL,CURVA,INCLINADA,ASFALTADA,SI,PREVENTIVA (P),SIN_DATO,NO,IMPRUDENCIA DEL CONDUCTOR,EXCESO DE VELOCIDAD,2021,2,6,1,17,TARDE,SIERRA,1,1,LEVE,0,0
CHOQUE,1,0,1,LIMA,LIMA,SAN JUAN DE LURIGANCHO,URBANA,AVENIDA,URBANO,NO CORRESPONDE,-12.025888,-76.98613,DESPEJADO,COMERCIAL,INTERSECCIÓN,PLANA ,ASFALTADA,SIN_DATO,SIN_DATO,SIN_DATO,SIN_DATO,IMPRUDENCIA DEL CONDUCTOR,EXCESO DE VELOCIDAD,2021,2,0,0,11,MAÑANA,COSTA,1,0,LEVE,0,0
DESPISTE,1,3,1,CUSCO,LA CONVENCION,SANTA ANA,RURAL,CARRETERA,DEPARTAMENTAL,CU-118,-12.9186583170426,-72.736736539381,DESPEJADO,RURAL,TRAMO RECTO,PLANA ,TROCHA,SIN_DATO,SIN_DATO,SIN_DATO,SIN_DATO,IMPRUDENCIA DEL CONDUCTOR,EXCESO DE VELOCIDAD,2021,2,0,0,15,TARDE,SIERRA,1,3,GRAVE_LESIONADOS,0,1
DESPISTE,1,0,1,APURIMAC,AYMARAES,CHALHUANCA,RURAL,CARRETERA,SIN CLASIFICAR,SIN CLASIFICAR,-14.323716971911608,-73.24946437688853,LLUVIOSO,RURAL,TRAMO RECTO,PLANA ,CASCAJO/RIPIO,SIN_DATO,SIN_DATO,SIN_DATO,SIN_DATO,IMPRUDENCIA DEL CONDUCTOR,FATIGA Y/O CANSANCIO,2021,2,0,0,15,TARDE,SIERRA,1,0,LEVE,0,0
ATROPELLO,1,0,1,LIMA,LIMA,EL AGUSTINO,URBANA,AVENIDA,URBANO,NO CORRESPONDE,-12.029121,-76.99979,DESPEJADO,COMERCIAL,INTERSECCIÓN,PLANA ,ASFALTADA,SIN_DATO,REGULADORA (R),SIN_DATO,SIN_DATO,IMPRUDENCIA DEL CONDUCTOR,CONDUCIR EN ESTADO DE EBRIEDAD Y/O DROGADICCIÓN,2021,2,0,0,15,TARDE,COSTA,1,0,LEVE,0,0
CHOQUE,1,0,2,ANCASH,HUAYLAS,CARAZ,RURAL,CARRETERA,NACIONAL,PE-3N,-9.02562827779985,-77.8208550385728,NUBLADO,RURAL,CURVA,INCLINADA,ASFALTADA,SI,PREVENTIVA (P),PREVENTIVA (P),SI,EN PROCESO DE INVESTIGACIÓN,NO CUENTA CON CAUSA ESPECIFICA,2021,2,0,0,17,TARDE,SIERRA,1,0,LEVE,0,0
DESPISTE,2,0,1,APURIMAC,AYMARAES,YANACA,RURAL,CARRETERA,DEPARTAMENTAL,AP-108,-14.20255817645848,-73.13044804455083,DESPEJADO,RURAL,PUENTE,INCLINADA,AFIRMADO,SIN_DATO,SIN_DATO,SIN_DATO,SIN_DATO,IMPRUDENCIA DEL CONDUCTOR,FATIGA Y/O CANSANCIO,2021,2,0,0,18,NOCHE,SIERRA,2,0,GRAVE_MORTALIDAD,1,0
CHOQUE,1,0,1,MADRE DE DIOS,TAMBOPATA,TAMBOPATA,RURAL,CARRETERA,NACIONAL,PE-30C,-12.6768762957303,-69.3683650006837,SIN_DATO,SIN_DATO,SIN_DATO,SIN_DATO,SIN_DATO,SIN_DATO,SIN_DATO,SIN_DATO,SIN_DATO,EN PROCESO DE INVESTIGACIÓN,NO CUENTA CON CAUSA ESPECIFICA,2021,2,0,0,18,NOCHE,SELVA,1,0,LEVE,0,0
DESPISTE,1,1,1,APURIMAC,COTABAMBAS,HAQUIRA,RURAL,CARRETERA,NACIONAL,PE-3SG,-14.223052227128653,-72.15168099959223,LLUVIOSO,RURAL,TRAMO RECTO,PLANA ,ASFALTADA,SIN_DATO,SIN_DATO,SIN_DATO,SIN_DATO,EN PROCESO DE INVESTIGACIÓN,NO CUENTA CON CAUSA ESPECIFICA,2021,2,1,0,8,MAÑANA,SIERRA,1,1,LEVE,0,0
ATROPELLO,1,0,0,LIMA,LIMA,SAN JUAN DE MIRAFLORES,URBANA,CARRETERA,NACIONAL,PE-1S,-12.156762275040451,-76.98325306177139,DESPEJADO,RESIDENCIAL,TRAMO RECTO,PLANA ,ASFALTADA,SIN_DATO,SIN_DATO,SIN_DATO,SIN_DATO,IMPRUDENCIA DEL PEATÓN,ESTADO DE EBRIEDAD Y/O DROGADICCIÓN,2021,2,1,0,20,NOCHE,COSTA,1,0,LEVE,0,0
DESPISTE,1,0,1,LIMA,LIMA,LA VICTORIA,URBANA,AVENIDA,URBANO,NO CORRESPONDE,-12.076163677993936,-77.02763028722859,DESPEJADO,RESIDENCIAL,TRAMO RECTO,INCLINADA,ASFALTADA,SIN_DATO,SIN_DATO,SIN_DATO,SIN_DATO,IMPRUDENCIA DEL CONDUCTOR,EXCESO DE VELOCIDAD,2021,2,1,0,21,NOCHE,COSTA,1,0,LEVE,0,0
CHOQUE,1,0,0,LIMA,LIMA,SURQUILLO,URBANA,AVENIDA,URBANO,NO CORRESPONDE,-12.117716928281103,-77.00858920812608,DESPEJADO,COMERCIAL,INTERSECCIÓN,PLANA ,ASFALTADA,SIN_DATO,SIN_DATO,SIN_DATO,SIN_DATO,IMPERICIA DEL CONDUCTOR,SIN_DATO,2021,2,2,0,13,TARDE,COSTA,1,0,LEVE,0,0
CHOQUE,1,0,1,LA LIBERTAD,ASCOPE,CHICAMA,RURAL,CARRETERA,NACIONAL,PE-1N,-7.834859,-79.157289,DESPEJADO,RURAL,TRAMO RECTO,PLANA ,ASFALTADA,SIN_DATO,SIN_DATO,SIN_DATO,SIN_DATO,IMPRUDENCIA DEL CONDUCTOR,OTRO (IMPRUDENCIA DEL CONDUCTOR),2021,2,2,0,14,TARDE,COSTA,1,0,LEVE,0,0
DESPISTE,1,0,1,LIMA,LIMA,LURIN,URBANA,CARRETERA,NACIONAL,PE-1S,-12.290935854275048,-76.86632484197618,DESPEJADO,INDUSTRIAL,TRAMO RECTO,PLANA ,ASFALTADA,SIN_DATO,SIN_DATO,SIN_DATO,SIN_DATO,IMPRUDENCIA DEL CONDUCTOR,EXCESO DE VELOCIDAD,2021,2,2,0,15,TARDE,COSTA,1,0,LEVE,0,0
ATROPELLO,1,0,1,LIMA,LIMA,SAN LUIS,URBANA,AVENIDA,URBANO,NO CORRESPONDE,-12.081299174313552,-76.99488312005998,DESPEJADO,RESIDENCIAL,TRAMO RECTO,PLANA ,ASFALTADA,SIN_DATO,SIN_DATO,SIN_DATO,SIN_DATO,IMPRUDENCIA DEL PEATÓN,USO DE DISPOSITIVOS MÓVILES Y/O ELECTRÓNICOS,2021,2,2,0,16,TARDE,COSTA,1,0,LEVE,0,0
CHOQUE FUGA,1,0,1,SAN MARTIN,MARISCAL CACERES,JUANJUI,RURAL,CARRETERA,NACIONAL,PE-5N,-7.191479494207583,-76.73389059871813,SOLEADO,RURAL,OTRO,PLANA ,AFIRMADO,SIN_DATO,SIN_DATO,SIN_DATO,SIN_DATO,EN PROCESO DE INVESTIGACIÓN,NO CUENTA CON CAUSA ESPECIFICA,2021,2,2,0,19,NOCHE,SELVA,1,0,LEVE,0,0
CHOQUE,1,1,2,LA LIBERTAD,SANCHEZ CARRION,HUAMACHUCO,RURAL,AVENIDA,URBANO,NO CORRESPONDE,-7.81973,-78.028613,DESPEJADO,RURAL,TRAMO RECTO,PLANA ,AFIRMADO,SIN_DATO,SIN_DATO,SIN_DATO,SIN_DATO,EN PROCESO DE INVESTIGACIÓN,NO CUENTA CON CAUSA ESPECIFICA,2021,2,2,0,20,NOCHE,COSTA,1,1,LEVE,0,0
DESPISTE,1,0,1,CUSCO,CHUMBIVILCAS,CAPACMARCA,RURAL,CARRETERA,DEPARTAMENTAL,CU-119,-13.974894,-71.962837,NUBLADO,RURAL,CURVA,PLANA ,AFIRMADO,SIN_DATO,SIN_DATO,SIN_DATO,SIN_DATO,IMPRUDENCIA DEL CONDUCTOR,FATIGA Y/O CANSANCIO,2021,2,2,0,23,NOCHE,SIERRA,1,0,LEVE,0,0
CHOQUE,1,1,2,HUANUCO,HUANUCO,SAN FRANCISCO DE CAYRAN,RURAL,CARRETERA,PROVINCIAL,HU-1093,-9.978324,-76.272743,DESPEJADO,RURAL,SINUOSA,INCLINADA,AFIRMADO,SIN_DATO,SIN_DATO,SIN_DATO,SIN_DATO,IMPRUDENCIA DEL CONDUCTOR,EXCESO DE VELOCIDAD,2021,2,3,0,12,TARDE,SIERRA,1,1,LEVE,0,0
DESPISTE,1,1,1,APURIMAC,GRAU,CURPAHUASI,RURAL,CARRETERA,PROVINCIAL,AP-883,-14.027349884168968,-72.60715432872891,DESPEJADO,RURAL,CURVA,INCLINADA,TROCHA,SIN_DATO,SIN_DATO,SIN_DATO,SIN_DATO,EN PROCESO DE INVESTIGACIÓN,NO CUENTA CON CAUSA ESPECIFICA,2021,2,3,0,15,TARDE,SIERRA,1,1,LEVE,0,0
CHOQUE,1,2,2,AREQUIPA,AREQUIPA,CERRO COLORADO,URBANA,OTRO,URBANO,NO CORRESPONDE,-16.323438,-71.594112,DESPEJADO,RESIDENCIAL,INTERSECCIÓN,PLANA ,ASFALTADA,SI,PREVENTIVA (P),PREVENTIVA (P),SI,IMPRUDENCIA DEL CONDUCTOR,NO ESTABLECER EL DERECHO DE PASO,2021,2,3,0,17,TARDE,COSTA,1,2,LEVE,0,0
CHOQUE,1,0,2,CAJAMARCA,JAEN,PUCARA,URBANA,CARRETERA,NACIONAL,PE-3N,-6.0414394,-79.1254947,DESPEJADO,INDUSTRIAL,CURVA,INCLINADA,ASFALTADA,SI,PREVENTIVA (P),PREVENTIVA (P),NO,EN PROCESO DE INVESTIGACIÓN,NO CUENTA CON CAUSA ESPECIFICA,2021,2,3,0,22,NOCHE,SIERRA,1,0,LEVE,0,0
VOLCADURA,1,13,1,CUSCO,PARURO,HUANOQUITE,RURAL,CARRETERA,DEPARTAMENTAL,CU-118,-13.6828285595271,-72.0160588098124,LLUVIOSO,RURAL,TRAMO RECTO,PLANA ,AFIRMADO,SIN_DATO,SIN_DATO,SIN_DATO,SIN_DATO,NEGLIGENCIA DEL CONDUCTOR,OTRO (NEGLIGENCIA DEL CONDUCTOR),2021,2,4,0,2,MADRUGADA,SIERRA,1,13,GRAVE_LESIONADOS,0,1
ATROPELLO,1,0,0,LIMA,LIMA,SAN MARTIN DE PORRES,URBANA,CARRETERA,NACIONAL,PE-20F,-11.954708647868603,-77.08510190248491,DESPEJADO,COMERCIAL,INTERSECCIÓN,PLANA ,ASFALTADA,SIN_DATO,SIN_DATO,SIN_DATO,SIN_DATO,EN PROCESO DE INVESTIGACIÓN,NO CUENTA CON CAUSA ESPECIFICA,2021,2,4,0,7,MAÑANA,COSTA,1,0,LEVE,0,0
CHOQUE,1,0,2,AREQUIPA,ISLAY,PUNTA DE BOMBON,RURAL,CARRETERA,PROVINCIAL,AR-827,-17.1583427,-71.7933493,DESPEJADO,RURAL,OTRO,INCLINADA,ASFALTADA,SI,PREVENTIVA (P),PREVENTIVA (P),SI,IMPRUDENCIA DEL CONDUCTOR,INVASIÓN DE CARRIL,2021,2,4,0,11,MAÑANA,COSTA,1,0,LEVE,0,0
CHOQUE,1,0,1,CALLAO,CALLAO,CALLAO,URBANA,AVENIDA,URBANO,NO CORRESPONDE,-12.055772845365071,-77.12188849777318,DESPEJADO,RESIDENCIAL,TRAMO RECTO,PLANA ,ASFALTADA,SIN_DATO,SIN_DATO,SIN_DATO,SIN_DATO,NEGLIGENCIA DEL CONDUCTOR,OTRO (NEGLIGENCIA DEL CONDUCTOR),2021,2,4,0,11,MAÑANA,COSTA,1,0,LEVE,0,0
ATROPELLO,1,0,0,CUSCO,CALCA,PISAC,URBANA,CARRETERA,DEPARTAMENTAL,CU-112,-13.40901,-71.83107314,DESPEJADO,RESIDENCIAL,TRAMO RECTO,PLANA ,ASFALTADA,SIN_DATO,SIN_DATO,SIN_DATO,SIN_DATO,NEGLIGENCIA DEL CONDUCTOR,OTRO (NEGLIGENCIA DEL CONDUCTOR),2021,2,4,0,13,TARDE,SIERRA,1,0,LEVE,0,0
CHOQUE,1,0,2,LAMBAYEQUE,CHICLAYO,JOSE LEONARDO ORTIZ,RURAL,CARRETERA,DEPARTAMENTAL,LA-111,-6.7453118,-79.8012296,DESPEJADO,RURAL,TRAMO RECTO,PLANA ,ASFALTADA,SI,PREVENTIVA (P),PREVENTIVA (P),SI,IMPRUDENCIA DEL CONDUCTOR,EXCESO DE VELOCIDAD,2021,2,4,0,20,NOCHE,COSTA,1,0,LEVE,0,0
ATROPELLO,1,0,0,LIMA,LIMA,EL AGUSTINO,URBANA,CARRETERA,NACIONAL,PE-1N,-12.030233594117089,-76.99354463022675,DESPEJADO,RESIDENCIAL,INTERSECCIÓN,PLANA ,ASFALTADA,SIN_DATO,SIN_DATO,SIN_DATO,SIN_DATO,IMPRUDENCIA DEL CONDUCTOR,EXCESO DE VELOCIDAD,2021,2,5,1,8,MAÑANA,COSTA,1,0,LEVE,0,0
DESPISTE,1,0,1,ANCASH,POMABAMBA,QUINUABAMBA,RURAL,CARRETERA,PROVINCIAL,AN-585,-8.691887465999999,-77.36824103548135,NUBLADO,RURAL,SINUOSA,INCLINADA,TROCHA,SIN_DATO,SIN_DATO,SIN_DATO,SIN_DATO,IMPRUDENCIA DEL CONDUCTOR,OTRO (IMPRUDENCIA DEL CONDUCTOR),2021,2,5,1,10,MAÑANA,SIERRA,1,0,LEVE,0,0
CHOQUE,1,2,1,LIMA,LIMA,VILLA EL SALVADOR,URBANA,AVENIDA,URBANO,NO CORRESPONDE,-12.199057991412102,-76.94201409816743,DESPEJADO,RESIDENCIAL,INTERSECCIÓN,PLANA ,ASFALTADA,SIN_DATO,SIN_DATO,SIN_DATO,SIN_DATO,IMPRUDENCIA DEL CONDUCTOR,EXCESO DE VELOCIDAD,2021,2,5,1,17,TARDE,COSTA,1,2,LEVE,0,0
ATROPELLO,1,1,1,PUNO,CHUCUITO,JULI,RURAL,CARRETERA,NACIONAL,PE-3S,-16.21621,-69.45559,DESPEJADO,RURAL,TRAMO RECTO,PLANA ,ASFALTADA,SIN_DATO,SIN_DATO,SIN_DATO,SIN_DATO,IMPRUDENCIA DEL PEATÓN,OTRO (IMPRUDENCIA DEL PEATÓN),2021,2,5,1,18,NOCHE,SIERRA,1,1,LEVE,0,0
VOLCADURA,1,0,0,LIMA,LIMA,MIRAFLORES,URBANA,CALLE,URBANO,NO CORRESPONDE,-12.116940683422827,-77.03471392393112,DESPEJADO,RESIDENCIAL,INTERSECCIÓN,PLANA ,ASFALTADA,SIN_DATO,SIN_DATO,SIN_DATO,SIN_DATO,IMPRUDENCIA DEL CONDUCTOR,EXCESO DE VELOCIDAD,2021,2,5,1,18,NOCHE,COSTA,1,0,LEVE,0,0
CHOQUE,1,2,0,SAN MARTIN,PICOTA,PICOTA,RURAL,CARRETERA,NACIONAL,PE-5N,-6.91336178149583,-76.3323315713814,DESPEJADO,RURAL,TRAMO RECTO,PLANA ,ASFALTADA,SIN_DATO,SIN_DATO,SIN_DATO,SIN_DATO,IMPRUDENCIA DEL CONDUCTOR,CONDUCIR EN ESTADO DE EBRIEDAD Y/O DROGADICCIÓN,2021,2,5,1,19,NOCHE,SELVA,1,2,LEVE,0,0
ATROPELLO,1,0,1,LA LIBERTAD,TRUJILLO,HUANCHACO,RURAL,CARRETERA,NACIONAL,PE-1N,-8.012936,-79.071356,DESPEJADO,RURAL,TRAMO RECTO,PLANA ,AFIRMADO,SIN_DATO,SIN_DATO,SIN_DATO,SIN_DATO,IMPRUDENCIA DEL CONDUCTOR,CONDUCIR EN ESTADO DE EBRIEDAD Y/O DROGADICCIÓN,2021,2,5,1,20,NOCHE,COSTA,1,0,LEVE,0,0
ATROPELLO FUGA,1,0,0,LIMA,LIMA,CARABAYLLO,URBANA,AVENIDA,URBANO,NO CORRESPONDE,-11.861366118567192,-77.05357243780493,DESPEJADO,INDUSTRIAL,INTERSECCIÓN,PLANA ,ASFALTADA,NO,SIN_DATO,SIN_DATO,NO,IMPRUDENCIA DEL PEATÓN,CRUCE INDEBIDO POR LA CALZADA,2021,2,5,1,20,NOCHE,COSTA,1,0,LEVE,0,0
CHOQUE,1,0,2,PIURA,PIURA,PIURA,URBANA,OTRO,URBANO,NO CORRESPONDE,-5.1824885,-80.6313471,DESPEJADO,RESIDENCIAL,INTERSECCIÓN,PLANA ,ASFALTADA,SI,REGULADORA (R),REGULADORA (R),NO,IMPRUDENCIA DEL CONDUCTOR,EXCESO DE VELOCIDAD,2021,2,6,1,6,MAÑANA,COSTA,1,0,LEVE,0,0
DESPISTE,1,0,1,APURIMAC,CHINCHEROS,ONGOY,RURAL,CARRETERA,PROVINCIAL,AP-527,-13.405828,-73.604734,DESPEJADO,RURAL,CURVA,INCLINADA,TROCHA,SIN_DATO,SIN_DATO,SIN_DATO,SIN_DATO,IMPRUDENCIA DEL CONDUCTOR,CONDUCIR EN ESTADO DE EBRIEDAD Y/O DROGADICCIÓN,2021,2,6,1,20,NOCHE,SIERRA,1,0,LEVE,0,0
VOLCADURA,1,0,1,PIURA,SULLANA,IGNACIO ESCUDERO,RURAL,CARRETERA,NACIONAL,PE-1N,-4.844994929619984,-80.88665301972264,DESPEJADO,RURAL,CURVA,PLANA ,ASFALTADA,SIN_DATO,SIN_DATO,SIN_DATO,SIN_DATO,EN PROCESO DE INVESTIGACIÓN,NO CUENTA CON CAUSA ESPECIFICA,2021,2,6,1,21,NOCHE,COSTA,1,0,LEVE,0,0
ESPECIAL,2,4,2,CAJAMARCA,CONTUMAZA,TANTARICA,RURAL,CARRETERA,NACIONAL,PE-08,-7.19824358,-78.95239371,SOLEADO,RURAL,CURVA,INCLINADA,ASFALTADA,SI,PREVENTIVA (P),SIN_DATO,SI,IMPRUDENCIA DEL CONDUCTOR,INVASIÓN DE CARRIL,2021,2,0,0,7,MAÑANA,SIERRA,2,4,GRAVE_MORTALIDAD,1,1
DESPISTE,1,0,1,LA LIBERTAD,PATAZ,HUANCASPATA,RURAL,CARRETERA,SIN CLASIFICAR,SIN CLASIFICAR,-8.459044,-77.300349,DESPEJADO,RURAL,TRAMO RECTO,PLANA ,AFIRMADO,SIN_DATO,SIN_DATO,SIN_DATO,SIN_DATO,EN PROCESO DE INVESTIGACIÓN,NO CUENTA CON CAUSA ESPECIFICA,2021,2,0,0,8,MAÑANA,COSTA,1,0,LEVE,0,0