CLASE SINIESTRO,CANTIDAD DE FALLECIDOS,CANTIDAD DE LESIONADOS,CANTIDAD DE VEHICULOS DAÑADOS,DEPARTAMENTO,PROVINCIA,DISTRITO,ZONA,TIPO DE VÍA,RED VIAL,COD CARRETERA,COORDENADAS LATITUD,COORDENADAS  LONGITUD,CONDICIÓN CLIMÁTICA,ZONIFICACIÓN,CARACTERÍSTICAS DE VÍA,PERFIL LONGITUDINAL VÍA,SUPERFICIE DE CALZADA,¿EXISTE SEÑAL VERTICAL?,CLASIFICACIÓN DE LA SEÑAL VERTICAL Nº 1,CLASIFICACIÓN DE LA SEÑAL VERTICAL Nº 2,¿EXISTE SEÑAL HORIZONTAL?,CAUSA FACTOR PRINCIPAL,CAUSA ESPECÍFICA,AÑO,MES,DIA_SEMANA,ES_FIN_SEMANA,HORA_NUM,FRANJA_HORARIA,REGION_NATURAL,FALLECIDOS,LESIONADOS,CATEGORIA_SEVERIDAD,MORTALIDAD_MULTIPLE,LESION_MULTIPLE
CAÍDA DE PASAJERO,1,0,0,AMAZONAS,UTCUBAMBA,CAJARURO,URBANA,CARRETERA,DEPARTAMENTAL,AM-102,-5.750702122519955,-78.42147209445628,SOLEADO,RURAL,CURVA,INCLINADA,ASFALTADA,SIN_DATO,SIN_DATO,SIN_DATO,SIN_DATO,EN PROCESO DE INVESTIGACIÓN,NO CUENTA CON CAUSA ESPECIFICA,2021,2,0,0,15,TARDE,SELVA,1,0,LEVE,0,0
CHOQUE,6,3,2,PUNO,HUANCANE,TARACO,RURAL,CARRETERA,NACIONAL,PE-34H,-15.2968047,-69.9693645,DESPEJADO,RURAL,TRAMO RECTO,PLANA ,ASFALTADA,SI,INFORMATIVA (I),REGULADORA (R),SI,IMPRUDENCIA DEL CONDUCTOR,INVASIÓN DE CARRIL,2021,2,1,0,4,MADRUGADA,SIERRA,6,3,GRAVE_MORTALIDAD,1,1
CHOQUE,1,0,0,LIMA,LIMA,LIMA,URBANA,AVENIDA,URBANO,NO CORRESPONDE,-12.07343065154641,-77.0361972507521,DESPEJADO,RESIDENCIAL,INTERSECCIÓN,PLANA ,ASFALTADA,SIN_DATO,SIN_DATO,SIN_DATO,SIN_DATO,IMPRUDENCIA DEL CONDUCTOR,EXCESO DE VELOCIDAD,2021,2,1,0,8,MAÑANA,COSTA,1,0,LEVE,0,0
DESPISTE,1,0,1,HUANCAVELICA,ACOBAMBA,PAUCARA,RURAL,CARRETERA,DEPARTAMENTAL,HV-105,-12.769323,-74.734499,DESPEJADO,RURAL,SINUOSA,PLANA ,TROCHA,SIN_DATO,SIN_DATO,SIN_DATO,SIN_DATO,EN PROCESO DE INVESTIGACIÓN,NO CUENTA CON CAUSA ESPECIFICA,2021,2,1,0,9,MAÑANA,SIERRA,1,0,LEVE,0,0
ATROPELLO,1,0,1,JUNIN,HUANCAYO,VIQUES,URBANA,CARRETERA,NACIONAL,PE-3SZ,-12.1572836,-75.2356973,DESPEJADO,RESIDENCIAL,CURVA,PLANA ,ASFALTADA,SIN_DATO,SIN_DATO,SIN_DATO,SIN_DATO,EN PROCESO DE INVESTIGACIÓN,NO CUENTA CON CAUSA ESPECIFICA,2021,2,1,0,14,TARDE,SIERRA,1,0,LEVE,0,0
CHOQUE,1,1,2,JUNIN,JAUJA,ACOLLA,RURAL,CARRETERA,NACIONAL,PE-3SA,-11.708441,-75.55653763,SOLEADO,RURAL,TRAMO RECTO,PLANA ,ASFALTADA,SI,REGULADORA (R),SIN_DATO,NO,EN PROCESO DE INVESTIGACIÓN,NO CUENTA CON CAUSA ESPECIFICA,2021,2,1,0,15,TARDE,SIERRA,1,1,LEVE,0,0
ESPECIAL,1,1,3,AMAZONAS,BAGUA,BAGUA,RURAL,CARRETERA,DEPARTAMENTAL,AM-101,-5.633006,-78.555329,SOLEADO,RURAL,TRAMO RECTO,PLANA ,ASFALTADA,SIN_DATO,SIN_DATO,SIN_DATO,SIN_DATO,EN PROCESO DE INVESTIGACIÓN,NO CUENTA CON CAUSA ESPECIFICA,2021,2,1,0,16,TARDE,SELVA,1,1,LEVE,0,0
DESPISTE,1,0,1,LAMBAYEQUE,LAMBAYEQUE,OLMOS,RURAL,CARRETERA,NACIONAL,PE-04B,-5.960593,-79.672984,DESPEJADO,RURAL,TRAMO RECTO,PLANA ,ASFALTADA,SIN_DATO,SIN_DATO,SIN_DATO,SIN_DATO,EN PROCESO DE INVESTIGACIÓN,NO CUENTA CON CAUSA ESPECIFICA,2021,2,1,0,17,TARDE,COSTA,1,0,LEVE,0,0
CHOQUE,1,0,1,LIMA,LIMA,LINCE,URBANA,AVENIDA,URBANO,NO CORRESPONDE,-12.08513,-77.04855,DESPEJADO,RESIDENCIAL,TRAMO RECTO,PLANA ,ASFALTADA,SIN_DATO,SIN_DATO,SIN_DATO,SIN_DATO,IMPRUDENCIA DEL CONDUCTOR,OTRO (IMPRUDENCIA DEL CONDUCTOR),2021,2,1,0,18,NOCHE,COSTA,1,0,LEVE,0,0
CHOQUE,1,4,2,ICA,NASCA,VISTA ALEGRE,RURAL,CARRETERA,NACIONAL,PE-1S,-14.97386555992674,-74.98803833433065,DESPEJADO,RURAL,CURVA,PLANA ,ASFALTADA,SI,PREVENTIVA (P),INFORMATIVA (I),NO,IMPRUDENCIA DEL CONDUCTOR,INVASIÓN DE CARRIL,2021,2,2,0,6,MAÑANA,COSTA,1,4,GRAVE_LESIONADOS,0,1
CHOQUE FUGA,1,1,2,LAMBAYEQUE,CHICLAYO,PICSI,RURAL,CARRETERA,DEPARTAMENTAL,LA-111,-6.732341,-79.785366,DESPEJADO,RURAL,CURVA,PLANA ,ASFALTADA,SIN_DATO,SIN_DATO,SIN_DATO,SIN_DATO,EN PROCESO DE INVESTIGACIÓN,NO CUENTA CON CAUSA ESPECIFICA,2021,2,2,0,7,MAÑANA,COSTA,1,1,LEVE,0,0
CHOQUE,1,2,1,LORETO,MAYNAS,BELEN,URBANA,AVENIDA,URBANO,NO CORRESPONDE,-3.7657412959985743,-73.26442118723445,SOLEADO,ESCOLAR,TRAMO RECTO,PLANA ,ASFALTADA,SIN_DATO,SIN_DATO,SIN_DATO,SIN_DATO,EN PROCESO DE INVESTIGACIÓN,NO CUENTA CON CAUSA ESPECIFICA,2021,2,2,0,9,MAÑANA,SELVA,1,2,LEVE,0,0
ATROPELLO,1,0,0,LIMA,LIMA,RIMAC,URBANA,AVENIDA,URBANO,NO CORRESPONDE,-12.026901980340384,-77.04017210949648,DESPEJADO,RESIDENCIAL,INTERSECCIÓN,PLANA ,ASFALTADA,SIN_DATO,SIN_DATO,SIN_DATO,SIN_DATO,IMPRUDENCIA DEL PEATÓN,DESACATO DE SEÑAL DE TRÁNSITO,2021,2,2,0,11,MAÑANA,COSTA,1,0,LEVE,0,0
ATROPELLO,1,1,0,PIURA,SULLANA,SULLANA,RURAL,CARRETERA,PROVINCIAL,PI-986,-4.957413,-80.64223,DESPEJADO,RURAL,TRAMO RECTO,PLANA ,AFIRMADO,SIN_DATO,SIN_DATO,SIN_DATO,SIN_DATO,EN PROCESO DE INVESTIGACIÓN,NO CUENTA CON CAUSA ESPECIFICA,2021,2,2,0,13,TARDE,COSTA,1,1,LEVE,0,0
ATROPELLO FUGA,1,2,0,PIURA,PIURA,CASTILLA,RURAL,CARRETERA,NACIONAL,PE-1NJ,-5.1798425,-80.5700802,DESPEJADO,RURAL,TRAMO RECTO,PLANA ,ASFALTADA,SIN_DATO,SIN_DATO,SIN_DATO,SIN_DATO,EN PROCESO DE INVESTIGACIÓN,NO CUENTA CON CAUSA ESPECIFICA,2021,2,2,0,17,TARDE,COSTA,1,2,LEVE,0,0
ATROPELLO,1,0,1,ICA,ICA,ICA,URBANA,AVENIDA,URBANO,NO CORRESPONDE,-14.055739,-75.728511,DESPEJADO,RESIDENCIAL,TRAMO RECTO,PLANA ,ASFALTADA,SIN_DATO,SIN_DATO,SIN_DATO,SIN_DATO,IMPRUDENCIA DEL PEATÓN,CRUCE INDEBIDO POR LA CALZADA,2021,2,2,0,19,NOCHE,COSTA,1,0,LEVE,0,0
ATROPELLO,1,0,1,CAJAMARCA,CAJAMARCA,CAJAMARCA,URBANA,JIRÓN,URBANO,NO CORRESPONDE,-7.13840293,-78.52786045,DESPEJADO,INDUSTRIAL,TRAMO RECTO,INCLINADA,AFIRMADO,SIN_DATO,SIN_DATO,SIN_DATO,SIN_DATO,NEGLIGENCIA DEL CONDUCTOR,OTRO (NEGLIGENCIA DEL CONDUCTOR),2021,2,2,0,19,NOCHE,SIERRA,1,0,LEVE,0,0
ATROPELLO FUGA,1,0,0,LAMBAYEQUE,CHICLAYO,PIMENTEL,RURAL,CARRETERA,NACIONAL,PE-06,-6.833033,-79.926935,DESPEJADO,RESIDENCIAL,TRAMO RECTO,PLANA ,ASFALTADA,SIN_DATO,SIN_DATO,SIN_DATO,SIN_DATO,IMPRUDENCIA DEL CONDUCTOR,EXCESO DE VELOCIDAD,2021,2,2,0,23,NOCHE,COSTA,1,0,LEVE,0,0
DESPISTE,1,1,1,ICA,ICA,SALAS,URBANA,CARRETERA,NACIONAL,PE-1S,-13.923069,-75.993168,DESPEJADO,RURAL,TRAMO RECTO,PLANA ,ASFALTADA,SIN_DATO,SIN_DATO,SIN_DATO,SIN_DATO,IMPRUDENCIA DEL CONDUCTOR,FATIGA Y/O CANSANCIO,2021,2,3,0,0,MADRUGADA,COSTA,1,1,LEVE,0,0
DESPISTE,1,0,0,PUNO,YUNGUYO,YUNGUYO,RURAL,CARRETERA,DEPARTAMENTAL,PU-130,-16.266,-69.08,DESPEJADO,RURAL,CURVA,INCLINADA,ASFALTADA,SI,PREVENTIVA (P),SIN_DATO,SI,IMPRUDENCIA DEL CONDUCTOR,CONDUCIR EN ESTADO DE EBRIEDAD Y/O DROGADICCIÓN,2021,2,3,0,7,MAÑANA,SIERRA,1,0,LEVE,0,0
VOLCADURA,2,0,2,AREQUIPA,CAMANA,QUILCA,RURAL,CARRETERA,NACIONAL,PE-1SD,-16.666286,-72.556992,DESPEJADO,RURAL,CURVA,INCLINADA,ASFALTADA,SI,PREVENTIVA (P),SIN_DATO,SI,IMPRUDENCIA DEL CONDUCTOR,EXCESO DE VELOCIDAD,2021,2,3,0,10,MAÑANA,COSTA,2,0,GRAVE_MORTALIDAD,1,0
VOLCADURA,1,0,1,CUSCO,LA CONVENCION,QUELLOUNO,RURAL,CARRETERA,DEPARTAMENTAL,CU-105,-12.6365227,-72.55693921,NUBLADO,RURAL,CURVA,PLANA ,AFIRMADO,SIN_DATO,SIN_DATO,SIN_DATO,SIN_DATO,NEGLIGENCIA DEL CONDUCTOR,OTRO (NEGLIGENCIA DEL CONDUCTOR),2021,2,3,0,11,MAÑANA,SIERRA,1,0,LEVE,0,0
ATROPELLO,1,0,0,PUNO,SAN ANTONIO DE PUTINA,PUTINA,URBANA,JIRÓN,URBANO,NO CORRESPONDE,-14.913518951915876,-69.86333177050078,LLUVIOSO,RESIDENCIAL,TRAMO RECTO,PLANA ,CONCRETO,SIN_DATO,SIN_DATO,SIN_DATO,SIN_DATO,IMPRUDENCIA DEL PEATÓN,OTRO (IMPRUDENCIA DEL PEATÓN),2021,2,3,0,11,MAÑANA,SIERRA,1,0,LEVE,0,0
CHOQUE CON OBJETO FIJO,1,3,1,LIMA,LIMA,VILLA MARIA DEL TRIUNFO,RURAL,CALLE,URBANO,NO CORRESPONDE,-12.14029,-76.9112,DESPEJADO,RURAL,PASE A DESNIVEL,INCLINADA,AFIRMADO,SIN_DATO,SIN_DATO,SIN_DATO,SIN_DATO,IMPRUDENCIA DEL CONDUCTOR,EXCESO DE VELOCIDAD,2021,2,3,0,15,TARDE,COSTA,1,3,GRAVE_LESIONADOS,0,1
ATROPELLO FUGA,1,0,0,LIMA,LIMA,RIMAC,URBANA,CARRETERA,NACIONAL,PE-1N,-12.043103204032894,-77.02317771163345,DESPEJADO,INDUSTRIAL,TRAMO RECTO,PLANA ,ASFALTADA,SIN_DATO,SIN_DATO,SIN_DATO,SIN_DATO,EN PROCESO DE INVESTIGACIÓN,NO CUENTA CON CAUSA ESPECIFICA,2021,2,3,0,18,NOCHE,COSTA,1,0,LEVE,0,0
ATROPELLO FUGA,1,0,0,PUNO,CHUCUITO,POMATA,RURAL,CARRETERA,NACIONAL,PE-3S,-16.34595052,-69.24282331,DESPEJADO,RURAL,TRAMO RECTO,PLANA ,ASFALTADA,SIN_DATO,SIN_DATO,SIN_DATO,SIN_DATO,IMPRUDENCIA DEL PEATÓN,CRUCE INDEBIDO POR LA CALZADA,2021,2,4,0,3,MADRUGADA,SIERRA,1,0,LEVE,0,0
ATROPELLO FUGA,1,0,0,LAMBAYEQUE,CHICLAYO,JOSE LEONARDO ORTIZ,URBANA,AVENIDA,URBANO,NO CORRESPONDE,-6.7546582,-79.8478185,DESPEJADO,COMERCIAL,TRAMO RECTO,PLANA ,ASFALTADA,SIN_DATO,SIN_DATO,SIN_DATO,SIN_DATO,IMPRUDENCIA DEL CONDUCTOR,CONDUCIR EN SENTIDO CONTRARIO,2021,2,4,0,6,MAÑANA,COSTA,1,0,LEVE,0,0
CHOQUE,1,0,1,CALLAO,CALLAO,CALLAO,URBANA,CARRETERA,NACIONAL,PE-20,-11.959804478406474,-77.12836781252078,DESPEJADO,INDUSTRIAL,TRAMO RECTO,PLANA ,CONCRETO,SIN_DATO,SIN_DATO,SIN_DATO,SIN_DATO,EN PROCESO DE INVESTIGACIÓN,NO CUENTA CON CAUSA ESPECIFICA,2021,2,4,0,8,MAÑANA,COSTA,1,0,LEVE,0,0
DESPISTE,2,2,1,ANCASH,PALLASCA,TAUCA,RURAL,CARRETERA,NACIONAL,PE-3N,-8.449816342225832,-78.02931243646064,DESPEJADO,RURAL,CURVA,INCLINADA,AFIRMADO,SIN_DATO,SIN_DATO,SIN_DATO,SIN_DATO,IMPERICIA DEL CONDUCTOR,SIN_DATO,2021,2,4,0,10,MAÑANA,SIERRA,2,2,GRAVE_MORTALIDAD,1,0
DESPISTE,1,1,1,PUNO,EL COLLAO,CAPAZO,RURAL,CARRETERA,DEPARTAMENTAL,PU-131,-17.183,-69.645,DESPEJADO,RURAL,TRAMO RECTO,PLANA ,TROCHA,SIN_DATO,SIN_DATO,SIN_DATO,SIN_DATO,IMPRUDENCIA DEL CONDUCTOR,OTRO (IMPRUDENCIA DEL CONDUCTOR),2021,2,4,0,16,TARDE,SIERRA,1,1,LEVE,0,0
VOLCADURA,1,0,1,AREQUIPA,CAMANA,SAMUEL PASTOR,RURAL,CARRETERA,PROVINCIAL,AR-541,-16.610207,-72.715164,DESPEJADO,RURAL,TRAMO RECTO,PLANA ,ASFALTADA,SIN_DATO,SIN_DATO,SIN_DATO,SIN_DATO,EN PROCESO DE INVESTIGACIÓN,NO CUENTA CON CAUSA ESPECIFICA,2021,2,4,0,17,TARDE,COSTA,1,0,LEVE,0,0
CHOQUE,1,0,3,CUSCO,CHUMBIVILCAS,QUIÑOTA,RURAL,CARRETERA,NACIONAL,PE-3SG,-14.320065,-72.13885,DESPEJADO,RURAL,TRAMO RECTO,PLANA ,ASFALTADA,SIN_DATO,SIN_DATO,SIN_DATO,SIN_DATO,IMPRUDENCIA DEL CONDUCTOR,EXCESO DE VELOCIDAD,2021,2,4,0,19,NOCHE,SIERRA,1,0,LEVE,0,0
ATROPELLO,2,0,0,LIMA,LIMA,LIMA,URBANA,AVENIDA,URBANO,NO CORRESPONDE,-12.061018898523397,-77.01281365599989,DESPEJADO,COMERCIAL,INTERSECCIÓN,PLANA ,ASFALTADA,SIN_DATO,SIN_DATO,SIN_DATO,SIN_DATO,IMPRUDENCIA DEL CONDUCTOR,EXCESO DE VELOCIDAD,2021,2,4,0,20,NOCHE,COSTA,2,0,GRAVE_MORTALIDAD,1,0
ATROPELLO FUGA,1,0,1,HUANUCO,HUANUCO,AMARILIS,URBANA,CARRETERA,NACIONAL,PE-18A,-9.913444,-76.231121,DESPEJADO,RESIDENCIAL,TRAMO RECTO,PLANA ,ASFALTADA,SIN_DATO,SIN_DATO,SIN_DATO,SIN_DATO,EN PROCESO DE INVESTIGACIÓN,NO CUENTA CON CAUSA ESPECIFICA,2021,2,4,0,21,NOCHE,SIERRA,1,0,LEVE,0,0
DESPISTE,1,1,0,PIURA,PIURA,LA ARENA,RURAL,CARRETERA,NACIONAL,PE-1NK,-5.35371130978209,-80.7164430447336,DESPEJADO,RURAL,CURVA,PLANA ,TROCHA,SIN_DATO,SIN_DATO,SIN_DATO,SIN_DATO,EN PROCESO DE INVESTIGACIÓN,NO CUENTA CON CAUSA ESPECIFICA,2021,2,4,0,22,NOCHE,COSTA,1,1,LEVE,0,0
DESPISTE,1,0,1,HUANUCO,LEONCIO PRADO,CASTILLO GRANDE,URBANA,CARRETERA,PROVINCIAL,HU-556,-9.2972753,-76.0076681,DESPEJADO,COMERCIAL,TRAMO RECTO,PLANA ,ASFALTADA,SIN_DATO,SIN_DATO,SIN_DATO,SIN_DATO,EN PROCESO DE INVESTIGACIÓN,NO CUENTA CON CAUSA ESPECIFICA,2021,2,5,1,5,MADRUGADA,SIERRA,1,0,LEVE,0,0
DESPISTE,1,0,1,HUANUCO,HUANUCO,QUISQUI (KICHKI),RURAL,CARRETERA,NACIONAL,PE-3N,-9.89296941835359,-76.4520505758337,DESPEJADO,RURAL,CURVA,INCLINADA,AFIRMADO,SIN_DATO,SIN_DATO,SIN_DATO,SIN_DATO,IMPRUDENCIA DEL CONDUCTOR,OTRO (IMPRUDENCIA DEL CONDUCTOR),2021,2,5,1,10,MAÑANA,SIERRA,1,0,LEVE,0,0
CHOQUE,1,2,2,LA LIBERTAD,CHEPEN,CHEPEN,RURAL,CALLE,URBANO,NO CORRESPONDE,-7.243284,-79.399869,DESPEJADO,RURAL,TRAMO RECTO,PLANA ,ASFALTADA,SIN_DATO,SIN_DATO,SIN_DATO,SIN_DATO,EN PROCESO DE INVESTIGACIÓN,NO CUENTA CON CAUSA ESPECIFICA,2021,2,5,1,19,NOCHE,COSTA,1,2,LEVE,0,0
ATROPELLO FUGA,1,1,1,PUNO,PUNO,ACORA,RURAL,CARRETERA,NACIONAL,PE-3S,-15.967404649767197,-69.80668923289836,DESPEJADO,RURAL,TRAMO RECTO,PLANA ,ASFALTADA,SIN_DATO,SIN_DATO,SIN_DATO,SIN_DATO,EN PROCESO DE INVESTIGACIÓN,NO CUENTA CON CAUSA ESPECIFICA,2021,2,5,1,21,NOCHE,SIERRA,1,1,LEVE,0,0
DESPISTE,1,0,0,PUNO,CHUCUITO,POMATA,RURAL,CARRETERA,SIN CLASIFICAR,SIN CLASIFICAR,-16.267506795376008,-69.29679018408967,DESPEJADO,RURAL,CURVA,PLANA ,TROCHA,SIN_DATO,SIN_DATO,SIN_DATO,SIN_DATO,IMPRUDENCIA DEL CONDUCTOR,EXCESO DE VELOCIDAD,2021,2,5,1,23,NOCHE,SIERRA,1,0,LEVE,0,0
DESPISTE,1,1,1,PIURA,MORROPON,SALITRAL,RURAL,CARRETERA,NACIONAL,PE-02A,-5.371868812921817,-79.820396398911,DESPEJADO,RURAL,TRAMO RECTO,PLANA ,ASFALTADA,SIN_DATO,SIN_DATO,SIN_DATO,SIN_DATO,EN PROCESO DE INVESTIGACIÓN,NO CUENTA CON CAUSA ESPECIFICA,2021,2,6,1,19,NOCHE,COSTA,1,1,LEVE,0,0
CHOQUE,1,2,2,PIURA,PIURA,VEINTISEIS DE OCTUBRE,RURAL,CARRETERA,NACIONAL,PE-1N,-5.160125,-80.693127,DESPEJADO,RURAL,TRAMO RECTO,PLANA ,ASFALTADA,SI,REGULADORA (R),SIN_DATO,NO,IMPRUDENCIA DEL CONDUCTOR,CONDUCIR EN ESTADO DE EBRIEDAD Y/O DROGADICCIÓN,2021,2,6,1,20,NOCHE,COSTA,1,2,LEVE,0,0
VOLCADURA,1,0,1,PIURA,SULLANA,QUERECOTILLO,RURAL,CARRETERA,NACIONAL,PE-1NN,-4.807883,-80.623159,DESPEJADO,RURAL,TRAMO RECTO,PLANA ,ASFALTADA,SIN_DATO,SIN_DATO,SIN_DATO,SIN_DATO,EN PROCESO DE INVESTIGACIÓN,NO CUENTA CON CAUSA ESPECIFICA,2021,2,6,1,20,NOCHE,COSTA,1,0,LEVE,0,0
DESPISTE,1,0,1,PIURA,SULLANA,QUERECOTILLO,RURAL,CARRETERA,NACIONAL,PE-1NN,-4.7495287,-80.5879604,DESPEJADO,RURAL,TRAMO RECTO,PLANA ,ASFALTADA,SIN_DATO,SIN_DATO,SIN_DATO,SIN_DATO,EN PROCESO DE INVESTIGACIÓN,NO CUENTA CON CAUSA ESPECIFICA,2021,2,6,1,20,NOCHE,COSTA,1,0,LEVE,0,0
CHOQUE CON OBJETO FIJO,1,0,0,LIMA,LIMA,MAGDALENA DEL MAR,URBANA,OTRO,URBANO,NO CORRESPONDE,-12.096810104208997,-77.0752579074752,SOLEADO,RURAL,TRAMO RECTO,PLANA ,ASFALTADA,SIN_DATO,SIN_DATO,SIN_DATO,SIN_DATO,EN PROCESO DE INVESTIGACIÓN,NO CUENTA CON CAUSA ESPECIFICA,2021,2,6,1,21,NOCHE,COSTA,1,0,LEVE,0,0
CHOQUE,3,2,3,LA LIBERTAD,PACASMAYO,SAN PEDRO DE LLOC,RURAL,CARRETERA,NACIONAL,PE-1N,-7.434894,-79.50161,DESPEJADO,RURAL,TRAMO RECTO,PLANA ,ASFALTADA,SIN_DATO,SIN_DATO,SIN_DATO,SIN_DATO,IMPRUDENCIA DEL CONDUCTOR,CONDUCIR EN ESTADO DE EBRIEDAD Y/O DROGADICCIÓN,2021,2,6,1,23,NOCHE,COSTA,3,2,GRAVE_MORTALIDAD,1,0
ATROPELLO FUGA,1,0,0,ANCASH,SANTA,NUEVO CHIMBOTE,URBANA,CARRETERA,NACIONAL,PE-1N,-9.15415057421513,-78.50331610768579,DESPEJADO,RESIDENCIAL,TRAMO RECTO,PLANA ,ASFALTADA,SIN_DATO,SIN_DATO,SIN_DATO,SIN_DATO,EN PROCESO DE INVESTIGACIÓN,NO CUENTA CON CAUSA ESPECIFICA,2021,2,0,0,6,MAÑANA,SIERRA,1,0,LEVE,0,0
VOLCADURA,1,0,0,LIMA,LIMA,INDEPENDENCIA,URBANA,CARRETERA,NACIONAL,PE-1N,-11.988294226428462,-77.06414607991313,DESPEJADO,COMERCIAL,INTERSECCIÓN,PLANA ,ASFALTADA,SIN_DATO,SIN_DATO,SIN_DATO,SIN_DATO,IMPRUDENCIA DEL CONDUCTOR,EXCESO DE VELOCIDAD,2021,2,0,0,7,MAÑANA,COSTA,1,0,LEVE,0,0
ATROPELLO,1,0,1,PUNO,SAN ROMAN,JULIACA,URBANA,AVENIDA,URBANO,NO CORRESPONDE,-15.492512,-70.116788,DESPEJADO,RESIDENCIAL,TRAMO RECTO,PLANA ,CONCRETO,NO,SIN_DATO,SIN_DATO,SI,IMPRUDENCIA DEL PEATÓN,CRUCE INDEBIDO POR LA CALZADA,2021,2,0,0,7,MAÑANA,SIERRA,1,0,LEVE,0,0
ATROPELLO,1,0,1,LAMBAYEQUE,CHICLAYO,LA VICTORIA,URBANA,CARRETERA,NACIONAL,PE-1N,-6.802063778798723,-79.84676677752996,DESPEJADO,RESIDENCIAL,INTERSECCIÓN,PLANA ,ASFALTADA,SI,REGULADORA (R),PREVENTIVA (P),NO,EN PROCESO DE INVESTIGACIÓN,NO CUENTA CON CAUSA ESPECIFICA,2021,2,0,0,8,MAÑANA,COSTA,1,0,LEVE,0,0
DESPISTE,1,2,1,APURIMAC,GRAU,GAMARRA,RURAL,CARRETERA,PROVINCIAL,AP-906,-13.902034194238322,-72.53300183276687,DESPEJADO,RURAL,CURVA,PLANA ,TROCHA,SIN_DATO,SIN_DATO,SIN_DATO,SIN_DATO,IMPRUDENCIA DEL CONDUCTOR,CONDUCIR EN ESTADO DE EBRIEDAD Y/O DROGADICCIÓN,2021,2,0,0,14,TARDE,SIERRA,1,2,LEVE,0,0
DESPISTE,1,0,2,LIMA,HUAURA,HUAURA,URBANA,CARRETERA,NACIONAL,PE-1NE,-11.062979683742768,-77.5774509197476,DESPEJADO,RURAL,TRAMO RECTO,PLANA ,ASFALTADA,SIN_DATO,SIN_DATO,SIN_DATO,SIN_DATO,EN PROCESO DE INVESTIGACIÓN,NO CUENTA CON CAUSA ESPECIFICA,2021,2,0,0,14,TARDE,COSTA,1,0,LEVE,0,0
CHOQUE,1,0,2,PIURA,PIURA,VEINTISEIS DE OCTUBRE,URBANA,AVENIDA,URBANO,NO CORRESPONDE,-5.1761019142593,-80.6619739068756,DESPEJADO,ESCOLAR,INTERSECCIÓN,PLANA ,CONCRETO,SI,PREVENTIVA (P),PREVENTIVA (P),SI,EN PROCESO DE INVESTIGACIÓN,NO CUENTA CON CAUSA ESPECIFICA,2021,2,0,0,16,TARDE,COSTA,1,0,LEVE,0,0
CHOQUE,1,1,2,LA LIBERTAD,GRAN CHIMU,CASCAS,RURAL,CARRETERA,NACIONAL,PE-1NF,-7.530991,-78.806241,DESPEJADO,RURAL,TRAMO RECTO,PLANA ,ASFALTADA,SIN_DATO,SIN_DATO,SIN_DATO,SIN_DATO,IMPRUDENCIA DEL CONDUCTOR,CONDUCIR EN ESTADO DE EBRIEDAD Y/O DROGADICCIÓN,2021,2,1,0,7,MAÑANA,COSTA,1,1,LEVE,0,0
DESPISTE,1,0,1,LAMBAYEQUE,CHICLAYO,LA VICTORIA,URBANA,CARRETERA,NACIONAL,PE-1N,-6.8379207,-79.8293674,DESPEJADO,RESIDENCIAL,TRAMO RECTO,PLANA ,ASFALTADA,SIN_DATO,SIN_DATO,SIN_DATO,SIN_DATO,EN PROCESO DE INVESTIGACIÓN,NO CUENTA CON CAUSA ESPECIFICA,2021,2,1,0,11,MAÑANA,COSTA,1,0,LEVE,0,0
ATROPELLO,1,0,1,LA LIBERTAD,TRUJILLO,TRUJILLO,URBANA,AVENIDA,URBANO,NO CORRESPONDE,-8.112031,-79.032938,DESPEJADO,COMERCIAL,INTERSECCIÓN,PLANA ,ASFALTADA,SIN_DATO,SIN_DATO,SIN_DATO,SIN_DATO,IMPRUDENCIA DEL PEATÓN,CRUCE INDEBIDO POR LA CALZADA,2021,2,1,0,14,TARDE,COSTA,1,0,LEVE,0,0
DESPISTE,1,0,1,CALLAO,CALLAO,CALLAO,URBANA,CARRETERA,NACIONAL,PE-20I,-12.050285363986184,-77.11806391190329,DESPEJADO,RESIDENCIAL,TRAMO RECTO,PLANA ,CONCRETO,SIN_DATO,SIN_DATO,SIN_DATO,SIN_DATO,EN PROCESO DE INVESTIGACIÓN,NO CUENTA CON CAUSA ESPECIFICA,2021,2,1,0,17,TARDE,COSTA,1,0,LEVE,0,0
ATROPELLO FUGA,1,0,1,ANCASH,SANTA,SAMANCO,RURAL,CARRETERA,NACIONAL,PE-1N,-9.251160715910917,-78.4393731434623,DESPEJADO,RURAL,TRAMO RECTO,PLANA ,ASFALTADA,SIN_DATO,SIN_DATO,SIN_DATO,SIN_DATO,EN PROCESO DE INVESTIGACIÓN,NO CUENTA CON CAUSA ESPECIFICA,2021,2,1,0,20,NOCHE,SIERRA,1,0,LEVE,0,0
ATROPELLO FUGA,1,0,0,LIMA,LIMA,SANTA ANITA,URBANA,CARRETERA,NACIONAL,PE-1N,-12.057,-76.974,DESPEJADO,RESIDENCIAL,TRAMO RECTO,PLANA ,ASFALTADA,SIN_DATO,SIN_DATO,SIN_DATO,SIN_DATO,EN PROCESO DE INVESTIGACIÓN,NO CUENTA CON CAUSA ESPECIFICA,2021,2,1,0,21,NOCHE,COSTA,1,0,LEVE,0,0
CHOQUE,1,1,2,LA LIBERTAD,ASCOPE,CHICAMA,RURAL,CARRETERA,NACIONAL,PE-1NF,-7.838814,-79.152311,DESPEJADO,RURAL,TRAMO RECTO,PLANA ,ASFALTADA,SIN_DATO,SIN_DATO,SIN_DATO,SIN_DATO,IMPRUDENCIA DEL CONDUCTOR,FATIGA Y/O CANSANCIO,2021,2,2,0,5,MADRUGADA,COSTA,1,1,LEVE,0,0