CLASE SINIESTRO,CANTIDAD DE FALLECIDOS,CANTIDAD DE LESIONADOS,CANTIDAD DE VEHICULOS DAÑADOS,DEPARTAMENTO,PROVINCIA,DISTRITO,ZONA,TIPO DE VÍA,RED VIAL,COD CARRETERA,COORDENADAS LATITUD,COORDENADAS  LONGITUD,CONDICIÓN CLIMÁTICA,ZONIFICACIÓN,CARACTERÍSTICAS DE VÍA,PERFIL LONGITUDINAL VÍA,SUPERFICIE DE CALZADA,¿EXISTE SEÑAL VERTICAL?,CLASIFICACIÓN DE LA SEÑAL VERTICAL Nº 1,CLASIFICACIÓN DE LA SEÑAL VERTICAL Nº 2,¿EXISTE SEÑAL HORIZONTAL?,CAUSA FACTOR PRINCIPAL,CAUSA ESPECÍFICA,AÑO,MES,DIA_SEMANA,ES_FIN_SEMANA,HORA_NUM,FRANJA_HORARIA,REGION_NATURAL,FALLECIDOS,LESIONADOS,CATEGORIA_SEVERIDAD,MORTALIDAD_MULTIPLE,LESION_MULTIPLE
ESPECIAL,1,0,0,MOQUEGUA,MARISCAL NIETO,MOQUEGUA,RURAL,OTRO,URBANO,NO CORRESPONDE,-17.203995,-70.895577,SOLEADO,RURAL,TRAMO RECTO,PLANA ,TROCHA,SIN_DATO,SIN_DATO,SIN_DATO,SIN_DATO,IMPRUDENCIA DEL PEATÓN,OTRO (IMPRUDENCIA DEL PEATÓN),2021,2,2,0,7,MAÑANA,COSTA,1,0,LEVE,0,0
CHOQUE,1,0,2,LIMA,LIMA,RIMAC,URBANA,AVENIDA,URBANO,NO CORRESPONDE,-12.034806871808192,-77.02985840706565,DESPEJADO,RESIDENCIAL,INTERSECCIÓN,PLANA ,ASFALTADA,SIN_DATO,SIN_DATO,SIN_DATO,SIN_DATO,EN PROCESO DE INVESTIGACIÓN,NO CUENTA CON CAUSA ESPECIFICA,2021,2,2,0,8,MAÑANA,COSTA,1,0,LEVE,0,0
CHOQUE,1,0,2,PUNO,SAN ROMAN,CABANILLAS,RURAL,CARRETERA,DEPARTAMENTAL,PU-124,-15.43385,-70.2663,DESPEJADO,RURAL,TRAMO RECTO,PLANA ,ASFALTADA,SI,PREVENTIVA (P),INFORMATIVA (I),SI,IMPRUDENCIA DEL CONDUCTOR,INVASIÓN DE CARRIL,2021,2,2,0,12,TARDE,SIERRA,1,0,LEVE,0,0
CHOQUE,1,0,2,AREQUIPA,ISLAY,DEAN VALDIVIA,RURAL,CARRETERA,NACIONAL,PE-1SD,-17.122811,-71.887054,DESPEJADO,RURAL,TRAMO RECTO,PLANA ,ASFALTADA,NO,SIN_DATO,SIN_DATO,SI,IMPRUDENCIA DEL CONDUCTOR,EXCESO DE VELOCIDAD,2021,2,2,0,19,NOCHE,COSTA,1,0,LEVE,0,0
CHOQUE,1,0,2,TACNA,TACNA,TACNA,RURAL,CARRETERA,NACIONAL,PE-1S,-17.979841,-70.282731,DESPEJADO,RURAL,TRAMO RECTO,PLANA ,ASFALTADA,SI,REGULADORA (R),INFORMATIVA (I),NO,IMPRUDENCIA DEL CONDUCTOR,INVASIÓN DE CARRIL,2021,2,2,0,19,NOCHE,COSTA,1,0,LEVE,0,0
ATROPELLO,1,0,0,CUSCO,LA CONVENCION,QUELLOUNO,URBANA,JIRÓN,URBANO,NO CORRESPONDE,-12.514535130645434,-72.41194327228267,DESPEJADO,RESIDENCIAL,INTERSECCIÓN,PLANA ,ASFALTADA,SIN_DATO,SIN_DATO,SIN_DATO,SIN_DATO,IMPRUDENCIA DEL CONDUCTOR,EXCESO DE VELOCIDAD,2021,2,2,0,19,NOCHE,SIERRA,1,0,LEVE,0,0
CHOQUE,1,1,2,LIMA,HUARAL,CHANCAY,URBANA,CARRETERA,NACIONAL,PE-1N,-11.598373816167577,-77.25110706721921,DESPEJADO,RURAL,TRAMO RECTO,PLANA ,ASFALTADA,SI,REGULADORA (R),PREVENTIVA (P),NO,EN PROCESO DE INVESTIGACIÓN,NO CUENTA CON CAUSA ESPECIFICA,2021,2,3,0,5,MADRUGADA,COSTA,1,1,LEVE,0,0
CHOQUE FUGA,1,0,1,LA LIBERTAD,ASCOPE,PAIJAN,RURAL,CARRETERA,NACIONAL,PE-1N,-7.704619,-79.314822,DESPEJADO,RURAL,TRAMO RECTO,PLANA ,ASFALTADA,SIN_DATO,SIN_DATO,SIN_DATO,SIN_DATO,IMPRUDENCIA DEL CONDUCTOR,OTRO (IMPRUDENCIA DEL CONDUCTOR),2021,2,3,0,7,MAÑANA,COSTA,1,0,LEVE,0,0
DESPISTE,2,1,1,MOQUEGUA,MARISCAL NIETO,SAN CRISTOBAL,RURAL,CARRETERA,PROVINCIAL,MO-528,-16.664125,-70.734802,DESPEJADO,RURAL,SINUOSA,INCLINADA,TROCHA,SIN_DATO,SIN_DATO,SIN_DATO,SIN_DATO,IMPRUDENCIA DEL CONDUCTOR,FATIGA Y/O CANSANCIO,2021,2,3,0,12,TARDE,COSTA,2,1,GRAVE_MORTALIDAD,1,0
CHOQUE,1,0,2,MOQUEGUA,MARISCAL NIETO,MOQUEGUA,RURAL,CARRETERA,NACIONAL,PE-1S,-17.20612,-71.386858,DESPEJADO,RURAL,TRAMO RECTO,PLANA ,ASFALTADA,SIN_DATO,SIN_DATO,SIN_DATO,SIN_DATO,IMPRUDENCIA DEL CONDUCTOR,OTRO (IMPRUDENCIA DEL CONDUCTOR),2021,2,4,0,5,MADRUGADA,COSTA,1,0,LEVE,0,0
ATROPELLO,1,0,0,LIMA,LIMA,SAN JUAN DE MIRAFLORES,URBANA,AVENIDA,URBANO,NO CORRESPONDE,-12.162491,-76.962732,DESPEJADO,RESIDENCIAL,TRAMO RECTO,PLANA ,ASFALTADA,SIN_DATO,SIN_DATO,SIN_DATO,SIN_DATO,IMPRUDENCIA DEL CONDUCTOR,OTRO (IMPRUDENCIA DEL CONDUCTOR),2021,2,4,0,7,MAÑANA,COSTA,1,0,LEVE,0,0
ATROPELLO,1,1,0,JUNIN,JAUJA,LEONOR ORDOÑEZ,URBANA,CARRETERA,NACIONAL,PE-3SB,-11.8616999,-75.41395513,DESPEJADO,RURAL,INTERSECCIÓN,INCLINADA,ASFALTADA,SI,REGULADORA (R),SIN_DATO,SI,EN PROCESO DE INVESTIGACIÓN,NO CUENTA CON CAUSA ESPECIFICA,2021,2,4,0,17,TARDE,SIERRA,1,1,LEVE,0,0
VOLCADURA,1,0,2,ICA,ICA,ICA,URBANA,CARRETERA,NACIONAL,PE-1S,-14.063037153649963,-75.74121214851782,DESPEJADO,RESIDENCIAL,TRAMO RECTO,PLANA ,ASFALTADA,SIN_DATO,SIN_DATO,SIN_DATO,SIN_DATO,IMPRUDENCIA DEL CONDUCTOR,EXCESO DE VELOCIDAD,2021,2,5,1,4,MADRUGADA,COSTA,1,0,LEVE,0,0
DESPISTE,1,0,1,ICA,PISCO,HUMAY,RURAL,CARRETERA,NACIONAL,PE-28A,-13.733104,-75.923859,DESPEJADO,RURAL,TRAMO RECTO,PLANA ,ASFALTADA,SIN_DATO,SIN_DATO,SIN_DATO,SIN_DATO,IMPRUDENCIA DEL CONDUCTOR,FATIGA Y/O CANSANCIO,2021,2,5,1,7,MAÑANA,COSTA,1,0,LEVE,0,0
DESPISTE,1,0,2,ICA,ICA,SANTIAGO,RURAL,CARRETERA,NACIONAL,PE-1S,-14.1786410782402,-75.71557504710242,DESPEJADO,RURAL,TRAMO RECTO,PLANA ,ASFALTADA,SIN_DATO,SIN_DATO,SIN_DATO,SIN_DATO,IMPRUDENCIA DEL CONDUCTOR,EXCESO DE VELOCIDAD,2021,2,5,1,7,MAÑANA,COSTA,1,0,LEVE,0,0
CHOQUE,1,0,2,LAMBAYEQUE,LAMBAYEQUE,OLMOS,URBANA,CARRETERA,NACIONAL,PE-1NJ,-5.9863394,-79.7392495,DESPEJADO,COMERCIAL,TRAMO RECTO,PLANA ,ASFALTADA,SI,PREVENTIVA (P),REGULADORA (R),SI,EN PROCESO DE INVESTIGACIÓN,NO CUENTA CON CAUSA ESPECIFICA,2021,2,5,1,9,MAÑANA,COSTA,1,0,LEVE,0,0
ATROPELLO,1,0,0,LIMA,LIMA,EL AGUSTINO,URBANA,CARRETERA,NACIONAL,PE-1N,-12.032477409451634,-76.99107365892452,SOLEADO,RESIDENCIAL,TRAMO RECTO,PLANA ,ASFALTADA,SIN_DATO,SIN_DATO,SIN_DATO,SIN_DATO,EN PROCESO DE INVESTIGACIÓN,NO CUENTA CON CAUSA ESPECIFICA,2021,2,5,1,12,TARDE,COSTA,1,0,LEVE,0,0
ESPECIAL,1,0,1,CAJAMARCA,SAN MARCOS,GREGORIO PITA,URBANA,CALLE,URBANO,NO CORRESPONDE,-7.273584,-78.159523,DESPEJADO,ESCOLAR,TRAMO RECTO,INCLINADA,CONCRETO,SIN_DATO,SIN_DATO,SIN_DATO,SIN_DATO,NEGLIGENCIA DEL CONDUCTOR,OTRO (NEGLIGENCIA DEL CONDUCTOR),2021,2,5,1,15,TARDE,SIERRA,1,0,LEVE,0,0
CHOQUE,1,0,0,JUNIN,JAUJA,CURICACA,URBANA,CARRETERA,NACIONAL,PE-3S,-11.8143497,-75.61393633,LLUVIOSO,RESIDENCIAL,CURVA,INCLINADA,ASFALTADA,SI,REGULADORA (R),INFORMATIVA (I),NO,EN PROCESO DE INVESTIGACIÓN,NO CUENTA CON CAUSA ESPECIFICA,2021,2,5,1,16,TARDE,SIERRA,1,0,LEVE,0,0
CHOQUE,1,3,3,PUNO,LAMPA,CALAPUJA,RURAL,CARRETERA,NACIONAL,PE-34B,-15.2779016,-70.2241947,DESPEJADO,RURAL,TRAMO RECTO,PLANA ,ASFALTADA,SI,REGULADORA (R),INFORMATIVA (I),SI,IMPRUDENCIA DEL CONDUCTOR,DESACATO DE SEÑAL DE TRÁNSITO,2021,2,5,1,20,NOCHE,SIERRA,1,3,GRAVE_LESIONADOS,0,1
DESPISTE,1,0,1,LIMA,LIMA,CARABAYLLO,URBANA,JIRÓN,URBANO,NO CORRESPONDE,-11.889978,-77.02457,DESPEJADO,RESIDENCIAL,TRAMO RECTO,INCLINADA,ASFALTADA,SIN_DATO,SIN_DATO,SIN_DATO,SIN_DATO,IMPRUDENCIA DEL CONDUCTOR,CONDUCIR EN ESTADO DE EBRIEDAD Y/O DROGADICCIÓN,2021,2,5,1,22,NOCHE,COSTA,1,0,LEVE,0,0
CHOQUE,4,1,2,TUMBES,CONTRALMIRANTE VILLAR,CANOAS DE PUNTA SAL,RURAL,CARRETERA,NACIONAL,PE-1N,-4.053658966728172,-80.95568770884869,DESPEJADO,RURAL,CURVA,PLANA ,ASFALTADA,SI,PREVENTIVA (P),PREVENTIVA (P),SI,IMPRUDENCIA DEL CONDUCTOR,INVASIÓN DE CARRIL,2021,2,5,1,23,NOCHE,COSTA,4,1,GRAVE_MORTALIDAD,1,0
DESPISTE,1,0,1,PIURA,SULLANA,SULLANA,RURAL,CARRETERA,NACIONAL,PE-1N,-4.916857978078274,-80.69707447355155,DESPEJADO,INDUSTRIAL,TRAMO RECTO,PLANA ,ASFALTADA,SI,PREVENTIVA (P),REGULADORA (R),NO,EN PROCESO DE INVESTIGACIÓN,NO CUENTA CON CAUSA ESPECIFICA,2021,2,6,1,4,MADRUGADA,COSTA,1,0,LEVE,0,0
DESPISTE,2,0,1,LA LIBERTAD,SANTIAGO DE CHUCO,SITABAMBA,RURAL,CARRETERA,DEPARTAMENTAL,LI-115,-8.017236,-77.7588,DESPEJADO,RURAL,TRAMO RECTO,PLANA ,AFIRMADO,SIN_DATO,SIN_DATO,SIN_DATO,SIN_DATO,IMPRUDENCIA DEL CONDUCTOR,OTRO (IMPRUDENCIA DEL CONDUCTOR),2021,2,6,1,4,MADRUGADA,COSTA,2,0,GRAVE_MORTALIDAD,1,0
ATROPELLO FUGA,1,0,1,LA LIBERTAD,TRUJILLO,SALAVERRY,RURAL,CARRETERA,NACIONAL,PE-1N,-8.283801,-78.91814,DESPEJADO,RURAL,TRAMO RECTO,PLANA ,ASFALTADA,SIN_DATO,SIN_DATO,SIN_DATO,SIN_DATO,IMPRUDENCIA DEL CONDUCTOR,EXCESO DE VELOCIDAD,2021,2,6,1,5,MADRUGADA,COSTA,1,0,LEVE,0,0
CHOQUE FUGA,1,2,2,LA LIBERTAD,VIRU,CHAO,RURAL,CARRETERA,PROVINCIAL,LI-1208,-8.54778,-78.678269,DESPEJADO,RURAL,TRAMO RECTO,PLANA ,ASFALTADA,SIN_DATO,SIN_DATO,SIN_DATO,SIN_DATO,EN PROCESO DE INVESTIGACIÓN,NO CUENTA CON CAUSA ESPECIFICA,2021,2,6,1,20,NOCHE,COSTA,1,2,LEVE,0,0
ATROPELLO,1,0,1,LA LIBERTAD,TRUJILLO,FLORENCIA DE MORA,URBANA,CALLE,URBANO,NO CORRESPONDE,-8.088921,-79.026501,DESPEJADO,COMERCIAL,TRAMO RECTO,PLANA ,ASFALTADA,SIN_DATO,SIN_DATO,SIN_DATO,SIN_DATO,IMPRUDENCIA DEL CONDUCTOR,CONDUCIR EN ESTADO DE EBRIEDAD Y/O DROGADICCIÓN,2021,2,6,1,21,NOCHE,COSTA,1,0,LEVE,0,0
ATROPELLO,2,0,1,PUNO,SAN ROMAN,SAN MIGUEL,URBANA,CARRETERA,NACIONAL,PE-3S,-15.466583,-70.138198,DESPEJADO,INDUSTRIAL,TRAMO RECTO,PLANA ,ASFALTADA,SI,REGULADORA (R),PREVENTIVA (P),SI,IMPRUDENCIA DEL CONDUCTOR,EXCESO DE VELOCIDAD,2021,2,6,1,21,NOCHE,SIERRA,2,0,GRAVE_MORTALIDAD,1,0
CHOQUE,1,1,2,LA LIBERTAD,TRUJILLO,LAREDO,RURAL,CARRETERA,NACIONAL,PE-10A,-8.048596,-78.849761,DESPEJADO,RURAL,TRAMO RECTO,PLANA ,ASFALTADA,SIN_DATO,SIN_DATO,SIN_DATO,SIN_DATO,IMPRUDENCIA DEL CONDUCTOR,CONDUCIR EN ESTADO DE EBRIEDAD Y/O DROGADICCIÓN,2021,2,6,1,21,NOCHE,COSTA,1,1,LEVE,0,0
DESPISTE,2,1,1,AREQUIPA,AREQUIPA,MARIANO MELGAR,RURAL,CARRETERA,SIN CLASIFICAR,SIN CLASIFICAR,-16.387007,-71.457041,DESPEJADO,RURAL,OTRO,INCLINADA,TROCHA,SIN_DATO,SIN_DATO,SIN_DATO,SIN_DATO,NEGLIGENCIA DEL CONDUCTOR,OTRO (NEGLIGENCIA DEL CONDUCTOR),2021,2,6,1,23,NOCHE,COSTA,2,1,GRAVE_MORTALIDAD,1,0
ATROPELLO,1,0,1,LIMA,HUARAL,CHANCAY,URBANA,CARRETERA,NACIONAL,PE-1N,-11.53777846548452,-77.2829764573073,DESPEJADO,RURAL,TRAMO RECTO,PLANA ,ASFALTADA,SIN_DATO,SIN_DATO,SIN_DATO,SIN_DATO,IMPRUDENCIA DEL PEATÓN,CRUCE INDEBIDO POR LA CALZADA,2021,3,0,0,5,MADRUGADA,COSTA,1,0,LEVE,0,0
CAÍDA DE PASAJERO,1,0,0,LIMA,LIMA,INDEPENDENCIA,URBANA,AVENIDA,URBANO,NO CORRESPONDE,-11.9969,-77.0544,DESPEJADO,COMERCIAL,TRAMO RECTO,PLANA ,ASFALTADA,SIN_DATO,SIN_DATO,SIN_DATO,SIN_DATO,EN PROCESO DE INVESTIGACIÓN,NO CUENTA CON CAUSA ESPECIFICA,2021,3,0,0,8,MAÑANA,COSTA,1,0,LEVE,0,0
ATROPELLO,1,0,1,PUNO,YUNGUYO,YUNGUYO,RURAL,CARRETERA,DEPARTAMENTAL,PU-130,-16.30911252,-69.06047903,DESPEJADO,RURAL,TRAMO RECTO,PLANA ,ASFALTADA,SIN_DATO,SIN_DATO,SIN_DATO,SIN_DATO,IMPRUDENCIA DEL CONDUCTOR,EXCESO DE VELOCIDAD,2021,3,0,0,8,MAÑANA,SIERRA,1,0,LEVE,0,0
DESPISTE,1,0,1,JUNIN,TARMA,SAN PEDRO DE CAJAS,RURAL,CARRETERA,PROVINCIAL,JU-548,-11.16358188421908,-75.8564661443685,DESPEJADO,RURAL,TRAMO RECTO,INCLINADA,TROCHA,SIN_DATO,SIN_DATO,SIN_DATO,SIN_DATO,IMPRUDENCIA DEL CONDUCTOR,CONDUCIR EN ESTADO DE EBRIEDAD Y/O DROGADICCIÓN,2021,3,0,0,15,TARDE,SIERRA,1,0,LEVE,0,0
CHOQUE,1,0,2,SAN MARTIN,LAMAS,BARRANQUITA,RURAL,CARRETERA,DEPARTAMENTAL,SM-105,-6.21662,-75.99639,DESPEJADO,RURAL,TRAMO RECTO,PLANA ,ASFALTADA,SIN_DATO,SIN_DATO,SIN_DATO,SIN_DATO,IMPRUDENCIA DEL CONDUCTOR,CONDUCIR EN ESTADO DE EBRIEDAD Y/O DROGADICCIÓN,2021,3,0,0,19,NOCHE,SELVA,1,0,LEVE,0,0
DESPISTE,1,1,1,HUANCAVELICA,HUAYTARA,PILPICHACA,RURAL,CARRETERA,NACIONAL,PE-28A,-13.450225,-74.983666,NUBLADO,RURAL,TRAMO RECTO,INCLINADA,ASFALTADA,SIN_DATO,SIN_DATO,SIN_DATO,SIN_DATO,IMPRUDENCIA DEL CONDUCTOR,FATIGA Y/O CANSANCIO,2021,3,1,0,2,MADRUGADA,SIERRA,1,1,LEVE,0,0
DESPISTE,1,2,1,ICA,PISCO,SAN CLEMENTE,RURAL,CARRETERA,NACIONAL,PE-1S,-13.630134,-76.152208,DESPEJADO,RURAL,TRAMO RECTO,PLANA ,ASFALTADA,SIN_DATO,SIN_DATO,SIN_DATO,SIN_DATO,IMPRUDENCIA DEL CONDUCTOR,FATIGA Y/O CANSANCIO,2021,3,1,0,5,MADRUGADA,COSTA,1,2,LEVE,0,0
CHOQUE,4,0,2,CUSCO,QUISPICANCHI,OCONGATE,RURAL,CARRETERA,NACIONAL,PE-30C,-13.652514,-71.305902,DESPEJADO,RURAL,CURVA,PLANA ,ASFALTADA,SI,PREVENTIVA (P),INFORMATIVA (I),NO,IMPRUDENCIA DEL CONDUCTOR,INVASIÓN DE CARRIL,2021,3,1,0,7,MAÑANA,SIERRA,4,0,GRAVE_MORTALIDAD,1,0
DESPISTE,1,0,1,LA LIBERTAD,SANCHEZ CARRION,HUAMACHUCO,RURAL,CARRETERA,NACIONAL,PE-3N,-7.915461,-78.14592,DESPEJADO,RURAL,CURVA,PLANA ,ASFALTADA,SIN_DATO,SIN_DATO,SIN_DATO,SIN_DATO,EN PROCESO DE INVESTIGACIÓN,NO CUENTA CON CAUSA ESPECIFICA,2021,3,1,0,13,TARDE,COSTA,1,0,LEVE,0,0
DESPISTE,1,4,1,CAJAMARCA,CELENDIN,SOROCHUCO,RURAL,CARRETERA,PROVINCIAL,CA-1024,-6.91790623,-78.2523829,LLUVIOSO,RURAL,CURVA,INCLINADA,AFIRMADO,SIN_DATO,SIN_DATO,SIN_DATO,SIN_DATO,IMPRUDENCIA DEL CONDUCTOR,CONDUCIR EN ESTADO DE EBRIEDAD Y/O DROGADICCIÓN,2021,3,1,0,21,NOCHE,SIERRA,1,4,GRAVE_LESIONADOS,0,1
CHOQUE,1,1,2,ANCASH,RECUAY,CATAC,RURAL,CARRETERA,NACIONAL,PE-3N,-9.859137723842816,-77.40590948703202,DESPEJADO,RURAL,CURVA,PLANA ,ASFALTADA,SIN_DATO,SIN_DATO,SIN_DATO,SIN_DATO,IMPRUDENCIA DEL CONDUCTOR,FATIGA Y/O CANSANCIO,2021,3,2,0,7,MAÑANA,SIERRA,1,1,LEVE,0,0
DESPISTE,2,0,1,PIURA,AYABACA,SAPILLICA,RURAL,CARRETERA,PROVINCIAL,PI-745,-4.767575262701006,-80.03604948149277,DESPEJADO,RURAL,TRAMO RECTO,PLANA ,AFIRMADO,SIN_DATO,SIN_DATO,SIN_DATO,SIN_DATO,IMPRUDENCIA DEL CONDUCTOR,OTRO (IMPRUDENCIA DEL CONDUCTOR),2021,3,2,0,15,TARDE,COSTA,2,0,GRAVE_MORTALIDAD,1,0
ATROPELLO,1,0,0,LORETO,MAYNAS,BELEN,URBANA,CALLE,URBANO,NO CORRESPONDE,-3.760023,-73.248444,SOLEADO,COMERCIAL,TRAMO RECTO,PLANA ,ASFALTADA,SIN_DATO,SIN_DATO,SIN_DATO,SIN_DATO,IMPRUDENCIA DEL PEATÓN,CRUCE INDEBIDO POR LA CALZADA,2021,3,2,0,16,TARDE,SELVA,1,0,LEVE,0,0
CHOQUE,1,2,0,SAN MARTIN,PICOTA,PICOTA,RURAL,CARRETERA,NACIONAL,PE-5N,-6.89955,-76.33663,LLUVIOSO,RURAL,TRAMO RECTO,PLANA ,ASFALTADA,SIN_DATO,SIN_DATO,SIN_DATO,SIN_DATO,IMPRUDENCIA DEL CONDUCTOR,EXCESO DE VELOCIDAD,2021,3,2,0,17,TARDE,SELVA,1,2,LEVE,0,0
ATROPELLO,1,0,1,LIMA,LIMA,SAN JUAN DE LURIGANCHO,URBANA,CARRETERA,SIN CLASIFICAR,SIN CLASIFICAR,-11.960103612746728,-76.98185596768646,DESPEJADO,RESIDENCIAL,INTERSECCIÓN,PLANA ,ASFALTADA,SIN_DATO,SIN_DATO,SIN_DATO,SIN_DATO,IMPRUDENCIA DEL PEATÓN,OTRO (IMPRUDENCIA DEL PEATÓN),2021,3,2,0,18,NOCHE,COSTA,1,0,LEVE,0,0
DESPISTE,1,0,1,AREQUIPA,AREQUIPA,CERRO COLORADO,URBANA,CARRETERA,DEPARTAMENTAL,AR-123,-16.3354896,-71.5971248,DESPEJADO,RESIDENCIAL,ÓVALO,PLANA ,ASFALTADA,SIN_DATO,SIN_DATO,SIN_DATO,SIN_DATO,EN PROCESO DE INVESTIGACIÓN,NO CUENTA CON CAUSA ESPECIFICA,2021,3,2,0,19,NOCHE,COSTA,1,0,LEVE,0,0
CHOQUE,1,0,2,CUSCO,CANCHIS,MARANGANI,RURAL,CARRETERA,NACIONAL,PE-3S,-14.321561,-71.200158,DESPEJADO,RURAL,TRAMO RECTO,PLANA ,ASFALTADA,NO,SIN_DATO,SIN_DATO,SI,IMPRUDENCIA DEL CONDUCTOR,INVASIÓN DE CARRIL,2021,3,2,0,21,NOCHE,SIERRA,1,0,LEVE,0,0
CAÍDA DE PASAJERO,1,0,0,CUSCO,CHUMBIVILCAS,QUIÑOTA,RURAL,CARRETERA,NACIONAL,PE-3SG,-14.311253,-72.142777,DESPEJADO,RURAL,TRAMO RECTO,PLANA ,AFIRMADO,SIN_DATO,SIN_DATO,SIN_DATO,SIN_DATO,NEGLIGENCIA DEL CONDUCTOR,OTRO (NEGLIGENCIA DEL CONDUCTOR),2021,3,2,0,22,NOCHE,SIERRA,1,0,LEVE,0,0
CHOQUE,1,0,2,LIMA,HUAURA,SANTA MARIA,URBANA,CARRETERA,NACIONAL,PE-1N,-11.112764002167914,-77.59242894031976,DESPEJADO,RURAL,TRAMO RECTO,PLANA ,ASFALTADA,SI,REGULADORA (R),INFORMATIVA (I),NO,IMPRUDENCIA DEL CONDUCTOR,NO ESTABLECER EL DERECHO DE PASO,2021,3,3,0,6,MAÑANA,COSTA,1,0,LEVE,0,0
CHOQUE,1,0,2,LAMBAYEQUE,LAMBAYEQUE,MORROPE,URBANA,CARRETERA,NACIONAL,PE-1N,-6.6306533,-79.9547741,SOLEADO,INDUSTRIAL,TRAMO RECTO,PLANA ,ASFALTADA,SI,PREVENTIVA (P),REGULADORA (R),NO,EN PROCESO DE INVESTIGACIÓN,NO CUENTA CON CAUSA ESPECIFICA,2021,3,3,0,10,MAÑANA,COSTA,1,0,LEVE,0,0
CHOQUE CON OBJETO FIJO,1,0,0,MADRE DE DIOS,TAMBOPATA,TAMBOPATA,RURAL,CARRETERA,DEPARTAMENTAL,MD-102,-12.633364,-69.183511,SOLEADO,RURAL,OTRO,PLANA ,TROCHA,SIN_DATO,SIN_DATO,SIN_DATO,SIN_DATO,NEGLIGENCIA DEL CONDUCTOR,OTRO (NEGLIGENCIA DEL CONDUCTOR),2021,3,3,0,10,MAÑANA,SELVA,1,0,LEVE,0,0
VOLCADURA,1,0,1,LIMA,LIMA,SAN JUAN DE LURIGANCHO,URBANA,AVENIDA,URBANO,NO CORRESPONDE,-11.961697,-76.982522,DESPEJADO,RURAL,SINUOSA,INCLINADA,ASFALTADA,SIN_DATO,SIN_DATO,SIN_DATO,SIN_DATO,EN PROCESO DE INVESTIGACIÓN,NO CUENTA CON CAUSA ESPECIFICA,2021,3,3,0,20,NOCHE,COSTA,1,0,LEVE,0,0
DESPISTE,1,0,1,LIMA,LIMA,SAN MARTIN DE PORRES,URBANA,AVENIDA,URBANO,NO CORRESPONDE,-12.031772,-77.077474,DESPEJADO,COMERCIAL,INTERSECCIÓN,PLANA ,ASFALTADA,SIN_DATO,SIN_DATO,SIN_DATO,SIN_DATO,INFRAESTRUCTURA Y ENTORNO VIAL,OTRO (INFRAESTRUCTURA Y ENTORNO VIAL),2021,3,4,0,0,MADRUGADA,COSTA,1,0,LEVE,0,0
DESPISTE,1,1,1,CUSCO,CHUMBIVILCAS,COLQUEMARCA,RURAL,CARRETERA,PROVINCIAL,CU-1544,-14.2836,-72.0403,NUBLADO,RURAL,CURVA,PLANA ,AFIRMADO,SIN_DATO,SIN_DATO,SIN_DATO,SIN_DATO,IMPRUDENCIA DEL CONDUCTOR,EXCESO DE VELOCIDAD,2021,3,4,0,15,TARDE,SIERRA,1,1,LEVE,0,0
DESPISTE,1,0,1,AREQUIPA,AREQUIPA,YURA,RURAL,CARRETERA,NACIONAL,PE-34A,-16.1780492,-71.6472994,DESPEJADO,RURAL,TRAMO RECTO,INCLINADA,ASFALTADA,SIN_DATO,SIN_DATO,SIN_DATO,SIN_DATO,NEGLIGENCIA DEL CONDUCTOR,OTRO (NEGLIGENCIA DEL CONDUCTOR),2021,3,4,0,18,NOCHE,COSTA,1,0,LEVE,0,0
CHOQUE,1,3,2,LA LIBERTAD,CHEPEN,PACANGA,RURAL,CARRETERA,PROVINCIAL,LI-500,-7.195012,-79.496807,DESPEJADO,RURAL,TRAMO RECTO,PLANA ,ASFALTADA,SIN_DATO,SIN_DATO,SIN_DATO,SIN_DATO,IMPRUDENCIA DEL CONDUCTOR,INVASIÓN DE CARRIL,2021,3,4,0,18,NOCHE,COSTA,1,3,GRAVE_LESIONADOS,0,1
ATROPELLO,1,0,0,LIMA,LIMA,LIMA,URBANA,JIRÓN,URBANO,NO CORRESPONDE,-12.050964,-77.039908,DESPEJADO,RESIDENCIAL,INTERSECCIÓN,PLANA ,ASFALTADA,SI,PREVENTIVA (P),SIN_DATO,NO,IMPRUDENCIA DEL PEATÓN,ESTADO DE EBRIEDAD Y/O DROGADICCIÓN,2021,3,4,0,19,NOCHE,COSTA,1,0,LEVE,0,0
ATROPELLO,1,1,1,JUNIN,HUANCAYO,SAPALLANGA,URBANA,CARRETERA,NACIONAL,PE-3SC,-12.1380528,-75.16620673,DESPEJADO,COMERCIAL,TRAMO RECTO,PLANA ,ASFALTADA,SIN_DATO,SIN_DATO,SIN_DATO,SIN_DATO,EN PROCESO DE INVESTIGACIÓN,NO CUENTA CON CAUSA ESPECIFICA,2021,3,4,0,19,NOCHE,SIERRA,1,1,LEVE,0,0
ATROPELLO,1,0,1,LIMA,LIMA,SAN JUAN DE MIRAFLORES,URBANA,CARRETERA,NACIONAL,PE-1S,-12.185667,-76.974538,DESPEJADO,RURAL,TRAMO RECTO,PLANA ,ASFALTADA,SIN_DATO,SIN_DATO,SIN_DATO,SIN_DATO,IMPRUDENCIA DEL CONDUCTOR,OTRO (IMPRUDENCIA DEL CONDUCTOR),2021,3,4,0,21,NOCHE,COSTA,1,0,LEVE,0,0