CLASE SINIESTRO,CANTIDAD DE FALLECIDOS,CANTIDAD DE LESIONADOS,CANTIDAD DE VEHICULOS DAÑADOS,DEPARTAMENTO,PROVINCIA,DISTRITO,ZONA,TIPO DE VÍA,RED VIAL,COD CARRETERA,COORDENADAS LATITUD,COORDENADAS  LONGITUD,CONDICIÓN CLIMÁTICA,ZONIFICACIÓN,CARACTERÍSTICAS DE VÍA,PERFIL LONGITUDINAL VÍA,SUPERFICIE DE CALZADA,¿EXISTE SEÑAL VERTICAL?,CLASIFICACIÓN DE LA SEÑAL VERTICAL Nº 1,CLASIFICACIÓN DE LA SEÑAL VERTICAL Nº 2,¿EXISTE SEÑAL HORIZONTAL?,CAUSA FACTOR PRINCIPAL,CAUSA ESPECÍFICA,AÑO,MES,DIA_SEMANA,ES_FIN_SEMANA,HORA_NUM,FRANJA_HORARIA,REGION_NATURAL,FALLECIDOS,LESIONADOS,CATEGORIA_SEVERIDAD,MORTALIDAD_MULTIPLE,LESION_MULTIPLE
CHOQUE,1,0,2,ANCASH,CASMA,YAUTAN,RURAL,CARRETERA,NACIONAL,PE-14,-9.51666637187945,-77.98920716539112,DESPEJADO,RURAL,TRAMO RECTO,PLANA ,ASFALTADA,SIN_DATO,SIN_DATO,SIN_DATO,SIN_DATO,EN PROCESO DE INVESTIGACIÓN,NO CUENTA CON CAUSA ESPECIFICA,2021,3,6,1,19,NOCHE,SIERRA,1,0,LEVE,0,0
CHOQUE,1,1,2,PUNO,HUANCANE,TARACO,URBANA,CARRETERA,NACIONAL,PE-34H,-15.2710254,-69.895208,NUBLADO,RURAL,TRAMO RECTO,PLANA ,ASFALTADA,SI,REGULADORA (R),PREVENTIVA (P),SI,IMPRUDENCIA DEL CONDUCTOR,CONDUCIR EN ESTADO DE EBRIEDAD Y/O DROGADICCIÓN,2021,3,6,1,19,NOCHE,SIERRA,1,1,LEVE,0,0
ATROPELLO,1,0,1,LIMA,LIMA,SAN MARTIN DE PORRES,URBANA,AVENIDA,URBANO,NO CORRESPONDE,-12.00193,-77.087,DESPEJADO,INDUSTRIAL,TRAMO RECTO,PLANA ,ASFALTADA,SIN_DATO,SIN_DATO,SIN_DATO,SIN_DATO,IMPRUDENCIA DEL CONDUCTOR,EXCESO DE VELOCIDAD,2021,3,6,1,20,NOCHE,COSTA,1,0,LEVE,0,0
ATROPELLO FUGA,1,0,0,AREQUIPA,CAMANA,OCOÑA,URBANA,CARRETERA,NACIONAL,PE-1S,-16.438828,-73.103706,DESPEJADO,RESIDENCIAL,TRAMO RECTO,PLANA ,ASFALTADA,SI,INFORMATIVA (I),SIN_DATO,SI,IMPRUDENCIA DEL PEATÓN,OTRO (IMPRUDENCIA DEL PEATÓN),2021,3,6,1,21,NOCHE,COSTA,1,0,LEVE,0,0
CHOQUE,1,0,2,LA LIBERTAD,PACASMAYO,GUADALUPE,RURAL,CARRETERA,NACIONAL,PE-1N,-7.255380444143223,-79.4904159816797,DESPEJADO,RURAL,CURVA,INCLINADA,ASFALTADA,SIN_DATO,SIN_DATO,SIN_DATO,SIN_DATO,IMPRUDENCIA DEL CONDUCTOR,CONDUCIR EN ESTADO DE EBRIEDAD Y/O DROGADICCIÓN,2021,3,6,1,22,NOCHE,COSTA,1,0,LEVE,0,0
CHOQUE,1,0,2,CAJAMARCA,JAEN,PUCARA,RURAL,CARRETERA,NACIONAL,PE-3N,-6.0517875,-79.1069385,DESPEJADO,RURAL,TRAMO RECTO,PLANA ,ASFALTADA,SIN_DATO,SIN_DATO,SIN_DATO,SIN_DATO,EN PROCESO DE INVESTIGACIÓN,NO CUENTA CON CAUSA ESPECIFICA,2021,3,0,0,0,MADRUGADA,SIERRA,1,0,LEVE,0,0
DESPISTE,1,1,1,SAN MARTIN,MOYOBAMBA,JEPELACIO,RURAL,CARRETERA,NACIONAL,PE-5N,-6.134287719090137,-76.8424262397659,DESPEJADO,RURAL,CURVA,INCLINADA,ASFALTADA,SIN_DATO,PREVENTIVA (P),SIN_DATO,SIN_DATO,IMPRUDENCIA DEL CONDUCTOR,OTRO (IMPRUDENCIA DEL CONDUCTOR),2021,3,0,0,3,MADRUGADA,SELVA,1,1,LEVE,0,0
CHOQUE,1,1,2,AREQUIPA,AREQUIPA,CERRO COLORADO,URBANA,JIRÓN,URBANO,NO CORRESPONDE,-16.388872175538697,-71.57667851196345,DESPEJADO,RESIDENCIAL,INTERSECCIÓN,INCLINADA,ASFALTADA,NO,SIN_DATO,SIN_DATO,SI,IMPRUDENCIA DEL CONDUCTOR,OTRO (IMPRUDENCIA DEL CONDUCTOR),2021,3,0,0,7,MAÑANA,COSTA,1,1,LEVE,0,0
CHOQUE,1,0,2,PUNO,PUNO,TIQUILLACA,RURAL,CARRETERA,PROVINCIAL,PU-1068,-15.92643147561958,-70.23046904105486,DESPEJADO,RURAL,SINUOSA,PLANA ,TROCHA,SIN_DATO,SIN_DATO,SIN_DATO,SIN_DATO,IMPRUDENCIA DEL CONDUCTOR,NO ESTABLECER EL DERECHO DE PASO,2021,3,0,0,9,MAÑANA,SIERRA,1,0,LEVE,0,0
ATROPELLO,1,0,0,PUNO,CARABAYA,MACUSANI,RURAL,CARRETERA,NACIONAL,PE-34B,-13.9932258,-70.4806316,SOLEADO,RURAL,CURVA,PLANA ,ASFALTADA,SI,PREVENTIVA (P),REGULADORA (R),SI,IMPRUDENCIA DEL PEATÓN,CRUCE INDEBIDO POR LA CALZADA,2021,3,0,0,9,MAÑANA,SIERRA,1,0,LEVE,0,0
CHOQUE,2,1,2,AMAZONAS,UTCUBAMBA,BAGUA GRANDE,RURAL,CARRETERA,NACIONAL,PE-5N,-5.724799032198174,-78.47560712182704,SOLEADO,RURAL,TRAMO RECTO,PLANA ,ASFALTADA,SIN_DATO,SIN_DATO,SIN_DATO,SIN_DATO,EN PROCESO DE INVESTIGACIÓN,NO CUENTA CON CAUSA ESPECIFICA,2021,3,0,0,11,MAÑANA,SELVA,2,1,GRAVE_MORTALIDAD,1,0
ATROPELLO,1,1,1,PUNO,SAN ROMAN,CARACOTO,RURAL,CARRETERA,NACIONAL,PE-3S,-15.5497222,-70.1086111,NUBLADO,RURAL,TRAMO RECTO,PLANA ,ASFALTADA,SI,REGULADORA (R),PREVENTIVA (P),SI,IMPRUDENCIA DEL CONDUCTOR,EXCESO DE VELOCIDAD,2021,3,0,0,13,TARDE,SIERRA,1,1,LEVE,0,0
CHOQUE,3,0,2,JUNIN,SATIPO,PANGOA,RURAL,CARRETERA,NACIONAL,PE-28C,-11.373984884323086,-74.49930280995058,DESPEJADO,RURAL,CURVA,INCLINADA,ASFALTADA,SIN_DATO,SIN_DATO,SIN_DATO,SIN_DATO,IMPRUDENCIA DEL CONDUCTOR,EXCESO DE VELOCIDAD,2021,3,0,0,14,TARDE,SIERRA,3,0,GRAVE_MORTALIDAD,1,0
ATROPELLO,1,0,1,CAJAMARCA,JAEN,BELLAVISTA,RURAL,CARRETERA,NACIONAL,PE-5N,-5.55862433981325,-78.80684133885843,SOLEADO,COMERCIAL,TRAMO RECTO,PLANA ,ASFALTADA,SI,INFORMATIVA (I),PREVENTIVA (P),NO,EN PROCESO DE INVESTIGACIÓN,NO CUENTA CON CAUSA ESPECIFICA,2021,3,1,0,12,TARDE,SIERRA,1,0,LEVE,0,0
CHOQUE,3,18,2,LAMBAYEQUE,CHICLAYO,LAGUNAS,RURAL,CARRETERA,NACIONAL,PE-1N,-6.95708341461093,-79.69393886021302,DESPEJADO,RURAL,TRAMO RECTO,PLANA ,ASFALTADA,SI,REGULADORA (R),PREVENTIVA (P),NO,EN PROCESO DE INVESTIGACIÓN,NO CUENTA CON CAUSA ESPECIFICA,2021,3,1,0,17,TARDE,COSTA,3,18,GRAVE_MORTALIDAD,1,1
ATROPELLO,1,1,1,LA LIBERTAD,PACASMAYO,SAN JOSE,RURAL,CARRETERA,NACIONAL,PE-1N,-7.346123,-79.511216,DESPEJADO,RURAL,TRAMO RECTO,PLANA ,ASFALTADA,SIN_DATO,SIN_DATO,SIN_DATO,SIN_DATO,NEGLIGENCIA DEL CONDUCTOR,OTRO (NEGLIGENCIA DEL CONDUCTOR),2021,3,1,0,19,NOCHE,COSTA,1,1,LEVE,0,0
DESPISTE,1,0,1,PUNO,LAMPA,NICASIO,RURAL,CARRETERA,NACIONAL,PE-3S,-15.250495244586451,-70.31697922152009,NUBLADO,RURAL,TRAMO RECTO,PLANA ,ASFALTADA,NO,SIN_DATO,SIN_DATO,SI,NEGLIGENCIA DEL CONDUCTOR,OTRO (NEGLIGENCIA DEL CONDUCTOR),2021,3,1,0,19,NOCHE,SIERRA,1,0,LEVE,0,0
CHOQUE,1,0,1,LIMA,LIMA,LA MOLINA,RURAL,AVENIDA,URBANO,NO CORRESPONDE,-12.0607,-76.94719,DESPEJADO,INDUSTRIAL,TRAMO RECTO,PLANA ,ASFALTADA,SIN_DATO,SIN_DATO,SIN_DATO,SIN_DATO,IMPRUDENCIA DEL CONDUCTOR,OTRO (IMPRUDENCIA DEL CONDUCTOR),2021,3,2,0,9,MAÑANA,COSTA,1,0,LEVE,0,0
ATROPELLO,1,0,0,LIMA,LIMA,LURIGANCHO,URBANA,AVENIDA,URBANO,NO CORRESPONDE,-11.945180194293131,-76.71322899549537,SOLEADO,RESIDENCIAL,TRAMO RECTO,INCLINADA,ASFALTADA,SIN_DATO,SIN_DATO,SIN_DATO,SIN_DATO,EN PROCESO DE INVESTIGACIÓN,NO CUENTA CON CAUSA ESPECIFICA,2021,3,2,0,14,TARDE,COSTA,1,0,LEVE,0,0
CHOQUE,1,0,1,JUNIN,CHANCHAMAYO,PICHANAQUI,RURAL,CARRETERA,NACIONAL,PE-5S,-10.967878005677097,-74.7917760942454,DESPEJADO,RURAL,INTERSECCIÓN,INCLINADA,ASFALTADA,SIN_DATO,SIN_DATO,SIN_DATO,SIN_DATO,EN PROCESO DE INVESTIGACIÓN,NO CUENTA CON CAUSA ESPECIFICA,2021,3,2,0,15,TARDE,SIERRA,1,0,LEVE,0,0
DESPISTE,1,3,1,PUNO,MELGAR,NUÑOA,RURAL,CARRETERA,PROVINCIAL,PU-665,-14.41044906031268,-70.70375704495181,NUBLADO,RURAL,TRAMO RECTO,PLANA ,TROCHA,SIN_DATO,SIN_DATO,SIN_DATO,SIN_DATO,IMPRUDENCIA DEL CONDUCTOR,EXCESO DE VELOCIDAD,2021,3,2,0,19,NOCHE,SIERRA,1,3,GRAVE_LESIONADOS,0,1
DESPISTE,1,3,1,APURIMAC,GRAU,CHUQUIBAMBILLA,RURAL,CARRETERA,NACIONAL,PE-3SF,-14.104414840976938,-72.74611625204166,SIN_DATO,SIN_DATO,SIN_DATO,SIN_DATO,SIN_DATO,SIN_DATO,SIN_DATO,SIN_DATO,SIN_DATO,EN PROCESO DE INVESTIGACIÓN,NO CUENTA CON CAUSA ESPECIFICA,2021,3,3,0,5,MADRUGADA,SIERRA,1,3,GRAVE_LESIONADOS,0,1
ATROPELLO,1,1,1,AREQUIPA,AREQUIPA,AREQUIPA,URBANA,CALLE,URBANO,NO CORRESPONDE,-16.400793,-71.54054,DESPEJADO,RESIDENCIAL,TRAMO RECTO,PLANA ,ADOQUINADO,NO,SIN_DATO,SIN_DATO,SI,IMPRUDENCIA DEL CONDUCTOR,OTRO (IMPRUDENCIA DEL CONDUCTOR),2021,3,3,0,18,NOCHE,COSTA,1,1,LEVE,0,0
CHOQUE,1,0,2,LAMBAYEQUE,LAMBAYEQUE,MOTUPE,URBANA,CARRETERA,NACIONAL,PE-1NJ,-6.1578438,-79.7023381,DESPEJADO,COMERCIAL,TRAMO RECTO,PLANA ,ASFALTADA,SI,INFORMATIVA (I),PREVENTIVA (P),NO,EN PROCESO DE INVESTIGACIÓN,NO CUENTA CON CAUSA ESPECIFICA,2021,3,3,0,18,NOCHE,COSTA,1,0,LEVE,0,0
CHOQUE,1,0,2,LAMBAYEQUE,CHICLAYO,CHICLAYO,URBANA,OTRO,URBANO,NO CORRESPONDE,-6.7654206,-79.8528301,DESPEJADO,RESIDENCIAL,ÓVALO,PLANA ,ASFALTADA,SIN_DATO,SIN_DATO,SIN_DATO,SIN_DATO,EN PROCESO DE INVESTIGACIÓN,NO CUENTA CON CAUSA ESPECIFICA,2021,3,3,0,19,NOCHE,COSTA,1,0,LEVE,0,0
CHOQUE FUGA,1,0,1,LA LIBERTAD,OTUZCO,SALPO,RURAL,CARRETERA,NACIONAL,PE-10A,-7.999311010082164,-78.68804637143906,DESPEJADO,RURAL,TRAMO RECTO,PLANA ,ASFALTADA,SIN_DATO,SIN_DATO,SIN_DATO,SIN_DATO,EN PROCESO DE INVESTIGACIÓN,NO CUENTA CON CAUSA ESPECIFICA,2021,3,3,0,20,NOCHE,COSTA,1,0,LEVE,0,0
DESPISTE,1,0,1,TACNA,CANDARAVE,HUANUARA,RURAL,CARRETERA,PROVINCIAL,TA-530,-17.311855,-70.31844,DESPEJADO,RURAL,CURVA,INCLINADA,AFIRMADO,SIN_DATO,SIN_DATO,SIN_DATO,SIN_DATO,IMPRUDENCIA DEL CONDUCTOR,CONDUCIR EN ESTADO DE EBRIEDAD Y/O DROGADICCIÓN,2021,3,4,0,3,MADRUGADA,COSTA,1,0,LEVE,0,0
DESPISTE,1,0,0,LIMA,LIMA,COMAS,URBANA,AVENIDA,URBANO,NO CORRESPONDE,-11.953623,-77.051583,DESPEJADO,RESIDENCIAL,TRAMO RECTO,PLANA ,ASFALTADA,SIN_DATO,SIN_DATO,SIN_DATO,SIN_DATO,IMPRUDENCIA DEL CONDUCTOR,OTRO (IMPRUDENCIA DEL CONDUCTOR),2021,3,4,0,3,MADRUGADA,COSTA,1,0,LEVE,0,0
CHOQUE,1,0,2,TACNA,TACNA,POCOLLAY,URBANA,CARRETERA,NACIONAL,PE-40,-17.986708,-70.210552,DESPEJADO,COMERCIAL,TRAMO RECTO,INCLINADA,ASFALTADA,SIN_DATO,SIN_DATO,SIN_DATO,SIN_DATO,IMPRUDENCIA DEL CONDUCTOR,CONDUCIR EN ESTADO DE EBRIEDAD Y/O DROGADICCIÓN,2021,3,4,0,4,MADRUGADA,COSTA,1,0,LEVE,0,0
DESPISTE,1,1,1,PIURA,MORROPON,LA MATANZA,RURAL,CARRETERA,NACIONAL,PE-1NJ,-5.329315,-80.0771,DESPEJADO,RURAL,CURVA,PLANA ,ASFALTADA,SIN_DATO,SIN_DATO,SIN_DATO,SIN_DATO,EN PROCESO DE INVESTIGACIÓN,NO CUENTA CON CAUSA ESPECIFICA,2021,3,4,0,7,MAÑANA,COSTA,1,1,LEVE,0,0
DESPISTE,1,0,1,AREQUIPA,CAYLLOMA,MAJES,URBANA,CALLE,URBANO,NO CORRESPONDE,-16.352045,-72.191188,DESPEJADO,RESIDENCIAL,CURVA,PLANA ,ASFALTADA,SIN_DATO,SIN_DATO,SIN_DATO,SIN_DATO,IMPRUDENCIA DEL CONDUCTOR,OTRO (IMPRUDENCIA DEL CONDUCTOR),2021,3,4,0,15,TARDE,COSTA,1,0,LEVE,0,0
CHOQUE FUGA,1,0,1,LAMBAYEQUE,LAMBAYEQUE,LAMBAYEQUE,RURAL,CALLE,URBANO,NO CORRESPONDE,-6.704442,-79.903106,DESPEJADO,RESIDENCIAL,INTERSECCIÓN,PLANA ,ASFALTADA,SIN_DATO,SIN_DATO,SIN_DATO,SIN_DATO,EN PROCESO DE INVESTIGACIÓN,NO CUENTA CON CAUSA ESPECIFICA,2021,3,4,0,15,TARDE,COSTA,1,0,LEVE,0,0
VOLCADURA,1,0,1,CAJAMARCA,SAN MIGUEL,NIEPOS,RURAL,CARRETERA,NACIONAL,PE-1NI,-6.90688137,-79.13921384,DESPEJADO,RURAL,CURVA,INCLINADA,TROCHA,SIN_DATO,SIN_DATO,SIN_DATO,SIN_DATO,NEGLIGENCIA DEL CONDUCTOR,OTRO (NEGLIGENCIA DEL CONDUCTOR),2021,3,4,0,17,TARDE,SIERRA,1,0,LEVE,0,0
CHOQUE,1,3,2,AREQUIPA,AREQUIPA,YURA,RURAL,CARRETERA,NACIONAL,PE-34A,-16.178638,-71.647253,DESPEJADO,RURAL,CURVA,INCLINADA,ASFALTADA,SIN_DATO,SIN_DATO,SIN_DATO,SIN_DATO,IMPRUDENCIA DEL CONDUCTOR,CONDUCIR EN SENTIDO CONTRARIO,2021,3,4,0,18,NOCHE,COSTA,1,3,GRAVE_LESIONADOS,0,1
CHOQUE,1,1,1,MADRE DE DIOS,TAMBOPATA,LAS PIEDRAS,RURAL,CARRETERA,NACIONAL,PE-30C,-12.0725992,-69.1198846,SIN_DATO,SIN_DATO,SIN_DATO,SIN_DATO,SIN_DATO,SIN_DATO,SIN_DATO,SIN_DATO,SIN_DATO,EN PROCESO DE INVESTIGACIÓN,NO CUENTA CON CAUSA ESPECIFICA,2021,3,4,0,19,NOCHE,SELVA,1,1,LEVE,0,0
CHOQUE FUGA,1,1,1,LORETO,MAYNAS,SAN JUAN BAUTISTA,URBANA,AVENIDA,URBANO,NO CORRESPONDE,-3.785814198423744,-73.28995031986766,DESPEJADO,COMERCIAL,INTERSECCIÓN,INCLINADA,ASFALTADA,NO,SIN_DATO,SIN_DATO,NO,EN PROCESO DE INVESTIGACIÓN,NO CUENTA CON CAUSA ESPECIFICA,2021,3,4,0,20,NOCHE,SELVA,1,1,LEVE,0,0
DESPISTE,1,1,1,APURIMAC,ANDAHUAYLAS,TUMAY HUARACA,RURAL,CARRETERA,NACIONAL,PE-30B,-13.947494514996482,-73.4382497707236,DESPEJADO,RURAL,CURVA,INCLINADA,ASFALTADA,SI,REGULADORA (R),PREVENTIVA (P),SI,IMPRUDENCIA DEL CONDUCTOR,EXCESO DE VELOCIDAD,2021,3,4,0,20,NOCHE,SIERRA,1,1,LEVE,0,0
ATROPELLO FUGA,1,0,0,TACNA,TACNA,CORONEL GREGORIO ALBARRACIN LANCHIPA,URBANA,CALLE,URBANO,NO CORRESPONDE,-18.053095,-70.253597,DESPEJADO,RESIDENCIAL,TRAMO RECTO,PLANA ,ASFALTADA,SIN_DATO,SIN_DATO,SIN_DATO,SIN_DATO,INFRAESTRUCTURA Y ENTORNO VIAL,SEÑALIZACIÓN DEFECTUOSA,2021,3,4,0,20,NOCHE,COSTA,1,0,LEVE,0,0
ATROPELLO FUGA,1,0,1,LA LIBERTAD,TRUJILLO,LA ESPERANZA,URBANA,CALLE,URBANO,NO CORRESPONDE,-8.079445,-79.035751,DESPEJADO,COMERCIAL,INTERSECCIÓN,PLANA ,ASFALTADA,SIN_DATO,SIN_DATO,SIN_DATO,SIN_DATO,EN PROCESO DE INVESTIGACIÓN,NO CUENTA CON CAUSA ESPECIFICA,2021,3,4,0,21,NOCHE,COSTA,1,0,LEVE,0,0
CHOQUE,1,0,2,LIMA,LIMA,VILLA MARIA DEL TRIUNFO,URBANA,AVENIDA,URBANO,NO CORRESPONDE,-12.193128,-76.935911,DESPEJADO,RESIDENCIAL,INTERSECCIÓN,INCLINADA,ASFALTADA,SIN_DATO,SIN_DATO,SIN_DATO,SIN_DATO,IMPRUDENCIA DEL CONDUCTOR,OTRO (IMPRUDENCIA DEL CONDUCTOR),2021,3,4,0,22,NOCHE,COSTA,1,0,LEVE,0,0
CHOQUE,1,1,2,ICA,PISCO,INDEPENDENCIA,URBANA,CARRETERA,NACIONAL,PE-28A,-13.693049,-76.021685,DESPEJADO,RESIDENCIAL,INTERSECCIÓN,PLANA ,ASFALTADA,SI,PREVENTIVA (P),SIN_DATO,NO,IMPRUDENCIA DEL CONDUCTOR,EXCESO DE VELOCIDAD,2021,3,5,1,2,MADRUGADA,COSTA,1,1,LEVE,0,0
DESPISTE,1,1,1,LA LIBERTAD,JULCAN,JULCAN,RURAL,CARRETERA,PROVINCIAL,LI-988,-8.032453,-78.502576,DESPEJADO,RURAL,TRAMO RECTO,PLANA ,ASFALTADA,SIN_DATO,SIN_DATO,SIN_DATO,SIN_DATO,EN PROCESO DE INVESTIGACIÓN,NO CUENTA CON CAUSA ESPECIFICA,2021,3,5,1,7,MAÑANA,COSTA,1,1,LEVE,0,0
INCENDIO,1,0,0,LIMA,HUAROCHIRI,SAN MATEO,RURAL,CARRETERA,NACIONAL,PE-22,-11.791667,-76.337556,DESPEJADO,RURAL,TRAMO RECTO,PLANA ,ASFALTADA,SIN_DATO,SIN_DATO,SIN_DATO,SIN_DATO,EN PROCESO DE INVESTIGACIÓN,NO CUENTA CON CAUSA ESPECIFICA,2021,3,5,1,8,MAÑANA,COSTA,1,0,LEVE,0,0
ATROPELLO,1,0,1,LAMBAYEQUE,LAMBAYEQUE,LAMBAYEQUE,URBANA,AVENIDA,URBANO,NO CORRESPONDE,-6.7039467,-79.9051717,DESPEJADO,COMERCIAL,TRAMO RECTO,PLANA ,ASFALTADA,SIN_DATO,SIN_DATO,SIN_DATO,SIN_DATO,EN PROCESO DE INVESTIGACIÓN,NO CUENTA CON CAUSA ESPECIFICA,2021,3,5,1,13,TARDE,COSTA,1,0,LEVE,0,0
CHOQUE,1,2,2,LIMA,LIMA,VILLA EL SALVADOR,URBANA,CARRETERA,NACIONAL,PE-1S,-12.244081782334527,-76.94098072336237,DESPEJADO,RESIDENCIAL,TRAMO RECTO,PLANA ,ASFALTADA,SIN_DATO,SIN_DATO,SIN_DATO,SIN_DATO,EN PROCESO DE INVESTIGACIÓN,NO CUENTA CON CAUSA ESPECIFICA,2021,3,5,1,17,TARDE,COSTA,1,2,LEVE,0,0
CHOQUE,1,0,1,PIURA,PIURA,TAMBO GRANDE,RURAL,CARRETERA,NACIONAL,PE-1NL,-4.8322721,-80.2882567,DESPEJADO,RURAL,TRAMO RECTO,PLANA ,ASFALTADA,SIN_DATO,SIN_DATO,SIN_DATO,SIN_DATO,EN PROCESO DE INVESTIGACIÓN,NO CUENTA CON CAUSA ESPECIFICA,2021,3,5,1,17,TARDE,COSTA,1,0,LEVE,0,0
CHOQUE,1,1,2,AREQUIPA,AREQUIPA,AREQUIPA,URBANA,AVENIDA,URBANO,NO CORRESPONDE,-16.419134,-71.538835,DESPEJADO,COMERCIAL,INTERSECCIÓN,PLANA ,ASFALTADA,NO,SIN_DATO,SIN_DATO,SI,IMPRUDENCIA DEL CONDUCTOR,EXCESO DE VELOCIDAD,2021,3,5,1,20,NOCHE,COSTA,1,1,LEVE,0,0
ATROPELLO FUGA,1,0,1,LA LIBERTAD,ASCOPE,CHICAMA,RURAL,CARRETERA,NACIONAL,PE-1N,-7.887445,-79.126379,DESPEJADO,RURAL,TRAMO RECTO,PLANA ,ASFALTADA,SIN_DATO,SIN_DATO,SIN_DATO,SIN_DATO,EN PROCESO DE INVESTIGACIÓN,NO CUENTA CON CAUSA ESPECIFICA,2021,3,5,1,21,NOCHE,COSTA,1,0,LEVE,0,0
ATROPELLO FUGA,1,0,1,ICA,ICA,ICA,URBANA,AVENIDA,URBANO,NO CORRESPONDE,-14.043545564976254,-75.74112707414302,DESPEJADO,RESIDENCIAL,TRAMO RECTO,INCLINADA,ASFALTADA,SIN_DATO,SIN_DATO,SIN_DATO,SIN_DATO,EN PROCESO DE INVESTIGACIÓN,NO CUENTA CON CAUSA ESPECIFICA,2021,3,5,1,21,NOCHE,COSTA,1,0,LEVE,0,0
DESPISTE,1,0,1,CALLAO,CALLAO,LA PERLA,URBANA,AVENIDA,URBANO,NO CORRESPONDE,-12.06490615771504,-77.11599952363943,DESPEJADO,COMERCIAL,TRAMO RECTO,PLANA ,CONCRETO,SIN_DATO,SIN_DATO,SIN_DATO,SIN_DATO,IMPRUDENCIA DEL CONDUCTOR,CONDUCIR EN ESTADO DE EBRIEDAD Y/O DROGADICCIÓN,2021,3,5,1,23,NOCHE,COSTA,1,0,LEVE,0,0
DESPISTE,1,1,1,LA LIBERTAD,CHEPEN,PUEBLO NUEVO,RURAL,AVENIDA,URBANO,NO CORRESPONDE,-7.185060669048768,-79.51876737032491,DESPEJADO,RURAL,TRAMO RECTO,PLANA ,ASFALTADA,SIN_DATO,SIN_DATO,SIN_DATO,SIN_DATO,EN PROCESO DE INVESTIGACIÓN,NO CUENTA CON CAUSA ESPECIFICA,2021,3,6,1,1,MADRUGADA,COSTA,1,1,LEVE,0,0
DESPISTE,1,0,1,PUNO,SANDIA,SAN PEDRO DE PUTINA PUNCO,RURAL,CARRETERA,SIN CLASIFICAR,SIN CLASIFICAR,-14.062846700281092,-68.95309940779988,DESPEJADO,RURAL,CURVA,PLANA ,TROCHA,SIN_DATO,SIN_DATO,SIN_DATO,SIN_DATO,IMPRUDENCIA DEL CONDUCTOR,EXCESO DE VELOCIDAD,2021,3,6,1,5,MADRUGADA,SIERRA,1,0,LEVE,0,0
CHOQUE,1,1,2,LAMBAYEQUE,CHICLAYO,TUMAN,URBANA,CARRETERA,NACIONAL,PE-06A,-6.745034,-79.689578,DESPEJADO,RESIDENCIAL,CURVA,PLANA ,ASFALTADA,SI,PREVENTIVA (P),PREVENTIVA (P),NO,EN PROCESO DE INVESTIGACIÓN,NO CUENTA CON CAUSA ESPECIFICA,2021,3,6,1,12,TARDE,COSTA,1,1,LEVE,0,0
CHOQUE CON OBJETO FIJO,1,0,1,ICA,ICA,SUBTANJALLA,URBANA,OTRO,URBANO,NO CORRESPONDE,-14.045839514156564,-75.74718142237191,DESPEJADO,RESIDENCIAL,TRAMO RECTO,PLANA ,TROCHA,SIN_DATO,SIN_DATO,SIN_DATO,SIN_DATO,EN PROCESO DE INVESTIGACIÓN,NO CUENTA CON CAUSA ESPECIFICA,2021,3,6,1,19,NOCHE,COSTA,1,0,LEVE,0,0
ATROPELLO FUGA,1,0,0,PUNO,SAN ROMAN,JULIACA,RURAL,CARRETERA,NACIONAL,PE-34A,-15.520849288682257,-70.17885623135186,NUBLADO,RURAL,TRAMO RECTO,PLANA ,ASFALTADA,SI,REGULADORA (R),INFORMATIVA (I),SI,IMPRUDENCIA DEL CONDUCTOR,OTRO (IMPRUDENCIA DEL CONDUCTOR),2021,3,6,1,20,NOCHE,SIERRA,1,0,LEVE,0,0
CHOQUE FUGA,1,1,1,PIURA,PIURA,CASTILLA,URBANA,CARRETERA,NACIONAL,PE-1NJ,-5.181108,-80.57434,DESPEJADO,RESIDENCIAL,TRAMO RECTO,PLANA ,ASFALTADA,SI,REGULADORA (R),REGULADORA (R),SI,EN PROCESO DE INVESTIGACIÓN,NO CUENTA CON CAUSA ESPECIFICA,2021,3,6,1,23,NOCHE,COSTA,1,1,LEVE,0,0
DESPISTE,1,1,1,AREQUIPA,CAMANA,NICOLAS DE PIEROLA,RURAL,CARRETERA,DEPARTAMENTAL,AR-105,-16.373756450271028,-72.47942453975892,DESPEJADO,RURAL,CURVA,INCLINADA,ASFALTADA,SIN_DATO,SIN_DATO,SIN_DATO,SIN_DATO,IMPRUDENCIA DEL CONDUCTOR,EXCESO DE VELOCIDAD,2021,3,6,1,23,NOCHE,COSTA,1,1,LEVE,0,0
CHOQUE,1,2,2,HUANUCO,HUANUCO,PILLCO MARCA,URBANA,CARRETERA,NACIONAL,PE-3N,-9.987041,-76.244492,DESPEJADO,COMERCIAL,TRAMO RECTO,PLANA ,ASFALTADA,SIN_DATO,SIN_DATO,SIN_DATO,SIN_DATO,IMPRUDENCIA DEL CONDUCTOR,CONDUCIR EN ESTADO DE EBRIEDAD Y/O DROGADICCIÓN,2021,3,0,0,1,MADRUGADA,SIERRA,1,2,LEVE,0,0
DESPISTE,1,0,1,LIMA,BARRANCA,PARAMONGA,RURAL,CARRETERA,NACIONAL,PE-1N,-10.64844032844232,-77.85044760795031,DESPEJADO,RURAL,TRAMO RECTO,PLANA ,ASFALTADA,SIN_DATO,SIN_DATO,SIN_DATO,SIN_DATO,EN PROCESO DE INVESTIGACIÓN,NO CUENTA CON CAUSA ESPECIFICA,2021,3,0,0,3,MADRUGADA,COSTA,1,0,LEVE,0,0