CLASE SINIESTRO,CANTIDAD DE FALLECIDOS,CANTIDAD DE LESIONADOS,CANTIDAD DE VEHICULOS DAÑADOS,DEPARTAMENTO,PROVINCIA,DISTRITO,ZONA,TIPO DE VÍA,RED VIAL,COD CARRETERA,COORDENADAS LATITUD,COORDENADAS  LONGITUD,CONDICIÓN CLIMÁTICA,ZONIFICACIÓN,CARACTERÍSTICAS DE VÍA,PERFIL LONGITUDINAL VÍA,SUPERFICIE DE CALZADA,¿EXISTE SEÑAL VERTICAL?,CLASIFICACIÓN DE LA SEÑAL VERTICAL Nº 1,CLASIFICACIÓN DE LA SEÑAL VERTICAL Nº 2,¿EXISTE SEÑAL HORIZONTAL?,CAUSA FACTOR PRINCIPAL,CAUSA ESPECÍFICA,AÑO,MES,DIA_SEMANA,ES_FIN_SEMANA,HORA_NUM,FRANJA_HORARIA,REGION_NATURAL,FALLECIDOS,LESIONADOS,CATEGORIA_SEVERIDAD,MORTALIDAD_MULTIPLE,LESION_MULTIPLE
DESPISTE,1,3,1,HUANUCO,HUANUCO,CHINCHAO,RURAL,CARRETERA,PROVINCIAL,HU-801,-9.7662,-76.10397,LLUVIOSO,RURAL,CURVA,INCLINADA,AFIRMADO,SIN_DATO,SIN_DATO,SIN_DATO,SIN_DATO,EN PROCESO DE INVESTIGACIÓN,NO CUENTA CON CAUSA ESPECIFICA,2021,7,3,0,19,NOCHE,SIERRA,1,3,GRAVE_LESIONADOS,0,1
CHOQUE,1,0,2,AREQUIPA,AREQUIPA,CERRO COLORADO,URBANA,CARRETERA,NACIONAL,PE-34A,-16.344685,-71.581465,DESPEJADO,COMERCIAL,TRAMO RECTO,INCLINADA,ASFALTADA,SIN_DATO,SIN_DATO,SIN_DATO,SIN_DATO,EN PROCESO DE INVESTIGACIÓN,NO CUENTA CON CAUSA ESPECIFICA,2021,7,4,0,1,MADRUGADA,COSTA,1,0,LEVE,0,0
CHOQUE,1,1,2,UCAYALI,CORONEL PORTILLO,YARINACOCHA,URBANA,OTRO,URBANO,NO CORRESPONDE,-8.371674848315424,-74.55712254219883,DESPEJADO,COMERCIAL,INTERSECCIÓN,PLANA ,CONCRETO,SI,INFORMATIVA (I),PREVENTIVA (P),SI,IMPRUDENCIA DEL CONDUCTOR,OTRO (IMPRUDENCIA DEL CONDUCTOR),2021,7,4,0,14,TARDE,SELVA,1,1,LEVE,0,0
ATROPELLO,1,1,1,LAMBAYEQUE,LAMBAYEQUE,JAYANCA,RURAL,CARRETERA,NACIONAL,PE-1NJ,-6.3369347926516175,-79.76568276892179,SOLEADO,RURAL,CURVA,INCLINADA,ASFALTADA,SI,PREVENTIVA (P),REGULADORA (R),NO,IMPRUDENCIA DEL PEATÓN,CRUCE INDEBIDO POR LA CALZADA,2021,7,4,0,15,TARDE,COSTA,1,1,LEVE,0,0
CHOQUE,2,1,2,ANCASH,HUARI,HUANTAR,RURAL,CARRETERA,DEPARTAMENTAL,AN-110,-9.45896106255815,-77.15569725611024,DESPEJADO,RURAL,TRAMO RECTO,INCLINADA,ASFALTADA,SIN_DATO,SIN_DATO,SIN_DATO,SIN_DATO,EN PROCESO DE INVESTIGACIÓN,NO CUENTA CON CAUSA ESPECIFICA,2021,7,4,0,18,NOCHE,SIERRA,2,1,GRAVE_MORTALIDAD,1,0
CHOQUE,1,1,0,LIMA,LIMA,SAN MIGUEL,URBANA,AVENIDA,URBANO,NO CORRESPONDE,-12.064318,-77.078369,DESPEJADO,COMERCIAL,TRAMO RECTO,PLANA ,ASFALTADA,SIN_DATO,SIN_DATO,SIN_DATO,SIN_DATO,EN PROCESO DE INVESTIGACIÓN,NO CUENTA CON CAUSA ESPECIFICA,2021,7,4,0,20,NOCHE,COSTA,1,1,LEVE,0,0
CHOQUE,1,0,2,LA LIBERTAD,PACASMAYO,PACASMAYO,RURAL,CARRETERA,NACIONAL,PE-1N,-7.397249,-79.557872,DESPEJADO,RURAL,TRAMO RECTO,PLANA ,ASFALTADA,SIN_DATO,SIN_DATO,SIN_DATO,SIN_DATO,EN PROCESO DE INVESTIGACIÓN,NO CUENTA CON CAUSA ESPECIFICA,2021,7,5,1,12,TARDE,COSTA,1,0,LEVE,0,0
DESPISTE,1,2,1,JUNIN,HUANCAYO,CHONGOS ALTO,RURAL,CARRETERA,DEPARTAMENTAL,JU-110,-12.50149,-75.48682,DESPEJADO,RURAL,CURVA,INCLINADA,TROCHA,SIN_DATO,SIN_DATO,SIN_DATO,SIN_DATO,IMPRUDENCIA DEL CONDUCTOR,OTRO (IMPRUDENCIA DEL CONDUCTOR),2021,7,5,1,18,NOCHE,SIERRA,1,2,LEVE,0,0
ATROPELLO FUGA,1,0,0,PUNO,AZANGARO,ARAPA,RURAL,CARRETERA,DEPARTAMENTAL,PU-153,-15.035550465919982,-70.0686228108176,DESPEJADO,RURAL,TRAMO RECTO,PLANA ,ASFALTADA,SIN_DATO,SIN_DATO,SIN_DATO,SIN_DATO,NEGLIGENCIA DEL CONDUCTOR,OTRO (NEGLIGENCIA DEL CONDUCTOR),2021,7,5,1,18,NOCHE,SIERRA,1,0,LEVE,0,0
VOLCADURA,1,0,1,APURIMAC,ANDAHUAYLAS,ANDAHUAYLAS,URBANA,CARRETERA,NACIONAL,PE-30B,-13.665293,-73.383853,DESPEJADO,RURAL,CURVA,INCLINADA,ASFALTADA,SI,PREVENTIVA (P),REGULADORA (R),NO,IMPRUDENCIA DEL CONDUCTOR,CONDUCIR EN ESTADO DE EBRIEDAD Y/O DROGADICCIÓN,2021,7,5,1,22,NOCHE,SIERRA,1,0,LEVE,0,0
ATROPELLO,2,1,2,ICA,ICA,SANTIAGO,RURAL,CARRETERA,NACIONAL,PE-1S,-14.206483,-75.714058,DESPEJADO,RURAL,TRAMO RECTO,PLANA ,ASFALTADA,NO,SIN_DATO,SIN_DATO,NO,EN PROCESO DE INVESTIGACIÓN,NO CUENTA CON CAUSA ESPECIFICA,2021,8,6,1,5,MADRUGADA,COSTA,2,1,GRAVE_MORTALIDAD,1,0
VOLCADURA,1,0,1,CAJAMARCA,CONTUMAZA,YONAN,RURAL,CARRETERA,NACIONAL,PE-08,-7.253871,-79.079097,DESPEJADO,RURAL,CURVA,PLANA ,ASFALTADA,NO,SIN_DATO,SIN_DATO,SI,IMPRUDENCIA DEL CONDUCTOR,EXCESO DE VELOCIDAD,2021,8,6,1,7,MAÑANA,SIERRA,1,0,LEVE,0,0
ATROPELLO,1,1,2,CUSCO,CANCHIS,SICUANI,URBANA,CARRETERA,NACIONAL,PE-3S,-14.22136,-71.28799,DESPEJADO,RESIDENCIAL,TRAMO RECTO,PLANA ,ASFALTADA,NO,SIN_DATO,SIN_DATO,SI,IMPRUDENCIA DEL CONDUCTOR,EXCESO DE VELOCIDAD,2021,8,6,1,10,MAÑANA,SIERRA,1,1,LEVE,0,0
CHOQUE,1,0,2,PUNO,SAN ROMAN,CARACOTO,RURAL,CARRETERA,DEPARTAMENTAL,PU-120,-15.5190984,-70.0857448,DESPEJADO,RURAL,TRAMO RECTO,PLANA ,ASFALTADA,SIN_DATO,SIN_DATO,SIN_DATO,SIN_DATO,IMPRUDENCIA DEL CONDUCTOR,EXCESO DE VELOCIDAD,2021,8,6,1,10,MAÑANA,SIERRA,1,0,LEVE,0,0
ATROPELLO,1,0,1,LAMBAYEQUE,LAMBAYEQUE,MORROPE,URBANA,CARRETERA,NACIONAL,PE-1N,-6.595664,-79.976538,DESPEJADO,RESIDENCIAL,TRAMO RECTO,PLANA ,ASFALTADA,SIN_DATO,SIN_DATO,SIN_DATO,SIN_DATO,EN PROCESO DE INVESTIGACIÓN,NO CUENTA CON CAUSA ESPECIFICA,2021,8,6,1,12,TARDE,COSTA,1,0,LEVE,0,0
CHOQUE,1,0,2,PUNO,CARABAYA,MACUSANI,RURAL,CARRETERA,NACIONAL,PE-34B,-14.1704231,-70.3346811,DESPEJADO,RURAL,TRAMO RECTO,PLANA ,ASFALTADA,SIN_DATO,SIN_DATO,SIN_DATO,SIN_DATO,IMPRUDENCIA DEL CONDUCTOR,CONDUCIR EN SENTIDO CONTRARIO,2021,8,6,1,15,TARDE,SIERRA,1,0,LEVE,0,0
ATROPELLO FUGA,1,0,0,PIURA,HUANCABAMBA,HUANCABAMBA,RURAL,CARRETERA,NACIONAL,PE-02A,-5.25665757,-79.46255343,DESPEJADO,RURAL,TRAMO RECTO,PLANA ,ASFALTADA,SIN_DATO,SIN_DATO,SIN_DATO,SIN_DATO,EN PROCESO DE INVESTIGACIÓN,NO CUENTA CON CAUSA ESPECIFICA,2021,8,6,1,16,TARDE,COSTA,1,0,LEVE,0,0
CHOQUE,1,0,2,ANCASH,RECUAY,RECUAY,RURAL,CARRETERA,NACIONAL,PE-3N,-9.723791969787198,-77.45699374041939,DESPEJADO,RURAL,SINUOSA,INCLINADA,ASFALTADA,SI,PREVENTIVA (P),PREVENTIVA (P),SI,IMPRUDENCIA DEL CONDUCTOR,INVASIÓN DE CARRIL,2021,8,6,1,17,TARDE,SIERRA,1,0,LEVE,0,0
CHOQUE CON OBJETO FIJO,1,0,1,LIMA,LIMA,SAN MARTIN DE PORRES,URBANA,CARRETERA,NACIONAL,PE-1N,-12.020936452251252,-77.05918365829173,DESPEJADO,ESCOLAR,PUENTE,PLANA ,ASFALTADA,SIN_DATO,SIN_DATO,SIN_DATO,SIN_DATO,EN PROCESO DE INVESTIGACIÓN,NO CUENTA CON CAUSA ESPECIFICA,2021,8,6,1,19,NOCHE,COSTA,1,0,LEVE,0,0
ATROPELLO FUGA,1,0,0,AREQUIPA,AREQUIPA,LA JOYA,RURAL,CARRETERA,DEPARTAMENTAL,AR-114,-16.456416,-71.843513,DESPEJADO,RURAL,CURVA,PLANA ,ASFALTADA,NO,SIN_DATO,SIN_DATO,SI,EN PROCESO DE INVESTIGACIÓN,NO CUENTA CON CAUSA ESPECIFICA,2021,8,6,1,19,NOCHE,COSTA,1,0,LEVE,0,0
CHOQUE FUGA,1,0,1,PUNO,CHUCUITO,ZEPITA,RURAL,CARRETERA,SIN CLASIFICAR,SIN CLASIFICAR,-16.537059264974175,-69.09898637882296,DESPEJADO,RURAL,OTRO,INCLINADA,TROCHA,SIN_DATO,SIN_DATO,SIN_DATO,SIN_DATO,IMPRUDENCIA DEL CONDUCTOR,EXCESO DE VELOCIDAD,2021,8,6,1,21,NOCHE,SIERRA,1,0,LEVE,0,0
DESPISTE,1,0,1,PIURA,MORROPON,CHULUCANAS,RURAL,CARRETERA,PROVINCIAL,PI-788,-5.0861814,-80.1234345,DESPEJADO,RURAL,CURVA,PLANA ,ASFALTADA,SI,PREVENTIVA (P),SIN_DATO,NO,EN PROCESO DE INVESTIGACIÓN,NO CUENTA CON CAUSA ESPECIFICA,2021,8,0,0,4,MADRUGADA,COSTA,1,0,LEVE,0,0
CHOQUE,1,2,2,PIURA,SULLANA,SULLANA,RURAL,CARRETERA,NACIONAL,PE-1N,-5.01321,-80.70007,DESPEJADO,RURAL,TRAMO RECTO,PLANA ,ASFALTADA,SIN_DATO,SIN_DATO,SIN_DATO,SIN_DATO,EN PROCESO DE INVESTIGACIÓN,NO CUENTA CON CAUSA ESPECIFICA,2021,8,0,0,6,MAÑANA,COSTA,1,2,LEVE,0,0
DESPISTE,1,0,1,CAJAMARCA,CUTERVO,CUTERVO,RURAL,CARRETERA,SIN CLASIFICAR,SIN CLASIFICAR,-6.32453046,-78.78396314,DESPEJADO,RURAL,CURVA,INCLINADA,AFIRMADO,SIN_DATO,SIN_DATO,SIN_DATO,SIN_DATO,EN PROCESO DE INVESTIGACIÓN,NO CUENTA CON CAUSA ESPECIFICA,2021,8,0,0,6,MAÑANA,SIERRA,1,0,LEVE,0,0
DESPISTE,1,3,1,HUANCAVELICA,CASTROVIRREYNA,ARMA,RURAL,CARRETERA,NACIONAL,PE-26,-13.1208769860007,-75.5427216953769,DESPEJADO,RURAL,TRAMO RECTO,PLANA ,ASFALTADA,NO,SIN_DATO,SIN_DATO,SI,EN PROCESO DE INVESTIGACIÓN,NO CUENTA CON CAUSA ESPECIFICA,2021,8,0,0,10,MAÑANA,SIERRA,1,3,GRAVE_LESIONADOS,0,1
DESPISTE,1,0,1,PUNO,AZANGARO,AZANGARO,RURAL,CARRETERA,SIN CLASIFICAR,SIN CLASIFICAR,-14.922155,-70.165595,DESPEJADO,RURAL,TRAMO RECTO,PLANA ,TROCHA,SIN_DATO,SIN_DATO,SIN_DATO,SIN_DATO,IMPRUDENCIA DEL CONDUCTOR,EXCESO DE VELOCIDAD,2021,8,0,0,12,TARDE,SIERRA,1,0,LEVE,0,0
DESPISTE,1,0,2,LIMA,LIMA,SAN BARTOLO,URBANA,CARRETERA,NACIONAL,PE-1S,-12.38429587608215,-76.77102851603604,DESPEJADO,RESIDENCIAL,TRAMO RECTO,PLANA ,ASFALTADA,SIN_DATO,SIN_DATO,SIN_DATO,SIN_DATO,EN PROCESO DE INVESTIGACIÓN,NO CUENTA CON CAUSA ESPECIFICA,2021,8,0,0,19,NOCHE,COSTA,1,0,LEVE,0,0
CHOQUE,2,0,1,PIURA,PAITA,LA HUACA,RURAL,CARRETERA,DEPARTAMENTAL,PI-102,-4.9167,-80.95936,DESPEJADO,RURAL,TRAMO RECTO,PLANA ,ASFALTADA,SIN_DATO,SIN_DATO,SIN_DATO,SIN_DATO,EN PROCESO DE INVESTIGACIÓN,NO CUENTA CON CAUSA ESPECIFICA,2021,8,0,0,19,NOCHE,COSTA,2,0,GRAVE_MORTALIDAD,1,0
CHOQUE,2,2,2,PIURA,SECHURA,BELLAVISTA DE LA UNION,RURAL,CARRETERA,PROVINCIAL,PI-1045,-5.430341667,-80.74022166666667,DESPEJADO,RURAL,TRAMO RECTO,PLANA ,ASFALTADA,SI,REGULADORA (R),PREVENTIVA (P),NO,EN PROCESO DE INVESTIGACIÓN,NO CUENTA CON CAUSA ESPECIFICA,2021,8,0,0,21,NOCHE,COSTA,2,2,GRAVE_MORTALIDAD,1,0
CHOQUE,2,1,3,AYACUCHO,LA MAR,TAMBO,RURAL,CARRETERA,NACIONAL,PE-28B,-12.962231,-74.076273,DESPEJADO,RURAL,CURVA,INCLINADA,ASFALTADA,SIN_DATO,SIN_DATO,SIN_DATO,SIN_DATO,NEGLIGENCIA DEL CONDUCTOR,CONDUCIR CON FALLAS DE FRENOS,2021,8,1,0,3,MADRUGADA,SIERRA,2,1,GRAVE_MORTALIDAD,1,0
ATROPELLO FUGA,1,0,0,LAMBAYEQUE,CHICLAYO,LA VICTORIA,RURAL,CARRETERA,NACIONAL,PE-1N,-6.817081171582661,-79.82943875697003,DESPEJADO,RURAL,TRAMO RECTO,PLANA ,ASFALTADA,SIN_DATO,SIN_DATO,SIN_DATO,SIN_DATO,EN PROCESO DE INVESTIGACIÓN,NO CUENTA CON CAUSA ESPECIFICA,2021,8,1,0,3,MADRUGADA,COSTA,1,0,LEVE,0,0
CHOQUE,1,1,2,CALLAO,CALLAO,VENTANILLA,URBANA,AVENIDA,URBANO,NO CORRESPONDE,-11.829234987499738,-77.12120340024269,DESPEJADO,RESIDENCIAL,TRAMO RECTO,PLANA ,ASFALTADA,SIN_DATO,SIN_DATO,SIN_DATO,SIN_DATO,NEGLIGENCIA DEL CONDUCTOR,OTRO (NEGLIGENCIA DEL CONDUCTOR),2021,8,1,0,5,MADRUGADA,COSTA,1,1,LEVE,0,0
DESPISTE,1,4,1,SAN MARTIN,SAN MARTIN,LA BANDA DE SHILCAYO,RURAL,CARRETERA,NACIONAL,PE-5NB,-6.49832,-76.340749,DESPEJADO,RURAL,TRAMO RECTO,PLANA ,ASFALTADA,NO,SIN_DATO,SIN_DATO,SI,IMPRUDENCIA DEL CONDUCTOR,EXCESO DE VELOCIDAD,2021,8,1,0,6,MAÑANA,SELVA,1,4,GRAVE_LESIONADOS,0,1
ATROPELLO,1,0,0,LIMA,LIMA,COMAS,URBANA,AVENIDA,URBANO,NO CORRESPONDE,-11.945384,-77.063179,DESPEJADO,ESCOLAR,TRAMO RECTO,PLANA ,ASFALTADA,SIN_DATO,SIN_DATO,SIN_DATO,SIN_DATO,EN PROCESO DE INVESTIGACIÓN,NO CUENTA CON CAUSA ESPECIFICA,2021,8,1,0,15,TARDE,COSTA,1,0,LEVE,0,0
CHOQUE,1,1,2,LIMA,LIMA,CARABAYLLO,URBANA,AVENIDA,URBANO,NO CORRESPONDE,-11.8635734,-77.008134,DESPEJADO,RURAL,TRAMO RECTO,PLANA ,ASFALTADA,SIN_DATO,SIN_DATO,SIN_DATO,SIN_DATO,EN PROCESO DE INVESTIGACIÓN,NO CUENTA CON CAUSA ESPECIFICA,2021,8,1,0,17,TARDE,COSTA,1,1,LEVE,0,0
CHOQUE,1,2,2,SAN MARTIN,SAN MARTIN,TARAPOTO,URBANA,JIRÓN,URBANO,NO CORRESPONDE,-6.484362,-76.372188,DESPEJADO,COMERCIAL,INTERSECCIÓN,PLANA ,ASFALTADA,SIN_DATO,SIN_DATO,SIN_DATO,SIN_DATO,IMPRUDENCIA DEL CONDUCTOR,OTRO (IMPRUDENCIA DEL CONDUCTOR),2021,8,2,0,3,MADRUGADA,SELVA,1,2,LEVE,0,0
CHOQUE,1,1,2,LAMBAYEQUE,LAMBAYEQUE,OLMOS,RURAL,CARRETERA,NACIONAL,PE-1N,-6.281792018219773,-80.30686674668517,NUBLADO,RURAL,TRAMO RECTO,PLANA ,ASFALTADA,SI,PREVENTIVA (P),REGULADORA (R),NO,IMPRUDENCIA DEL CONDUCTOR,INVASIÓN DE CARRIL,2021,8,2,0,5,MADRUGADA,COSTA,1,1,LEVE,0,0
ATROPELLO,1,0,0,LAMBAYEQUE,CHICLAYO,JOSE LEONARDO ORTIZ,URBANA,AVENIDA,URBANO,NO CORRESPONDE,-6.7559365,-79.8246708,DESPEJADO,RESIDENCIAL,TRAMO RECTO,PLANA ,ASFALTADA,SIN_DATO,SIN_DATO,SIN_DATO,SIN_DATO,EN PROCESO DE INVESTIGACIÓN,NO CUENTA CON CAUSA ESPECIFICA,2021,8,2,0,8,MAÑANA,COSTA,1,0,LEVE,0,0
CHOQUE FUGA,1,1,4,PUNO,AZANGARO,ARAPA,RURAL,CARRETERA,DEPARTAMENTAL,PU-114,-15.122866389345909,-70.07096940149098,SOLEADO,RURAL,TRAMO RECTO,PLANA ,ASFALTADA,SIN_DATO,SIN_DATO,SIN_DATO,SIN_DATO,INFRAESTRUCTURA Y ENTORNO VIAL,OBRAS TEMPORALES,2021,8,2,0,9,MAÑANA,SIERRA,1,1,LEVE,0,0
ATROPELLO FUGA,1,0,0,LIMA,LIMA,CHORRILLOS,URBANA,CALLE,URBANO,NO CORRESPONDE,-12.17003,-77.02477,DESPEJADO,RESIDENCIAL,INTERSECCIÓN,PLANA ,ASFALTADA,SIN_DATO,SIN_DATO,SIN_DATO,SIN_DATO,EN PROCESO DE INVESTIGACIÓN,NO CUENTA CON CAUSA ESPECIFICA,2021,8,2,0,13,TARDE,COSTA,1,0,LEVE,0,0
CHOQUE,1,1,2,LA LIBERTAD,CHEPEN,PACANGA,RURAL,CARRETERA,NACIONAL,PE-1N,-7.168367,-79.440414,DESPEJADO,RURAL,TRAMO RECTO,PLANA ,ASFALTADA,SIN_DATO,SIN_DATO,SIN_DATO,SIN_DATO,IMPRUDENCIA DEL CONDUCTOR,CONDUCIR EN ESTADO DE EBRIEDAD Y/O DROGADICCIÓN,2021,8,2,0,18,NOCHE,COSTA,1,1,LEVE,0,0
ATROPELLO FUGA,1,0,1,CAJAMARCA,CELENDIN,CELENDIN,URBANA,AVENIDA,URBANO,NO CORRESPONDE,-6.875732,-78.140011,DESPEJADO,RESIDENCIAL,TRAMO RECTO,INCLINADA,AFIRMADO,SIN_DATO,SIN_DATO,SIN_DATO,SIN_DATO,IMPRUDENCIA DEL CONDUCTOR,OTRO (IMPRUDENCIA DEL CONDUCTOR),2021,8,2,0,22,NOCHE,SIERRA,1,0,LEVE,0,0
CHOQUE FUGA,1,2,1,LAMBAYEQUE,CHICLAYO,PIMENTEL,RURAL,CARRETERA,NACIONAL,PE-1N,-6.7767084,-79.8745727,DESPEJADO,COMERCIAL,TRAMO RECTO,PLANA ,ASFALTADA,SIN_DATO,SIN_DATO,SIN_DATO,SIN_DATO,EN PROCESO DE INVESTIGACIÓN,NO CUENTA CON CAUSA ESPECIFICA,2021,8,3,0,3,MADRUGADA,COSTA,1,2,LEVE,0,0
CHOQUE,1,0,2,JUNIN,SATIPO,PANGOA,RURAL,CARRETERA,NACIONAL,PE-28C,-11.408608463246155,-74.48906960331489,DESPEJADO,RURAL,TRAMO RECTO,INCLINADA,ASFALTADA,SIN_DATO,SIN_DATO,SIN_DATO,SIN_DATO,EN PROCESO DE INVESTIGACIÓN,NO CUENTA CON CAUSA ESPECIFICA,2021,8,3,0,5,MADRUGADA,SIERRA,1,0,LEVE,0,0
DESPISTE,1,0,1,ANCASH,HUARMEY,HUARMEY,RURAL,CARRETERA,NACIONAL,PE-1N,-9.999281556007912,-78.18488797955541,DESPEJADO,RURAL,TRAMO RECTO,PLANA ,ASFALTADA,SIN_DATO,SIN_DATO,SIN_DATO,SIN_DATO,EN PROCESO DE INVESTIGACIÓN,NO CUENTA CON CAUSA ESPECIFICA,2021,8,3,0,5,MADRUGADA,SIERRA,1,0,LEVE,0,0
CHOQUE,1,1,2,LIMA,LIMA,SAN MARTIN DE PORRES,URBANA,AVENIDA,URBANO,NO CORRESPONDE,-11.981456751057491,-77.09696517185316,DESPEJADO,COMERCIAL,TRAMO RECTO,PLANA ,ASFALTADA,SIN_DATO,SIN_DATO,SIN_DATO,SIN_DATO,EN PROCESO DE INVESTIGACIÓN,NO CUENTA CON CAUSA ESPECIFICA,2021,8,3,0,10,MAÑANA,COSTA,1,1,LEVE,0,0
ATROPELLO,1,0,0,LIMA,LIMA,LA VICTORIA,URBANA,AVENIDA,URBANO,NO CORRESPONDE,-12.06384,-77.021884,SOLEADO,COMERCIAL,TRAMO RECTO,PLANA ,ASFALTADA,SIN_DATO,SIN_DATO,SIN_DATO,SIN_DATO,EN PROCESO DE INVESTIGACIÓN,NO CUENTA CON CAUSA ESPECIFICA,2021,8,3,0,10,MAÑANA,COSTA,1,0,LEVE,0,0
CHOQUE,1,1,2,PUNO,SAN ROMAN,CABANILLAS,RURAL,CARRETERA,NACIONAL,PE-34A,-15.6535889,-70.3585267,DESPEJADO,RURAL,CURVA,PLANA ,ASFALTADA,SIN_DATO,SIN_DATO,SIN_DATO,SIN_DATO,NEGLIGENCIA DEL CONDUCTOR,OTRO (NEGLIGENCIA DEL CONDUCTOR),2021,8,3,0,11,MAÑANA,SIERRA,1,1,LEVE,0,0
ATROPELLO,1,0,1,UCAYALI,CORONEL PORTILLO,CALLERIA,RURAL,JIRÓN,URBANO,NO CORRESPONDE,-8.36233927119179,-74.55228384526,DESPEJADO,RURAL,TRAMO RECTO,PLANA ,AFIRMADO,SIN_DATO,SIN_DATO,SIN_DATO,SIN_DATO,IMPRUDENCIA DEL PEATÓN,OTRO (IMPRUDENCIA DEL PEATÓN),2021,8,3,0,16,TARDE,SELVA,1,0,LEVE,0,0
CHOQUE,1,0,2,CAJAMARCA,CAJABAMBA,CAJABAMBA,URBANA,CARRETERA,NACIONAL,PE-3N,-7.61178933,-78.05854328,DESPEJADO,RESIDENCIAL,TRAMO RECTO,PLANA ,ASFALTADA,SIN_DATO,SIN_DATO,SIN_DATO,SIN_DATO,IMPRUDENCIA DEL CONDUCTOR,GIRAR IMPRUDENTEMENTE,2021,8,3,0,16,TARDE,SIERRA,1,0,LEVE,0,0
CHOQUE,1,0,2,LAMBAYEQUE,CHICLAYO,TUMAN,RURAL,CARRETERA,NACIONAL,PE-06A,-6.744491581501243,-79.68672388694293,SOLEADO,RURAL,CURVA,INCLINADA,ASFALTADA,SI,PREVENTIVA (P),INFORMATIVA (I),NO,IMPRUDENCIA DEL CONDUCTOR,INVASIÓN DE CARRIL,2021,8,3,0,17,TARDE,COSTA,1,0,LEVE,0,0
ATROPELLO FUGA,1,0,1,LA LIBERTAD,TRUJILLO,HUANCHACO,RURAL,CARRETERA,NACIONAL,PE-1N,-8.128608,-79.072843,DESPEJADO,RURAL,TRAMO RECTO,PLANA ,ASFALTADA,SIN_DATO,SIN_DATO,SIN_DATO,SIN_DATO,EN PROCESO DE INVESTIGACIÓN,NO CUENTA CON CAUSA ESPECIFICA,2021,8,3,0,19,NOCHE,COSTA,1,0,LEVE,0,0
CAÍDA DE PASAJERO,1,0,1,LAMBAYEQUE,LAMBAYEQUE,LAMBAYEQUE,RURAL,CARRETERA,NACIONAL,PE-1NJ,-6.626742,-79.888111,SIN_DATO,SIN_DATO,SIN_DATO,SIN_DATO,SIN_DATO,SIN_DATO,SIN_DATO,SIN_DATO,SIN_DATO,EN PROCESO DE INVESTIGACIÓN,NO CUENTA CON CAUSA ESPECIFICA,2021,8,3,0,19,NOCHE,COSTA,1,0,LEVE,0,0
CHOQUE,1,0,2,ANCASH,RECUAY,CATAC,RURAL,CARRETERA,NACIONAL,PE-16,-10.136476105001297,-77.30179868370803,DESPEJADO,RURAL,TRAMO RECTO,PLANA ,ASFALTADA,SI,PREVENTIVA (P),INFORMATIVA (I),SI,IMPRUDENCIA DEL CONDUCTOR,INVASIÓN DE CARRIL,2021,8,3,0,22,NOCHE,SIERRA,1,0,LEVE,0,0
CHOQUE,1,2,2,CUSCO,URUBAMBA,URUBAMBA,RURAL,CARRETERA,NACIONAL,PE-28B,-13.277328,-72.209828,DESPEJADO,RURAL,CURVA,INCLINADA,ASFALTADA,SIN_DATO,SIN_DATO,SIN_DATO,SIN_DATO,EN PROCESO DE INVESTIGACIÓN,NO CUENTA CON CAUSA ESPECIFICA,2021,8,4,0,11,MAÑANA,SIERRA,1,2,LEVE,0,0
DESPISTE,1,0,1,MOQUEGUA,MARISCAL NIETO,MOQUEGUA,RURAL,CARRETERA,NACIONAL,PE-1S,-17.266918,-71.190611,SIN_DATO,SIN_DATO,SIN_DATO,SIN_DATO,SIN_DATO,SIN_DATO,SIN_DATO,SIN_DATO,SIN_DATO,EN PROCESO DE INVESTIGACIÓN,NO CUENTA CON CAUSA ESPECIFICA,2021,8,4,0,13,TARDE,COSTA,1,0,LEVE,0,0
VOLCADURA,1,1,1,LA LIBERTAD,VIRU,VIRU,RURAL,CARRETERA,NACIONAL,PE-1N,-8.486936,-78.695287,DESPEJADO,RURAL,TRAMO RECTO,PLANA ,ASFALTADA,SIN_DATO,SIN_DATO,SIN_DATO,SIN_DATO,IMPRUDENCIA DEL CONDUCTOR,OTRO (IMPRUDENCIA DEL CONDUCTOR),2021,8,4,0,16,TARDE,COSTA,1,1,LEVE,0,0
ATROPELLO,1,0,1,PUNO,AZANGARO,AZANGARO,RURAL,CARRETERA,NACIONAL,PE-34B,-14.899844350752929,-70.19152211824833,DESPEJADO,RURAL,TRAMO RECTO,PLANA ,ASFALTADA,SIN_DATO,SIN_DATO,SIN_DATO,SIN_DATO,IMPRUDENCIA DEL CONDUCTOR,EXCESO DE VELOCIDAD,2021,8,4,0,19,NOCHE,SIERRA,1,0,LEVE,0,0
ATROPELLO,1,0,1,ANCASH,HUARI,UCO,RURAL,CARRETERA,NACIONAL,PE-14A,-9.210169251087024,-76.94633119681846,DESPEJADO,RURAL,CURVA,PLANA ,AFIRMADO,SIN_DATO,SIN_DATO,SIN_DATO,SIN_DATO,EN PROCESO DE INVESTIGACIÓN,NO CUENTA CON CAUSA ESPECIFICA,2021,8,4,0,21,NOCHE,SIERRA,1,0,LEVE,0,0