CLASE SINIESTRO,CANTIDAD DE FALLECIDOS,CANTIDAD DE LESIONADOS,CANTIDAD DE VEHICULOS DAÑADOS,DEPARTAMENTO,PROVINCIA,DISTRITO,ZONA,TIPO DE VÍA,RED VIAL,COD CARRETERA,COORDENADAS LATITUD,COORDENADAS  LONGITUD,CONDICIÓN CLIMÁTICA,ZONIFICACIÓN,CARACTERÍSTICAS DE VÍA,PERFIL LONGITUDINAL VÍA,SUPERFICIE DE CALZADA,¿EXISTE SEÑAL VERTICAL?,CLASIFICACIÓN DE LA SEÑAL VERTICAL Nº 1,CLASIFICACIÓN DE LA SEÑAL VERTICAL Nº 2,¿EXISTE SEÑAL HORIZONTAL?,CAUSA FACTOR PRINCIPAL,CAUSA ESPECÍFICA,AÑO,MES,DIA_SEMANA,ES_FIN_SEMANA,HORA_NUM,FRANJA_HORARIA,REGION_NATURAL,FALLECIDOS,LESIONADOS,CATEGORIA_SEVERIDAD,MORTALIDAD_MULTIPLE,LESION_MULTIPLE
CHOQUE,1,0,2,CAJAMARCA,JAEN,JAEN,URBANA,OTRO,URBANO,NO CORRESPONDE,-5.703239,-78.807528,DESPEJADO,RESIDENCIAL,INTERSECCIÓN,PLANA ,CONCRETO,SIN_DATO,SIN_DATO,SIN_DATO,SIN_DATO,EN PROCESO DE INVESTIGACIÓN,NO CUENTA CON CAUSA ESPECIFICA,2021,9,2,0,15,TARDE,SIERRA,1,0,LEVE,0,0
CHOQUE,1,0,0,LIMA,LIMA,LURIN,URBANA,AVENIDA,URBANO,NO CORRESPONDE,-12.275765644225062,-76.87090862740266,SOLEADO,COMERCIAL,TRAMO RECTO,PLANA ,ASFALTADA,SIN_DATO,SIN_DATO,SIN_DATO,SIN_DATO,EN PROCESO DE INVESTIGACIÓN,NO CUENTA CON CAUSA ESPECIFICA,2021,9,2,0,20,NOCHE,COSTA,1,0,LEVE,0,0
CHOQUE CON OBJETO FIJO,1,1,1,LIMA,LIMA,COMAS,URBANA,AVENIDA,URBANO,NO CORRESPONDE,-11.951160927516437,-77.05056302644783,DESPEJADO,ESCOLAR,TRAMO RECTO,PLANA ,ASFALTADA,SIN_DATO,SIN_DATO,SIN_DATO,SIN_DATO,EN PROCESO DE INVESTIGACIÓN,NO CUENTA CON CAUSA ESPECIFICA,2021,9,3,0,0,MADRUGADA,COSTA,1,1,LEVE,0,0
DESPISTE,1,3,1,AYACUCHO,LA MAR,CHUNGUI,RURAL,CARRETERA,DEPARTAMENTAL,AY-102,-13.216081,-73.634727,DESPEJADO,RURAL,CURVA,INCLINADA,ASFALTADA,SIN_DATO,SIN_DATO,SIN_DATO,SIN_DATO,IMPRUDENCIA DEL CONDUCTOR,EXCESO DE VELOCIDAD,2021,9,3,0,5,MADRUGADA,SIERRA,1,3,GRAVE_LESIONADOS,0,1
VOLCADURA,1,0,1,SAN MARTIN,PICOTA,SAN HILARION,RURAL,CARRETERA,NACIONAL,PE-5N,-6.99929,-76.44187,DESPEJADO,RURAL,TRAMO RECTO,PLANA ,ASFALTADA,NO,SIN_DATO,SIN_DATO,SI,IMPRUDENCIA DEL CONDUCTOR,CONDUCIR EN ESTADO DE EBRIEDAD Y/O DROGADICCIÓN,2021,9,3,0,6,MAÑANA,SELVA,1,0,LEVE,0,0
CHOQUE,1,3,2,CAJAMARCA,CONTUMAZA,YONAN,RURAL,CARRETERA,NACIONAL,PE-08,-7.23926398,-79.22229602,SOLEADO,RURAL,TRAMO RECTO,PLANA ,AFIRMADO,NO,SIN_DATO,SIN_DATO,NO,IMPRUDENCIA DEL CONDUCTOR,INVASIÓN DE CARRIL,2021,9,3,0,11,MAÑANA,SIERRA,1,3,GRAVE_LESIONADOS,0,1
CHOQUE,1,0,2,PUNO,LAMPA,CALAPUJA,RURAL,CARRETERA,NACIONAL,PE-3S,-15.3458064,-70.1807105,DESPEJADO,RURAL,TRAMO RECTO,PLANA ,ASFALTADA,SIN_DATO,SIN_DATO,SIN_DATO,SIN_DATO,IMPRUDENCIA DEL CONDUCTOR,CONDUCIR EN SENTIDO CONTRARIO,2021,9,3,0,18,NOCHE,SIERRA,1,0,LEVE,0,0
ATROPELLO,1,0,1,PUNO,SAN ROMAN,JULIACA,URBANA,CARRETERA,NACIONAL,PE-3S,-15.4634461,-70.1389322,DESPEJADO,RURAL,TRAMO RECTO,PLANA ,ASFALTADA,SIN_DATO,SIN_DATO,SIN_DATO,SIN_DATO,IMPRUDENCIA DEL PEATÓN,CRUCE INDEBIDO POR LA CALZADA,2021,9,3,0,21,NOCHE,SIERRA,1,0,LEVE,0,0
CHOQUE,1,0,1,CAJAMARCA,JAEN,JAEN,RURAL,CARRETERA,NACIONAL,PE-5N,-5.832726,-78.748357,DESPEJADO,RURAL,CURVA,INCLINADA,ASFALTADA,SIN_DATO,SIN_DATO,SIN_DATO,SIN_DATO,EN PROCESO DE INVESTIGACIÓN,NO CUENTA CON CAUSA ESPECIFICA,2021,10,4,0,18,NOCHE,SIERRA,1,0,LEVE,0,0
CHOQUE,1,0,2,LIMA,BARRANCA,SUPE,RURAL,CARRETERA,NACIONAL,PE-1N,-10.856982110062484,-77.69072533603766,DESPEJADO,RURAL,TRAMO RECTO,PLANA ,ASFALTADA,SIN_DATO,SIN_DATO,SIN_DATO,SIN_DATO,EN PROCESO DE INVESTIGACIÓN,NO CUENTA CON CAUSA ESPECIFICA,2021,10,4,0,19,NOCHE,COSTA,1,0,LEVE,0,0
ATROPELLO FUGA,1,0,0,LIMA,LIMA,SAN JUAN DE LURIGANCHO,URBANA,AVENIDA,URBANO,NO CORRESPONDE,-11.98678826956822,-77.01574397392685,DESPEJADO,COMERCIAL,TRAMO RECTO,PLANA ,ASFALTADA,SIN_DATO,SIN_DATO,SIN_DATO,SIN_DATO,EN PROCESO DE INVESTIGACIÓN,NO CUENTA CON CAUSA ESPECIFICA,2021,10,4,0,19,NOCHE,COSTA,1,0,LEVE,0,0
CHOQUE,1,0,2,ANCASH,SANTA,SANTA,URBANA,CARRETERA,NACIONAL,PE-1N,-8.998258205771755,-78.61797806714192,DESPEJADO,RESIDENCIAL,TRAMO RECTO,PLANA ,ASFALTADA,SIN_DATO,SIN_DATO,SIN_DATO,SIN_DATO,EN PROCESO DE INVESTIGACIÓN,NO CUENTA CON CAUSA ESPECIFICA,2021,10,4,0,21,NOCHE,SIERRA,1,0,LEVE,0,0
DESPISTE,3,1,1,LA LIBERTAD,PATAZ,PIAS,URBANA,CARRETERA,PROVINCIAL,LI-865,-7.89231008535038,-77.56053383383959,DESPEJADO,RURAL,TRAMO RECTO,PLANA ,TROCHA,SIN_DATO,SIN_DATO,SIN_DATO,SIN_DATO,IMPRUDENCIA DEL CONDUCTOR,ADELANTAR INDEBIDAMENTE,2021,10,4,0,21,NOCHE,COSTA,3,1,GRAVE_MORTALIDAD,1,0
DESPISTE,5,25,1,HUANCAVELICA,HUAYTARA,TAMBO,RURAL,CARRETERA,NACIONAL,PE-28A,-13.5020815314854,-75.1389084543188,DESPEJADO,RURAL,SINUOSA,PLANA ,ASFALTADA,SIN_DATO,SIN_DATO,SIN_DATO,SIN_DATO,EN PROCESO DE INVESTIGACIÓN,NO CUENTA CON CAUSA ESPECIFICA,2021,10,5,1,2,MADRUGADA,SIERRA,5,25,GRAVE_MORTALIDAD,1,1
DESPISTE,1,1,1,ANCASH,SIHUAS,CASHAPAMPA,RURAL,CARRETERA,NACIONAL,PE-14C,-8.595565513920915,-77.65579275880476,SIN_DATO,SIN_DATO,SIN_DATO,SIN_DATO,SIN_DATO,SIN_DATO,SIN_DATO,SIN_DATO,SIN_DATO,EN PROCESO DE INVESTIGACIÓN,NO CUENTA CON CAUSA ESPECIFICA,2021,10,5,1,10,MAÑANA,SIERRA,1,1,LEVE,0,0
ATROPELLO FUGA,1,0,1,PIURA,PIURA,CATACAOS,URBANA,CARRETERA,NACIONAL,PE-1N,-5.228525,-80.65309,DESPEJADO,COMERCIAL,TRAMO RECTO,PLANA ,ASFALTADA,SI,INFORMATIVA (I),SIN_DATO,NO,EN PROCESO DE INVESTIGACIÓN,NO CUENTA CON CAUSA ESPECIFICA,2021,10,5,1,11,MAÑANA,COSTA,1,0,LEVE,0,0
DESPISTE,1,1,1,JUNIN,CHUPACA,HUACHAC,RURAL,CARRETERA,PROVINCIAL,JU-868,-12.052939,-75.352517,DESPEJADO,RURAL,TRAMO RECTO,INCLINADA,TROCHA,SIN_DATO,SIN_DATO,SIN_DATO,SIN_DATO,IMPRUDENCIA DEL CONDUCTOR,OTRO (IMPRUDENCIA DEL CONDUCTOR),2021,10,5,1,12,TARDE,SIERRA,1,1,LEVE,0,0
CHOQUE,1,0,2,ICA,ICA,SALAS,RURAL,CARRETERA,NACIONAL,PE-1S,-13.951114,-75.79674,DESPEJADO,RURAL,TRAMO RECTO,PLANA ,ASFALTADA,SIN_DATO,SIN_DATO,SIN_DATO,SIN_DATO,EN PROCESO DE INVESTIGACIÓN,NO CUENTA CON CAUSA ESPECIFICA,2021,10,5,1,17,TARDE,COSTA,1,0,LEVE,0,0
ATROPELLO,1,0,1,LAMBAYEQUE,CHICLAYO,LA VICTORIA,URBANA,OTRO,URBANO,NO CORRESPONDE,-6.796301,-79.843871,DESPEJADO,COMERCIAL,INTERSECCIÓN,PLANA ,ASFALTADA,SIN_DATO,SIN_DATO,SIN_DATO,SIN_DATO,IMPRUDENCIA DEL CONDUCTOR,EXCESO DE VELOCIDAD,2021,10,5,1,19,NOCHE,COSTA,1,0,LEVE,0,0
CHOQUE,1,0,1,APURIMAC,ANDAHUAYLAS,JOSE MARIA ARGUEDAS,RURAL,CARRETERA,PROVINCIAL,AP-693,-13.76823096846766,-73.36587238577928,DESPEJADO,RURAL,CURVA,INCLINADA,AFIRMADO,SIN_DATO,SIN_DATO,SIN_DATO,SIN_DATO,IMPRUDENCIA DEL CONDUCTOR,CONDUCIR EN ESTADO DE EBRIEDAD Y/O DROGADICCIÓN,2021,10,5,1,20,NOCHE,SIERRA,1,0,LEVE,0,0
CHOQUE FUGA,1,0,1,LORETO,MAYNAS,SAN JUAN BAUTISTA,RURAL,CARRETERA,DEPARTAMENTAL,LO-103,-3.843165595348717,-73.33486691605374,SIN_DATO,SIN_DATO,SIN_DATO,SIN_DATO,SIN_DATO,SIN_DATO,SIN_DATO,SIN_DATO,SIN_DATO,EN PROCESO DE INVESTIGACIÓN,NO CUENTA CON CAUSA ESPECIFICA,2021,10,5,1,23,NOCHE,SELVA,1,0,LEVE,0,0
CHOQUE,1,0,2,LIMA,BARRANCA,BARRANCA,URBANA,AVENIDA,URBANO,NO CORRESPONDE,-10.752897390545105,-77.75814059112236,LLUVIOSO,COMERCIAL,INTERSECCIÓN,PLANA ,ASFALTADA,SIN_DATO,SIN_DATO,SIN_DATO,SIN_DATO,EN PROCESO DE INVESTIGACIÓN,NO CUENTA CON CAUSA ESPECIFICA,2021,10,6,1,4,MADRUGADA,COSTA,1,0,LEVE,0,0
ATROPELLO FUGA,1,0,0,PUNO,EL COLLAO,ILAVE,RURAL,CARRETERA,NACIONAL,PE-38A,-16.164515,-69.649208,DESPEJADO,RURAL,TRAMO RECTO,PLANA ,ASFALTADA,SIN_DATO,SIN_DATO,SIN_DATO,SIN_DATO,EN PROCESO DE INVESTIGACIÓN,NO CUENTA CON CAUSA ESPECIFICA,2021,10,6,1,6,MAÑANA,SIERRA,1,0,LEVE,0,0
ATROPELLO,1,0,1,LA LIBERTAD,PATAZ,PARCOY,RURAL,CARRETERA,PROVINCIAL,LI-893,-8.021766,-77.476395,DESPEJADO,RURAL,TRAMO RECTO,PLANA ,ASFALTADA,SIN_DATO,SIN_DATO,SIN_DATO,SIN_DATO,NEGLIGENCIA DEL CONDUCTOR,OTRO (NEGLIGENCIA DEL CONDUCTOR),2021,10,6,1,7,MAÑANA,COSTA,1,0,LEVE,0,0
CHOQUE,1,0,2,LIMA,BARRANCA,BARRANCA,RURAL,CARRETERA,DEPARTAMENTAL,LM-100,-10.77671786202964,-77.74506182475308,DESPEJADO,RURAL,TRAMO RECTO,PLANA ,ASFALTADA,SIN_DATO,SIN_DATO,SIN_DATO,SIN_DATO,EN PROCESO DE INVESTIGACIÓN,NO CUENTA CON CAUSA ESPECIFICA,2021,10,6,1,7,MAÑANA,COSTA,1,0,LEVE,0,0
DESPISTE,1,1,1,LIMA,LIMA,SAN MARTIN DE PORRES,URBANA,AVENIDA,URBANO,NO CORRESPONDE,-11.9907417,-77.0930204,DESPEJADO,COMERCIAL,INTERSECCIÓN,PLANA ,ASFALTADA,SIN_DATO,SIN_DATO,SIN_DATO,SIN_DATO,EN PROCESO DE INVESTIGACIÓN,NO CUENTA CON CAUSA ESPECIFICA,2021,10,6,1,12,TARDE,COSTA,1,1,LEVE,0,0
ATROPELLO,1,0,1,SAN MARTIN,SAN MARTIN,TARAPOTO,URBANA,JIRÓN,URBANO,NO CORRESPONDE,-6.48395,-76.37267,DESPEJADO,COMERCIAL,TRAMO RECTO,PLANA ,ASFALTADA,NO,SIN_DATO,SIN_DATO,SI,EN PROCESO DE INVESTIGACIÓN,NO CUENTA CON CAUSA ESPECIFICA,2021,10,6,1,19,NOCHE,SELVA,1,0,LEVE,0,0
ATROPELLO,1,0,1,LA LIBERTAD,ASCOPE,CHICAMA,URBANA,CARRETERA,NACIONAL,PE-1N,-7.920846350651576,-79.11031771336556,DESPEJADO,INDUSTRIAL,TRAMO RECTO,PLANA ,ASFALTADA,SIN_DATO,SIN_DATO,SIN_DATO,SIN_DATO,EN PROCESO DE INVESTIGACIÓN,NO CUENTA CON CAUSA ESPECIFICA,2021,10,6,1,21,NOCHE,COSTA,1,0,LEVE,0,0
ATROPELLO FUGA,1,0,1,TACNA,TACNA,CORONEL GREGORIO ALBARRACIN LANCHIPA,URBANA,AVENIDA,URBANO,NO CORRESPONDE,-18.02990354339072,-70.25125439989434,LLUVIOSO,INDUSTRIAL,TRAMO RECTO,PLANA ,ASFALTADA,SIN_DATO,SIN_DATO,SIN_DATO,SIN_DATO,IMPRUDENCIA DEL PEATÓN,ESTADO DE EBRIEDAD Y/O DROGADICCIÓN,2021,10,6,1,22,NOCHE,COSTA,1,0,LEVE,0,0
ATROPELLO FUGA,1,0,0,LA LIBERTAD,VIRU,CHAO,RURAL,CARRETERA,NACIONAL,PE-1N,-8.537008,-78.67925,DESPEJADO,RURAL,TRAMO RECTO,PLANA ,ASFALTADA,SIN_DATO,SIN_DATO,SIN_DATO,SIN_DATO,EN PROCESO DE INVESTIGACIÓN,NO CUENTA CON CAUSA ESPECIFICA,2021,10,6,1,23,NOCHE,COSTA,1,0,LEVE,0,0
DESPISTE,1,0,1,CAJAMARCA,CUTERVO,CUTERVO,RURAL,CARRETERA,PROVINCIAL,CA-825,-6.34424784,-78.90665524,DESPEJADO,RURAL,CURVA,PLANA ,AFIRMADO,SIN_DATO,SIN_DATO,SIN_DATO,SIN_DATO,IMPRUDENCIA DEL CONDUCTOR,CONDUCIR EN ESTADO DE EBRIEDAD Y/O DROGADICCIÓN,2021,10,0,0,3,MADRUGADA,SIERRA,1,0,LEVE,0,0
CHOQUE,1,9,1,CAJAMARCA,CAJAMARCA,SAN JUAN,RURAL,CARRETERA,NACIONAL,PE-08,-7.257916,-78.506222,DESPEJADO,RURAL,TRAMO RECTO,INCLINADA,ASFALTADA,SIN_DATO,SIN_DATO,SIN_DATO,SIN_DATO,IMPRUDENCIA DEL CONDUCTOR,INVASIÓN DE CARRIL,2021,10,0,0,5,MADRUGADA,SIERRA,1,9,GRAVE_LESIONADOS,0,1
ESPECIAL,1,0,1,CUSCO,ESPINAR,PALLPATA,SIN_DATO,CARRETERA,PROVINCIAL,CU-1758,-14.90162717044661,-71.09326937418774,DESPEJADO,RURAL,TRAMO RECTO,PLANA ,ASFALTADA,SIN_DATO,SIN_DATO,SIN_DATO,SIN_DATO,NEGLIGENCIA DEL CONDUCTOR,OTRO (NEGLIGENCIA DEL CONDUCTOR),2021,10,0,0,10,MAÑANA,SIERRA,1,0,LEVE,0,0
CHOQUE,1,0,2,LIMA,BARRANCA,PATIVILCA,RURAL,CARRETERA,NACIONAL,PE-16A,-10.660912731104885,-77.61419528129836,SOLEADO,RURAL,TRAMO RECTO,PLANA ,ASFALTADA,SIN_DATO,SIN_DATO,SIN_DATO,SIN_DATO,EN PROCESO DE INVESTIGACIÓN,NO CUENTA CON CAUSA ESPECIFICA,2021,10,0,0,14,TARDE,COSTA,1,0,LEVE,0,0
DESPISTE,1,0,1,CUSCO,URUBAMBA,OLLANTAYTAMBO,RURAL,CARRETERA,DEPARTAMENTAL,CU-106,-13.248447719615452,-72.25411762788868,DESPEJADO,RURAL,CURVA,PLANA ,AFIRMADO,SIN_DATO,SIN_DATO,SIN_DATO,SIN_DATO,IMPRUDENCIA DEL CONDUCTOR,EXCESO DE VELOCIDAD,2021,10,0,0,18,NOCHE,SIERRA,1,0,LEVE,0,0
CHOQUE FUGA,1,1,1,PUNO,EL COLLAO,ILAVE,RURAL,CARRETERA,NACIONAL,PE-38A,-16.096062197858306,-69.63340754356499,DESPEJADO,RURAL,TRAMO RECTO,PLANA ,ASFALTADA,SI,PREVENTIVA (P),REGULADORA (R),SI,IMPRUDENCIA DEL CONDUCTOR,OTRO (IMPRUDENCIA DEL CONDUCTOR),2021,10,0,0,19,NOCHE,SIERRA,1,1,LEVE,0,0
DESPISTE,1,1,1,LAMBAYEQUE,CHICLAYO,TUMAN,RURAL,CARRETERA,PROVINCIAL,LA-758,-6.80105,-79.685641,DESPEJADO,RURAL,CURVA,INCLINADA,ASFALTADA,SIN_DATO,SIN_DATO,SIN_DATO,SIN_DATO,IMPRUDENCIA DEL CONDUCTOR,CONDUCIR EN ESTADO DE EBRIEDAD Y/O DROGADICCIÓN,2021,10,0,0,21,NOCHE,COSTA,1,1,LEVE,0,0
VOLCADURA,1,0,1,AREQUIPA,ISLAY,MEJIA,RURAL,CARRETERA,NACIONAL,PE-1SD,-17.086751,-71.916428,DESPEJADO,RURAL,CURVA,INCLINADA,ASFALTADA,SI,REGULADORA (R),PREVENTIVA (P),SI,EN PROCESO DE INVESTIGACIÓN,NO CUENTA CON CAUSA ESPECIFICA,2021,10,1,0,5,MADRUGADA,COSTA,1,0,LEVE,0,0
DESPISTE,1,19,1,ANCASH,RECUAY,CATAC,RURAL,CARRETERA,NACIONAL,PE-3N,-9.92304537452372,-77.38727145292336,DESPEJADO,RURAL,TRAMO RECTO,INCLINADA,ASFALTADA,SIN_DATO,SIN_DATO,SIN_DATO,SIN_DATO,IMPRUDENCIA DEL CONDUCTOR,OTRO (IMPRUDENCIA DEL CONDUCTOR),2021,10,1,0,5,MADRUGADA,SIERRA,1,19,GRAVE_LESIONADOS,0,1
CHOQUE,1,1,2,PIURA,MORROPON,LA MATANZA,RURAL,CARRETERA,NACIONAL,PE-1NJ,-5.39129720817052,-80.04823204396705,DESPEJADO,RURAL,TRAMO RECTO,PLANA ,ASFALTADA,SI,PREVENTIVA (P),SIN_DATO,NO,EN PROCESO DE INVESTIGACIÓN,NO CUENTA CON CAUSA ESPECIFICA,2021,10,1,0,7,MAÑANA,COSTA,1,1,LEVE,0,0
VOLCADURA,1,0,1,ANCASH,HUARAZ,HUARAZ,URBANA,CARRETERA,NACIONAL,PE-3N,-9.535526805679268,-77.5319712920164,DESPEJADO,COMERCIAL,INTERSECCIÓN,PLANA ,CONCRETO,SIN_DATO,SIN_DATO,SIN_DATO,SIN_DATO,EN PROCESO DE INVESTIGACIÓN,NO CUENTA CON CAUSA ESPECIFICA,2021,10,1,0,8,MAÑANA,SIERRA,1,0,LEVE,0,0
ATROPELLO,1,0,0,LIMA,LIMA,INDEPENDENCIA,URBANA,AVENIDA,URBANO,NO CORRESPONDE,-12.00935130226224,-77.05182857230899,DESPEJADO,RESIDENCIAL,TRAMO RECTO,PLANA ,ASFALTADA,SIN_DATO,SIN_DATO,SIN_DATO,SIN_DATO,EN PROCESO DE INVESTIGACIÓN,NO CUENTA CON CAUSA ESPECIFICA,2021,10,1,0,14,TARDE,COSTA,1,0,LEVE,0,0
ATROPELLO FUGA,1,0,1,JUNIN,CONCEPCION,CONCEPCION,RURAL,CARRETERA,NACIONAL,PE-3S,-11.906613,-75.331392,DESPEJADO,RURAL,TRAMO RECTO,PLANA ,ASFALTADA,SIN_DATO,SIN_DATO,SIN_DATO,SIN_DATO,IMPRUDENCIA DEL PEATÓN,ESTADO DE EBRIEDAD Y/O DROGADICCIÓN,2021,10,1,0,23,NOCHE,SIERRA,1,0,LEVE,0,0
DESPISTE,1,5,1,AREQUIPA,CAYLLOMA,CHIVAY,RURAL,CARRETERA,DEPARTAMENTAL,AR-109,-15.688877,-71.593917,SOLEADO,RURAL,CURVA,INCLINADA,ASFALTADA,SI,PREVENTIVA (P),PREVENTIVA (P),SI,EN PROCESO DE INVESTIGACIÓN,NO CUENTA CON CAUSA ESPECIFICA,2021,10,2,0,12,TARDE,COSTA,1,5,GRAVE_LESIONADOS,0,1
VOLCADURA,1,0,2,JUNIN,JAUJA,LEONOR ORDOÑEZ,RURAL,CARRETERA,NACIONAL,PE-3SB,-11.8488028,-75.4238195,DESPEJADO,RURAL,TRAMO RECTO,PLANA ,ASFALTADA,SIN_DATO,SIN_DATO,SIN_DATO,SIN_DATO,IMPRUDENCIA DEL CONDUCTOR,OTRO (IMPRUDENCIA DEL CONDUCTOR),2021,10,2,0,15,TARDE,SIERRA,1,0,LEVE,0,0
CHOQUE,2,7,2,AREQUIPA,AREQUIPA,VITOR,RURAL,CARRETERA,PROVINCIAL,AR-743,-16.5767007,-71.9325388,SOLEADO,RURAL,TRAMO RECTO,PLANA ,ASFALTADA,NO,SIN_DATO,SIN_DATO,SI,EN PROCESO DE INVESTIGACIÓN,NO CUENTA CON CAUSA ESPECIFICA,2021,10,2,0,16,TARDE,COSTA,2,7,GRAVE_MORTALIDAD,1,1
ATROPELLO,1,0,0,LIMA,LIMA,SANTIAGO DE SURCO,URBANA,CARRETERA,NACIONAL,PE-1S,-12.13134804927549,-76.97835262250652,DESPEJADO,COMERCIAL,TRAMO RECTO,PLANA ,ASFALTADA,SIN_DATO,SIN_DATO,SIN_DATO,SIN_DATO,EN PROCESO DE INVESTIGACIÓN,NO CUENTA CON CAUSA ESPECIFICA,2021,10,2,0,17,TARDE,COSTA,1,0,LEVE,0,0
CAÍDA DE PASAJERO,1,0,1,LAMBAYEQUE,CHICLAYO,CHICLAYO,URBANA,OTRO,URBANO,NO CORRESPONDE,-6.778690606970792,-79.83272817188312,DESPEJADO,COMERCIAL,OTRO,INCLINADA,CONCRETO,SIN_DATO,SIN_DATO,SIN_DATO,SIN_DATO,EN PROCESO DE INVESTIGACIÓN,NO CUENTA CON CAUSA ESPECIFICA,2021,10,2,0,21,NOCHE,COSTA,1,0,LEVE,0,0
DESPISTE,1,0,1,ANCASH,RECUAY,MARCA,RURAL,CARRETERA,PROVINCIAL,AN-1239,-10.15167951929115,-77.47552153014149,DESPEJADO,RURAL,TRAMO RECTO,INCLINADA,TROCHA,SIN_DATO,SIN_DATO,SIN_DATO,SIN_DATO,EN PROCESO DE INVESTIGACIÓN,NO CUENTA CON CAUSA ESPECIFICA,2021,10,3,0,6,MAÑANA,SIERRA,1,0,LEVE,0,0
ATROPELLO,1,0,1,CAJAMARCA,CAJAMARCA,CAJAMARCA,URBANA,AVENIDA,URBANO,NO CORRESPONDE,-7.165672,-78.505686,DESPEJADO,RESIDENCIAL,TRAMO RECTO,PLANA ,ASFALTADA,SI,PREVENTIVA (P),SIN_DATO,SI,EN PROCESO DE INVESTIGACIÓN,NO CUENTA CON CAUSA ESPECIFICA,2021,10,3,0,6,MAÑANA,SIERRA,1,0,LEVE,0,0
ATROPELLO FUGA,1,0,1,PIURA,PIURA,VEINTISEIS DE OCTUBRE,URBANA,CARRETERA,NACIONAL,PE-02,-5.169773,-80.691237,DESPEJADO,INDUSTRIAL,PASE A DESNIVEL,PLANA ,ASFALTADA,SI,PREVENTIVA (P),INFORMATIVA (I),NO,EN PROCESO DE INVESTIGACIÓN,NO CUENTA CON CAUSA ESPECIFICA,2021,10,3,0,8,MAÑANA,COSTA,1,0,LEVE,0,0
CHOQUE,2,2,1,PIURA,MORROPON,CHULUCANAS,RURAL,CARRETERA,NACIONAL,PE-1NJ,-5.14669,-80.269904,DESPEJADO,RURAL,TRAMO RECTO,PLANA ,ASFALTADA,SIN_DATO,SIN_DATO,SIN_DATO,SIN_DATO,EN PROCESO DE INVESTIGACIÓN,NO CUENTA CON CAUSA ESPECIFICA,2021,10,3,0,8,MAÑANA,COSTA,2,2,GRAVE_MORTALIDAD,1,0
VOLCADURA,2,3,1,LA LIBERTAD,PACASMAYO,SAN PEDRO DE LLOC,RURAL,CARRETERA,PROVINCIAL,LI-585,-7.392739,-79.495388,DESPEJADO,RURAL,TRAMO RECTO,PLANA ,ASFALTADA,SIN_DATO,SIN_DATO,SIN_DATO,SIN_DATO,IMPRUDENCIA DEL PEATÓN,CRUCE INDEBIDO POR LA CALZADA,2021,10,3,0,14,TARDE,COSTA,2,3,GRAVE_MORTALIDAD,1,1
CHOQUE CON OBJETO FIJO,1,0,1,LIMA,LIMA,BARRANCO,URBANA,AVENIDA,URBANO,NO CORRESPONDE,-12.139583151291832,-77.01778279949289,DESPEJADO,COMERCIAL,TRAMO RECTO,PLANA ,ASFALTADA,SIN_DATO,SIN_DATO,SIN_DATO,SIN_DATO,EN PROCESO DE INVESTIGACIÓN,NO CUENTA CON CAUSA ESPECIFICA,2021,10,3,0,16,TARDE,COSTA,1,0,LEVE,0,0
CHOQUE,1,0,2,CAJAMARCA,JAEN,POMAHUACA,RURAL,CARRETERA,NACIONAL,PE-3N,-5.952115307253124,-79.23049087953318,DESPEJADO,RURAL,CURVA,INCLINADA,ASFALTADA,NO,SIN_DATO,SIN_DATO,NO,EN PROCESO DE INVESTIGACIÓN,NO CUENTA CON CAUSA ESPECIFICA,2021,10,3,0,17,TARDE,SIERRA,1,0,LEVE,0,0
CHOQUE,1,1,2,AREQUIPA,AREQUIPA,CERRO COLORADO,URBANA,CALLE,URBANO,NO CORRESPONDE,-16.32995,-71.557076,DESPEJADO,RESIDENCIAL,INTERSECCIÓN,PLANA ,ASFALTADA,NO,SIN_DATO,SIN_DATO,SI,EN PROCESO DE INVESTIGACIÓN,NO CUENTA CON CAUSA ESPECIFICA,2021,10,3,0,19,NOCHE,COSTA,1,1,LEVE,0,0
VOLCADURA,1,0,1,LIMA,LIMA,VILLA EL SALVADOR,URBANA,AVENIDA,URBANO,NO CORRESPONDE,-12.210074,-76.938764,DESPEJADO,COMERCIAL,INTERSECCIÓN,PLANA ,ASFALTADA,SIN_DATO,SIN_DATO,SIN_DATO,SIN_DATO,EN PROCESO DE INVESTIGACIÓN,NO CUENTA CON CAUSA ESPECIFICA,2021,10,3,0,19,NOCHE,COSTA,1,0,LEVE,0,0
CHOQUE CON OBJETO FIJO,1,0,1,LIMA,LIMA,SANTIAGO DE SURCO,URBANA,CARRETERA,NACIONAL,PE-1S,-12.096454474769404,-76.97998552236754,DESPEJADO,RESIDENCIAL,TRAMO RECTO,PLANA ,ASFALTADA,SIN_DATO,SIN_DATO,SIN_DATO,SIN_DATO,EN PROCESO DE INVESTIGACIÓN,NO CUENTA CON CAUSA ESPECIFICA,2021,10,3,0,19,NOCHE,COSTA,1,0,LEVE,0,0
CHOQUE,1,0,2,LAMBAYEQUE,CHICLAYO,POMALCA,RURAL,CARRETERA,NACIONAL,PE-06A,-6.753705,-79.726366,DESPEJADO,RURAL,TRAMO RECTO,PLANA ,ASFALTADA,SIN_DATO,SIN_DATO,SIN_DATO,SIN_DATO,EN PROCESO DE INVESTIGACIÓN,NO CUENTA CON CAUSA ESPECIFICA,2021,10,3,0,20,NOCHE,COSTA,1,0,LEVE,0,0