CLASE SINIESTRO,CANTIDAD DE FALLECIDOS,CANTIDAD DE LESIONADOS,CANTIDAD DE VEHICULOS DAÑADOS,DEPARTAMENTO,PROVINCIA,DISTRITO,ZONA,TIPO DE VÍA,RED VIAL,COD CARRETERA,COORDENADAS LATITUD,COORDENADAS  LONGITUD,CONDICIÓN CLIMÁTICA,ZONIFICACIÓN,CARACTERÍSTICAS DE VÍA,PERFIL LONGITUDINAL VÍA,SUPERFICIE DE CALZADA,¿EXISTE SEÑAL VERTICAL?,CLASIFICACIÓN DE LA SEÑAL VERTICAL Nº 1,CLASIFICACIÓN DE LA SEÑAL VERTICAL Nº 2,¿EXISTE SEÑAL HORIZONTAL?,CAUSA FACTOR PRINCIPAL,CAUSA ESPECÍFICA,AÑO,MES,DIA_SEMANA,ES_FIN_SEMANA,HORA_NUM,FRANJA_HORARIA,REGION_NATURAL,FALLECIDOS,LESIONADOS,CATEGORIA_SEVERIDAD,MORTALIDAD_MULTIPLE,LESION_MULTIPLE
DESPISTE,1,0,1,JUNIN,CHANCHAMAYO,PERENE,RURAL,CARRETERA,NACIONAL,PE-5S,-10.948163637161352,-75.22282116619475,SIN_DATO,SIN_DATO,SIN_DATO,SIN_DATO,SIN_DATO,SIN_DATO,SIN_DATO,SIN_DATO,SIN_DATO,EN PROCESO DE INVESTIGACIÓN,NO CUENTA CON CAUSA ESPECIFICA,2021,10,4,0,2,MADRUGADA,SIERRA,1,0,LEVE,0,0
CHOQUE,1,0,2,AREQUIPA,CAYLLOMA,MAJES,URBANA,OTRO,URBANO,NO CORRESPONDE,-16.352556,-72.208859,SOLEADO,RESIDENCIAL,TRAMO RECTO,PLANA ,AFIRMADO,SIN_DATO,SIN_DATO,SIN_DATO,SIN_DATO,EN PROCESO DE INVESTIGACIÓN,NO CUENTA CON CAUSA ESPECIFICA,2021,10,4,0,6,MAÑANA,COSTA,1,0,LEVE,0,0
DESPISTE,2,0,1,ANCASH,CORONGO,LA PAMPA,RURAL,CARRETERA,NACIONAL,PE-3NA,-8.678306725546722,-77.91874039512558,DESPEJADO,RURAL,TRAMO RECTO,INCLINADA,ASFALTADA,SIN_DATO,SIN_DATO,SIN_DATO,SIN_DATO,IMPRUDENCIA DEL CONDUCTOR,FATIGA Y/O CANSANCIO,2021,10,4,0,8,MAÑANA,SIERRA,2,0,GRAVE_MORTALIDAD,1,0
CHOQUE CON OBJETO FIJO,1,3,1,CAJAMARCA,CAJAMARCA,LLACANORA,RURAL,CARRETERA,NACIONAL,PE-3N,-7.203913,-78.435135,DESPEJADO,RURAL,TRAMO RECTO,PLANA ,ASFALTADA,SIN_DATO,SIN_DATO,SIN_DATO,SIN_DATO,IMPRUDENCIA DEL CONDUCTOR,EXCESO DE VELOCIDAD,2021,10,4,0,9,MAÑANA,SIERRA,1,3,GRAVE_LESIONADOS,0,1
ATROPELLO,1,0,1,LIMA,LIMA,COMAS,URBANA,AVENIDA,URBANO,NO CORRESPONDE,-11.940899,-77.0438,DESPEJADO,INDUSTRIAL,TRAMO RECTO,PLANA ,ASFALTADA,SIN_DATO,SIN_DATO,SIN_DATO,SIN_DATO,EN PROCESO DE INVESTIGACIÓN,NO CUENTA CON CAUSA ESPECIFICA,2021,10,4,0,10,MAÑANA,COSTA,1,0,LEVE,0,0
ATROPELLO FUGA,1,0,1,PUNO,SAN ROMAN,SAN MIGUEL,RURAL,CARRETERA,NACIONAL,PE-3S,-15.460852,-70.1393179,DESPEJADO,RURAL,TRAMO RECTO,PLANA ,ASFALTADA,SIN_DATO,SIN_DATO,SIN_DATO,SIN_DATO,EN PROCESO DE INVESTIGACIÓN,NO CUENTA CON CAUSA ESPECIFICA,2021,10,4,0,11,MAÑANA,SIERRA,1,0,LEVE,0,0
CHOQUE,1,1,2,ANCASH,HUARAZ,INDEPENDENCIA,RURAL,CARRETERA,NACIONAL,PE-14,-9.524184217703764,-77.54526433498175,DESPEJADO,RURAL,TRAMO RECTO,INCLINADA,ASFALTADA,SIN_DATO,SIN_DATO,SIN_DATO,SIN_DATO,IMPRUDENCIA DEL CONDUCTOR,INVASIÓN DE CARRIL,2021,10,4,0,14,TARDE,SIERRA,1,1,LEVE,0,0
DESPISTE,1,0,1,CALLAO,CALLAO,BELLAVISTA,URBANA,AVENIDA,URBANO,NO CORRESPONDE,-12.055473817244213,-77.10758129754797,DESPEJADO,RESIDENCIAL,TRAMO RECTO,INCLINADA,ASFALTADA,SIN_DATO,SIN_DATO,SIN_DATO,SIN_DATO,IMPRUDENCIA DEL CONDUCTOR,CONDUCIR EN ESTADO DE EBRIEDAD Y/O DROGADICCIÓN,2021,10,4,0,23,NOCHE,COSTA,1,0,LEVE,0,0
ATROPELLO,1,0,1,ICA,PALPA,PALPA,RURAL,CARRETERA,NACIONAL,PE-30D,-14.531044,-75.187675,DESPEJADO,RURAL,TRAMO RECTO,PLANA ,ASFALTADA,SIN_DATO,SIN_DATO,SIN_DATO,SIN_DATO,EN PROCESO DE INVESTIGACIÓN,NO CUENTA CON CAUSA ESPECIFICA,2021,10,5,1,2,MADRUGADA,COSTA,1,0,LEVE,0,0
ATROPELLO,1,0,1,AREQUIPA,AREQUIPA,CERRO COLORADO,URBANA,CARRETERA,NACIONAL,PE-34A,-16.342429,-71.585874,DESPEJADO,COMERCIAL,INTERSECCIÓN,PLANA ,ASFALTADA,NO,SIN_DATO,SIN_DATO,SI,EN PROCESO DE INVESTIGACIÓN,NO CUENTA CON CAUSA ESPECIFICA,2021,10,5,1,3,MADRUGADA,COSTA,1,0,LEVE,0,0
CHOQUE,1,0,1,CUSCO,CANCHIS,TINTA,RURAL,CARRETERA,NACIONAL,PE-3S,-14.152643949371454,-71.39154812679948,DESPEJADO,RURAL,TRAMO RECTO,INCLINADA,ASFALTADA,SIN_DATO,SIN_DATO,SIN_DATO,SIN_DATO,IMPRUDENCIA DEL CONDUCTOR,EXCESO DE VELOCIDAD,2021,10,5,1,7,MAÑANA,SIERRA,1,0,LEVE,0,0
DESPISTE,2,19,1,CUSCO,LA CONVENCION,HUAYOPATA,RURAL,CARRETERA,NACIONAL,PE-28B,-13.100004191349283,-72.37735462678407,DESPEJADO,RURAL,CURVA,PLANA ,ASFALTADA,SIN_DATO,SIN_DATO,SIN_DATO,SIN_DATO,IMPRUDENCIA DEL CONDUCTOR,EXCESO DE VELOCIDAD,2021,10,5,1,8,MAÑANA,SIERRA,2,19,GRAVE_MORTALIDAD,1,1
CHOQUE,1,0,2,CUSCO,CANCHIS,SAN PEDRO,URBANA,CARRETERA,NACIONAL,PE-3S,-14.184457,-71.350138,DESPEJADO,RURAL,TRAMO RECTO,PLANA ,ASFALTADA,SIN_DATO,SIN_DATO,SIN_DATO,SIN_DATO,IMPRUDENCIA DEL CONDUCTOR,EXCESO DE VELOCIDAD,2021,10,5,1,8,MAÑANA,SIERRA,1,0,LEVE,0,0
DESPISTE,1,1,1,ANCASH,SANTA,NUEVO CHIMBOTE,URBANA,CARRETERA,NACIONAL,PE-1N,-9.12566274667016,-78.534261575131,DESPEJADO,RESIDENCIAL,TRAMO RECTO,PLANA ,ASFALTADA,SIN_DATO,SIN_DATO,SIN_DATO,SIN_DATO,EN PROCESO DE INVESTIGACIÓN,NO CUENTA CON CAUSA ESPECIFICA,2021,10,5,1,9,MAÑANA,SIERRA,1,1,LEVE,0,0
ATROPELLO,1,0,1,ANCASH,SANTA,SAMANCO,RURAL,CARRETERA,NACIONAL,PE-1N,-9.277351779240735,-78.41748933380784,DESPEJADO,RURAL,TRAMO RECTO,PLANA ,ASFALTADA,SIN_DATO,SIN_DATO,SIN_DATO,SIN_DATO,IMPRUDENCIA DEL PEATÓN,ESTADO DE EBRIEDAD Y/O DROGADICCIÓN,2021,10,5,1,14,TARDE,SIERRA,1,0,LEVE,0,0
DESPISTE,2,0,1,CUSCO,ESPINAR,PALLPATA,RURAL,CARRETERA,NACIONAL,PE-3SG,-14.897640632862313,-71.20320446892045,DESPEJADO,RURAL,TRAMO RECTO,PLANA ,ASFALTADA,SI,REGULADORA (R),PREVENTIVA (P),NO,IMPRUDENCIA DEL CONDUCTOR,EXCESO DE VELOCIDAD,2021,10,5,1,19,NOCHE,SIERRA,2,0,GRAVE_MORTALIDAD,1,0
CHOQUE,1,0,0,LIMA,LIMA,LURIN,URBANA,AVENIDA,URBANO,NO CORRESPONDE,-12.250217031834625,-76.86691741288067,DESPEJADO,RESIDENCIAL,TRAMO RECTO,PLANA ,ASFALTADA,SIN_DATO,SIN_DATO,SIN_DATO,SIN_DATO,IMPRUDENCIA DEL CONDUCTOR,EXCESO DE VELOCIDAD,2021,10,5,1,20,NOCHE,COSTA,1,0,LEVE,0,0
ATROPELLO FUGA,1,0,1,LIMA,HUAURA,HUAURA,RURAL,CARRETERA,NACIONAL,PE-1N,-11.069352186346697,-77.5858579607905,SIN_DATO,SIN_DATO,SIN_DATO,SIN_DATO,SIN_DATO,SIN_DATO,SIN_DATO,SIN_DATO,SIN_DATO,EN PROCESO DE INVESTIGACIÓN,NO CUENTA CON CAUSA ESPECIFICA,2021,10,5,1,21,NOCHE,COSTA,1,0,LEVE,0,0
ATROPELLO FUGA,1,0,0,AREQUIPA,CAMANA,MARISCAL CACERES,RURAL,CARRETERA,NACIONAL,PE-1S,-16.59056493575648,-72.78737207987088,DESPEJADO,RURAL,TRAMO RECTO,PLANA ,ASFALTADA,SIN_DATO,SIN_DATO,SIN_DATO,SIN_DATO,EN PROCESO DE INVESTIGACIÓN,NO CUENTA CON CAUSA ESPECIFICA,2021,10,6,1,1,MADRUGADA,COSTA,1,0,LEVE,0,0
DESPISTE,1,0,1,JUNIN,CHANCHAMAYO,CHANCHAMAYO,RURAL,CARRETERA,NACIONAL,PE-5S,-10.94929265319884,-75.25945059336534,SIN_DATO,SIN_DATO,SIN_DATO,SIN_DATO,SIN_DATO,SIN_DATO,SIN_DATO,SIN_DATO,SIN_DATO,EN PROCESO DE INVESTIGACIÓN,NO CUENTA CON CAUSA ESPECIFICA,2021,10,6,1,2,MADRUGADA,SIERRA,1,0,LEVE,0,0
DESPISTE,2,1,1,LA LIBERTAD,PATAZ,PATAZ,RURAL,CARRETERA,PROVINCIAL,LI-860,-7.761307,-77.581554,DESPEJADO,RURAL,TRAMO RECTO,PLANA ,TROCHA,SIN_DATO,SIN_DATO,SIN_DATO,SIN_DATO,EN PROCESO DE INVESTIGACIÓN,NO CUENTA CON CAUSA ESPECIFICA,2021,10,6,1,3,MADRUGADA,COSTA,2,1,GRAVE_MORTALIDAD,1,0
ATROPELLO,1,0,1,LA LIBERTAD,TRUJILLO,SALAVERRY,RURAL,CARRETERA,NACIONAL,PE-1N,-8.344752,-78.884327,DESPEJADO,RURAL,TRAMO RECTO,PLANA ,ASFALTADA,SIN_DATO,SIN_DATO,SIN_DATO,SIN_DATO,EN PROCESO DE INVESTIGACIÓN,NO CUENTA CON CAUSA ESPECIFICA,2021,10,6,1,5,MADRUGADA,COSTA,1,0,LEVE,0,0
CHOQUE,1,0,0,TACNA,TACNA,LA YARADA LOS PALOS,RURAL,AVENIDA,URBANO,NO CORRESPONDE,-18.165491830153485,-70.45879830893082,DESPEJADO,RURAL,TRAMO RECTO,PLANA ,ASFALTADA,SI,PREVENTIVA (P),PREVENTIVA (P),NO,EN PROCESO DE INVESTIGACIÓN,NO CUENTA CON CAUSA ESPECIFICA,2021,10,6,1,9,MAÑANA,COSTA,1,0,LEVE,0,0
DESPISTE,1,0,1,PIURA,SULLANA,SULLANA,RURAL,CARRETERA,PROVINCIAL,PI-579,-4.891034,-80.641044,DESPEJADO,RURAL,TRAMO RECTO,PLANA ,AFIRMADO,SIN_DATO,SIN_DATO,SIN_DATO,SIN_DATO,EN PROCESO DE INVESTIGACIÓN,NO CUENTA CON CAUSA ESPECIFICA,2021,10,6,1,10,MAÑANA,COSTA,1,0,LEVE,0,0
DESPISTE,1,0,1,JUNIN,CHANCHAMAYO,PERENE,RURAL,CARRETERA,NACIONAL,PE-5S,-10.950734286619117,-75.22382805324851,DESPEJADO,RURAL,TRAMO RECTO,PLANA ,ASFALTADA,SIN_DATO,SIN_DATO,SIN_DATO,SIN_DATO,EN PROCESO DE INVESTIGACIÓN,NO CUENTA CON CAUSA ESPECIFICA,2021,10,6,1,12,TARDE,SIERRA,1,0,LEVE,0,0
CHOQUE,1,0,2,SAN MARTIN,SAN MARTIN,JUAN GUERRA,RURAL,CARRETERA,NACIONAL,PE-5N,-6.58914,-76.30856,DESPEJADO,RURAL,TRAMO RECTO,PLANA ,ASFALTADA,NO,SIN_DATO,SIN_DATO,SI,IMPRUDENCIA DEL CONDUCTOR,CONDUCIR EN ESTADO DE EBRIEDAD Y/O DROGADICCIÓN,2021,10,6,1,12,TARDE,SELVA,1,0,LEVE,0,0
ATROPELLO FUGA,1,0,1,CUSCO,ANTA,ANTA,RURAL,CARRETERA,NACIONAL,PE-3S,-13.4978881537579,-72.2048472862061,DESPEJADO,RURAL,TRAMO RECTO,PLANA ,ASFALTADA,SIN_DATO,SIN_DATO,SIN_DATO,SIN_DATO,IMPRUDENCIA DEL PEATÓN,ESTADO DE EBRIEDAD Y/O DROGADICCIÓN,2021,10,6,1,20,NOCHE,SIERRA,1,0,LEVE,0,0
CHOQUE,1,1,2,UCAYALI,CORONEL PORTILLO,YARINACOCHA,URBANA,AVENIDA,URBANO,NO CORRESPONDE,-8.374540756601226,-74.5653408403693,DESPEJADO,COMERCIAL,CURVA,PLANA ,CONCRETO,SIN_DATO,SIN_DATO,SIN_DATO,SIN_DATO,IMPRUDENCIA DEL CONDUCTOR,EXCESO DE VELOCIDAD,2021,10,6,1,22,NOCHE,SELVA,1,1,LEVE,0,0
ATROPELLO,1,0,1,ICA,ICA,SANTIAGO,RURAL,CARRETERA,NACIONAL,PE-1S,-14.203936083965612,-75.71465816079,DESPEJADO,RURAL,TRAMO RECTO,PLANA ,ASFALTADA,SIN_DATO,SIN_DATO,SIN_DATO,SIN_DATO,EN PROCESO DE INVESTIGACIÓN,NO CUENTA CON CAUSA ESPECIFICA,2021,10,6,1,22,NOCHE,COSTA,1,0,LEVE,0,0
ATROPELLO,1,0,0,LIMA,LIMA,PUENTE PIEDRA,URBANA,CARRETERA,NACIONAL,PE-1N,-11.85678293839159,-77.08418178294279,DESPEJADO,COMERCIAL,TRAMO RECTO,PLANA ,ASFALTADA,SIN_DATO,SIN_DATO,SIN_DATO,SIN_DATO,IMPRUDENCIA DEL CONDUCTOR,EXCESO DE VELOCIDAD,2021,10,0,0,5,MADRUGADA,COSTA,1,0,LEVE,0,0
CHOQUE,1,3,2,AREQUIPA,AREQUIPA,MIRAFLORES,URBANA,CALLE,URBANO,NO CORRESPONDE,-16.389544,-71.52078,DESPEJADO,RESIDENCIAL,INTERSECCIÓN,PLANA ,ASFALTADA,NO,SIN_DATO,SIN_DATO,SI,EN PROCESO DE INVESTIGACIÓN,NO CUENTA CON CAUSA ESPECIFICA,2021,10,0,0,19,NOCHE,COSTA,1,3,GRAVE_LESIONADOS,0,1
ATROPELLO,1,0,1,LAMBAYEQUE,LAMBAYEQUE,JAYANCA,RURAL,CARRETERA,NACIONAL,PE-1NJ,-6.35043,-79.77535,DESPEJADO,RURAL,TRAMO RECTO,PLANA ,ASFALTADA,SIN_DATO,SIN_DATO,SIN_DATO,SIN_DATO,EN PROCESO DE INVESTIGACIÓN,NO CUENTA CON CAUSA ESPECIFICA,2021,10,0,0,20,NOCHE,COSTA,1,0,LEVE,0,0
CHOQUE,1,2,2,LA LIBERTAD,ASCOPE,CHICAMA,RURAL,CARRETERA,NACIONAL,PE-1NF,-7.608115,-78.915286,DESPEJADO,RURAL,TRAMO RECTO,PLANA ,ASFALTADA,SIN_DATO,SIN_DATO,SIN_DATO,SIN_DATO,EN PROCESO DE INVESTIGACIÓN,NO CUENTA CON CAUSA ESPECIFICA,2021,10,1,0,7,MAÑANA,COSTA,1,2,LEVE,0,0
CHOQUE,1,0,1,PUNO,CARABAYA,MACUSANI,URBANA,JIRÓN,URBANO,NO CORRESPONDE,-14.061613433030606,-70.41850890199215,DESPEJADO,RESIDENCIAL,TRAMO RECTO,PLANA ,TROCHA,SIN_DATO,SIN_DATO,SIN_DATO,SIN_DATO,IMPRUDENCIA DEL CONDUCTOR,OTRO (IMPRUDENCIA DEL CONDUCTOR),2021,10,1,0,14,TARDE,SIERRA,1,0,LEVE,0,0
DESPISTE,2,0,1,CUSCO,PAUCARTAMBO,HUANCARANI,RURAL,CARRETERA,DEPARTAMENTAL,CU-115,-13.509340971245589,-71.65547085002174,DESPEJADO,RURAL,CURVA,PLANA ,AFIRMADO,SIN_DATO,SIN_DATO,SIN_DATO,SIN_DATO,IMPRUDENCIA DEL CONDUCTOR,EXCESO DE VELOCIDAD,2021,10,1,0,15,TARDE,SIERRA,2,0,GRAVE_MORTALIDAD,1,0
DESPISTE,1,1,1,ANCASH,CARHUAZ,SAN MIGUEL DE ACO,RURAL,CARRETERA,PROVINCIAL,AN-770,-9.339518242876704,-77.54852227668077,DESPEJADO,RURAL,TRAMO RECTO,INCLINADA,AFIRMADO,SIN_DATO,SIN_DATO,SIN_DATO,SIN_DATO,EN PROCESO DE INVESTIGACIÓN,NO CUENTA CON CAUSA ESPECIFICA,2021,10,1,0,21,NOCHE,SIERRA,1,1,LEVE,0,0
DESPISTE,2,0,1,HUANUCO,PACHITEA,PANAO,RURAL,CARRETERA,NACIONAL,PE-18B,-9.890868,-75.973724,SOLEADO,RURAL,CURVA,PLANA ,TROCHA,SIN_DATO,SIN_DATO,SIN_DATO,SIN_DATO,IMPRUDENCIA DEL CONDUCTOR,FATIGA Y/O CANSANCIO,2021,10,1,0,21,NOCHE,SIERRA,2,0,GRAVE_MORTALIDAD,1,0
ATROPELLO FUGA,1,0,0,PUNO,SAN ROMAN,JULIACA,RURAL,CARRETERA,NACIONAL,PE-34A,-15.5272356,-70.1847564,DESPEJADO,RURAL,TRAMO RECTO,INCLINADA,ASFALTADA,SIN_DATO,SIN_DATO,SIN_DATO,SIN_DATO,IMPERICIA DEL CONDUCTOR,SIN_DATO,2021,10,2,0,0,MADRUGADA,SIERRA,1,0,LEVE,0,0
DESPISTE,2,0,1,AYACUCHO,VICTOR FAJARDO,CAYARA,RURAL,CARRETERA,NACIONAL,PE-32A,-13.799645,-73.98397,LLUVIOSO,RURAL,CURVA,INCLINADA,TROCHA,SIN_DATO,SIN_DATO,SIN_DATO,SIN_DATO,IMPRUDENCIA DEL CONDUCTOR,CONDUCIR EN ESTADO DE EBRIEDAD Y/O DROGADICCIÓN,2021,10,2,0,5,MADRUGADA,SIERRA,2,0,GRAVE_MORTALIDAD,1,0
ATROPELLO,1,0,1,ICA,ICA,SALAS,RURAL,CARRETERA,NACIONAL,PE-1S,-13.9342557,-75.8747975,DESPEJADO,RURAL,TRAMO RECTO,PLANA ,ASFALTADA,SIN_DATO,SIN_DATO,SIN_DATO,SIN_DATO,EN PROCESO DE INVESTIGACIÓN,NO CUENTA CON CAUSA ESPECIFICA,2021,10,2,0,5,MADRUGADA,COSTA,1,0,LEVE,0,0
DESPISTE,1,0,1,PASCO,PASCO,HUARIACA,URBANA,CARRETERA,NACIONAL,PE-3N,-10.456805066766291,-76.17842262552362,DESPEJADO,COMERCIAL,CURVA,PLANA ,ASFALTADA,SIN_DATO,SIN_DATO,SIN_DATO,SIN_DATO,IMPRUDENCIA DEL CONDUCTOR,EXCESO DE VELOCIDAD,2021,10,2,0,7,MAÑANA,SIERRA,1,0,LEVE,0,0
VOLCADURA,1,0,1,LIMA,LIMA,LOS OLIVOS,URBANA,AVENIDA,URBANO,NO CORRESPONDE,-12.002560601244666,-77.08321624201264,DESPEJADO,ESCOLAR,TRAMO RECTO,PLANA ,ASFALTADA,SIN_DATO,SIN_DATO,SIN_DATO,SIN_DATO,EN PROCESO DE INVESTIGACIÓN,NO CUENTA CON CAUSA ESPECIFICA,2021,10,2,0,7,MAÑANA,COSTA,1,0,LEVE,0,0
CHOQUE,1,0,2,PUNO,PUNO,ACORA,RURAL,CARRETERA,PROVINCIAL,PU-1099,-16.502025218297213,-70.1284413810243,DESPEJADO,RURAL,TRAMO RECTO,PLANA ,TROCHA,SIN_DATO,SIN_DATO,SIN_DATO,SIN_DATO,IMPRUDENCIA DEL CONDUCTOR,EXCESO DE VELOCIDAD,2021,10,2,0,7,MAÑANA,SIERRA,1,0,LEVE,0,0
CHOQUE,1,0,1,LIMA,LIMA,ATE,URBANA,CARRETERA,NACIONAL,PE-1S,-12.064065824660595,-76.97142736402085,DESPEJADO,INDUSTRIAL,OTRO,PLANA ,ASFALTADA,SIN_DATO,SIN_DATO,SIN_DATO,SIN_DATO,EN PROCESO DE INVESTIGACIÓN,NO CUENTA CON CAUSA ESPECIFICA,2021,10,2,0,8,MAÑANA,COSTA,1,0,LEVE,0,0
CHOQUE,1,0,2,ANCASH,CASMA,COMANDANTE NOEL,RURAL,CARRETERA,NACIONAL,PE-1N,-9.408976122088768,-78.37199728459997,DESPEJADO,RURAL,TRAMO RECTO,PLANA ,ASFALTADA,SIN_DATO,SIN_DATO,SIN_DATO,SIN_DATO,EN PROCESO DE INVESTIGACIÓN,NO CUENTA CON CAUSA ESPECIFICA,2021,10,2,0,11,MAÑANA,SIERRA,1,0,LEVE,0,0
CHOQUE,1,1,1,TACNA,TACNA,PALCA,RURAL,CARRETERA,NACIONAL,PE-40,-17.78209,-69.96217,SIN_DATO,SIN_DATO,SIN_DATO,SIN_DATO,SIN_DATO,SIN_DATO,SIN_DATO,SIN_DATO,SIN_DATO,EN PROCESO DE INVESTIGACIÓN,NO CUENTA CON CAUSA ESPECIFICA,2021,10,2,0,13,TARDE,COSTA,1,1,LEVE,0,0
DESPISTE,1,0,1,ANCASH,CARHUAZ,SHILLA,RURAL,CARRETERA,DEPARTAMENTAL,AN-107,-9.13466040726226,-77.53918638598626,DESPEJADO,RURAL,TRAMO RECTO,INCLINADA,ASFALTADA,SIN_DATO,SIN_DATO,SIN_DATO,SIN_DATO,EN PROCESO DE INVESTIGACIÓN,NO CUENTA CON CAUSA ESPECIFICA,2021,10,2,0,17,TARDE,SIERRA,1,0,LEVE,0,0
CHOQUE,3,4,2,PUNO,PUNO,PUNO,URBANA,AVENIDA,URBANO,NO CORRESPONDE,-15.826448514566737,-70.0300204229295,DESPEJADO,COMERCIAL,TRAMO RECTO,PLANA ,ASFALTADA,SIN_DATO,SIN_DATO,SIN_DATO,SIN_DATO,IMPRUDENCIA DEL CONDUCTOR,CONDUCIR EN ESTADO DE EBRIEDAD Y/O DROGADICCIÓN,2021,10,2,0,17,TARDE,SIERRA,3,4,GRAVE_MORTALIDAD,1,1
CHOQUE,1,0,2,LAMBAYEQUE,CHICLAYO,CHICLAYO,URBANA,CARRETERA,NACIONAL,PE-1N,-6.792700197413746,-79.86458647590561,DESPEJADO,COMERCIAL,INTERSECCIÓN,PLANA ,ASFALTADA,SIN_DATO,SIN_DATO,SIN_DATO,SIN_DATO,EN PROCESO DE INVESTIGACIÓN,NO CUENTA CON CAUSA ESPECIFICA,2021,10,2,0,21,NOCHE,COSTA,1,0,LEVE,0,0
DESPISTE,1,1,1,SAN MARTIN,HUALLAGA,TINGO DE SAPOSOA,RURAL,CARRETERA,NACIONAL,PE-5N,-7.08634749784297,-76.6335848255816,DESPEJADO,RURAL,CURVA,INCLINADA,ASFALTADA,NO,SIN_DATO,SIN_DATO,SI,IMPRUDENCIA DEL CONDUCTOR,EXCESO DE VELOCIDAD,2021,10,3,0,2,MADRUGADA,SELVA,1,1,LEVE,0,0
ESPECIAL,1,1,1,LIMA,LIMA,LURIN,URBANA,CARRETERA,NACIONAL,PE-1S,-12.26494543869256,-76.90744130881495,DESPEJADO,RESIDENCIAL,TRAMO RECTO,PLANA ,ASFALTADA,SIN_DATO,SIN_DATO,SIN_DATO,SIN_DATO,EN PROCESO DE INVESTIGACIÓN,NO CUENTA CON CAUSA ESPECIFICA,2021,10,3,0,8,MAÑANA,COSTA,1,1,LEVE,0,0
CHOQUE,1,6,2,AREQUIPA,AREQUIPA,YURA,RURAL,CARRETERA,NACIONAL,PE-34A,-16.290627,-71.654266,DESPEJADO,RURAL,TRAMO RECTO,PLANA ,ASFALTADA,SI,PREVENTIVA (P),PREVENTIVA (P),SI,EN PROCESO DE INVESTIGACIÓN,NO CUENTA CON CAUSA ESPECIFICA,2021,10,3,0,15,TARDE,COSTA,1,6,GRAVE_LESIONADOS,0,1
CHOQUE,1,0,2,PUNO,CARABAYA,MACUSANI,URBANA,CARRETERA,NACIONAL,PE-34B,-14.0653303,-70.43374,DESPEJADO,COMERCIAL,TRAMO RECTO,PLANA ,ASFALTADA,SIN_DATO,SIN_DATO,SIN_DATO,SIN_DATO,IMPRUDENCIA DEL CONDUCTOR,NO DAR PASO PREFERENTE AL PEATÓN,2021,10,3,0,18,NOCHE,SIERRA,1,0,LEVE,0,0
ATROPELLO,1,0,1,PIURA,HUANCABAMBA,HUARMACA,URBANA,CARRETERA,PROVINCIAL,PI-965,-5.567807679145014,-79.52669794244525,DESPEJADO,COMERCIAL,TRAMO RECTO,INCLINADA,ASFALTADA,SIN_DATO,SIN_DATO,SIN_DATO,SIN_DATO,EN PROCESO DE INVESTIGACIÓN,NO CUENTA CON CAUSA ESPECIFICA,2021,10,3,0,18,NOCHE,COSTA,1,0,LEVE,0,0
CHOQUE,2,0,0,LIMA,LIMA,LA VICTORIA,URBANA,AVENIDA,URBANO,NO CORRESPONDE,-12.0770213,-77.0103256,DESPEJADO,INDUSTRIAL,ÓVALO,INCLINADA,ASFALTADA,SIN_DATO,SIN_DATO,SIN_DATO,SIN_DATO,EN PROCESO DE INVESTIGACIÓN,NO CUENTA CON CAUSA ESPECIFICA,2021,10,3,0,22,NOCHE,COSTA,2,0,GRAVE_MORTALIDAD,1,0
DESPISTE,1,0,1,PUNO,SAN ROMAN,JULIACA,URBANA,CARRETERA,NACIONAL,PE-3S,-15.486112067198365,-70.12419282206257,DESPEJADO,COMERCIAL,TRAMO RECTO,PLANA ,ASFALTADA,SIN_DATO,SIN_DATO,SIN_DATO,SIN_DATO,IMPRUDENCIA DEL CONDUCTOR,EXCESO DE VELOCIDAD,2021,10,4,0,1,MADRUGADA,SIERRA,1,0,LEVE,0,0
CHOQUE,1,0,1,AREQUIPA,CAYLLOMA,MAJES,RURAL,CARRETERA,NACIONAL,PE-1S,-16.411364,-72.235137,SOLEADO,RURAL,TRAMO RECTO,PLANA ,ASFALTADA,NO,SIN_DATO,SIN_DATO,SI,EN PROCESO DE INVESTIGACIÓN,NO CUENTA CON CAUSA ESPECIFICA,2021,10,4,0,8,MAÑANA,COSTA,1,0,LEVE,0,0
CHOQUE,1,0,2,PUNO,HUANCANE,TARACO,RURAL,CARRETERA,NACIONAL,PE-34H,-15.2963057,-69.9679999,DESPEJADO,RURAL,TRAMO RECTO,PLANA ,ASFALTADA,NO,SIN_DATO,SIN_DATO,SI,IMPRUDENCIA DEL CONDUCTOR,CONDUCIR EN SENTIDO CONTRARIO,2021,10,4,0,10,MAÑANA,SIERRA,1,0,LEVE,0,0
CHOQUE,1,4,2,LA LIBERTAD,OTUZCO,OTUZCO,RURAL,CARRETERA,NACIONAL,PE-10A,-7.966566,-78.638102,DESPEJADO,RURAL,CURVA,INCLINADA,ASFALTADA,SIN_DATO,SIN_DATO,SIN_DATO,SIN_DATO,IMPRUDENCIA DEL CONDUCTOR,ADELANTAR INDEBIDAMENTE,2021,10,4,0,16,TARDE,COSTA,1,4,GRAVE_LESIONADOS,0,1