CLASE SINIESTRO,CANTIDAD DE FALLECIDOS,CANTIDAD DE LESIONADOS,CANTIDAD DE VEHICULOS DAÑADOS,DEPARTAMENTO,PROVINCIA,DISTRITO,ZONA,TIPO DE VÍA,RED VIAL,COD CARRETERA,COORDENADAS LATITUD,COORDENADAS  LONGITUD,CONDICIÓN CLIMÁTICA,ZONIFICACIÓN,CARACTERÍSTICAS DE VÍA,PERFIL LONGITUDINAL VÍA,SUPERFICIE DE CALZADA,¿EXISTE SEÑAL VERTICAL?,CLASIFICACIÓN DE LA SEÑAL VERTICAL Nº 1,CLASIFICACIÓN DE LA SEÑAL VERTICAL Nº 2,¿EXISTE SEÑAL HORIZONTAL?,CAUSA FACTOR PRINCIPAL,CAUSA ESPECÍFICA,AÑO,MES,DIA_SEMANA,ES_FIN_SEMANA,HORA_NUM,FRANJA_HORARIA,REGION_NATURAL,FALLECIDOS,LESIONADOS,CATEGORIA_SEVERIDAD,MORTALIDAD_MULTIPLE,LESION_MULTIPLE
CHOQUE,1,0,2,CUSCO,QUISPICANCHI,OROPESA,URBANA,CARRETERA,NACIONAL,PE-3S,-13.577853631427942,-71.8162539589751,DESPEJADO,COMERCIAL,TRAMO RECTO,PLANA ,ASFALTADA,SIN_DATO,SIN_DATO,SIN_DATO,SIN_DATO,IMPRUDENCIA DEL CONDUCTOR,INVASIÓN DE CARRIL,2021,10,6,1,17,TARDE,SIERRA,1,0,LEVE,0,0
CHOQUE,1,0,2,LAMBAYEQUE,CHICLAYO,MONSEFU,RURAL,CARRETERA,PROVINCIAL,LA-778,-6.86989,-79.866706,DESPEJADO,RURAL,TRAMO RECTO,PLANA ,ASFALTADA,SIN_DATO,SIN_DATO,SIN_DATO,SIN_DATO,EN PROCESO DE INVESTIGACIÓN,NO CUENTA CON CAUSA ESPECIFICA,2021,10,6,1,17,TARDE,COSTA,1,0,LEVE,0,0
DESPISTE,1,0,1,PUNO,AZANGARO,CHUPA,RURAL,CARRETERA,DEPARTAMENTAL,PU-154,-15.194,-69.911,DESPEJADO,RURAL,TRAMO RECTO,PLANA ,ASFALTADA,SIN_DATO,SIN_DATO,SIN_DATO,SIN_DATO,IMPRUDENCIA DEL CONDUCTOR,EXCESO DE VELOCIDAD,2021,10,6,1,19,NOCHE,SIERRA,1,0,LEVE,0,0
ATROPELLO FUGA,1,0,0,LA LIBERTAD,ASCOPE,CHICAMA,RURAL,CARRETERA,NACIONAL,PE-1N,-7.897459,-79.121425,DESPEJADO,RURAL,TRAMO RECTO,PLANA ,ASFALTADA,SIN_DATO,SIN_DATO,SIN_DATO,SIN_DATO,EN PROCESO DE INVESTIGACIÓN,NO CUENTA CON CAUSA ESPECIFICA,2021,10,6,1,19,NOCHE,COSTA,1,0,LEVE,0,0
CHOQUE FUGA,1,0,2,LAMBAYEQUE,LAMBAYEQUE,JAYANCA,URBANA,CARRETERA,NACIONAL,PE-1NJ,-6.40171981871663,-79.82507764876418,DESPEJADO,ESCOLAR,TRAMO RECTO,PLANA ,ASFALTADA,SIN_DATO,SIN_DATO,SIN_DATO,SIN_DATO,EN PROCESO DE INVESTIGACIÓN,NO CUENTA CON CAUSA ESPECIFICA,2021,10,6,1,19,NOCHE,COSTA,1,0,LEVE,0,0
ATROPELLO,1,0,1,CUSCO,QUISPICANCHI,OROPESA,RURAL,CARRETERA,NACIONAL,PE-3S,-13.599007882950222,-71.77005162057515,DESPEJADO,RURAL,TRAMO RECTO,PLANA ,ASFALTADA,SIN_DATO,SIN_DATO,SIN_DATO,SIN_DATO,IMPRUDENCIA DEL PEATÓN,ESTADO DE EBRIEDAD Y/O DROGADICCIÓN,2021,10,6,1,20,NOCHE,SIERRA,1,0,LEVE,0,0
ATROPELLO FUGA,1,0,0,LAMBAYEQUE,LAMBAYEQUE,OLMOS,URBANA,CARRETERA,NACIONAL,PE-1NJ,-5.9856029,-79.7399993,DESPEJADO,COMERCIAL,TRAMO RECTO,PLANA ,ASFALTADA,SIN_DATO,SIN_DATO,SIN_DATO,SIN_DATO,EN PROCESO DE INVESTIGACIÓN,NO CUENTA CON CAUSA ESPECIFICA,2021,10,6,1,21,NOCHE,COSTA,1,0,LEVE,0,0
CHOQUE,1,2,2,HUANUCO,HUANUCO,PILLCO MARCA,URBANA,CARRETERA,NACIONAL,PE-3N,-10.003893,-76.238939,DESPEJADO,COMERCIAL,TRAMO RECTO,PLANA ,ASFALTADA,SIN_DATO,SIN_DATO,SIN_DATO,SIN_DATO,IMPRUDENCIA DEL CONDUCTOR,EXCESO DE VELOCIDAD,2021,10,6,1,22,NOCHE,SIERRA,1,2,LEVE,0,0
DESPISTE,1,0,1,CUSCO,LA CONVENCION,MARANURA,RURAL,CARRETERA,NACIONAL,PE-28B,-12.962535685409884,-72.66932958938133,DESPEJADO,RURAL,CURVA,PLANA ,ASFALTADA,SIN_DATO,SIN_DATO,SIN_DATO,SIN_DATO,IMPRUDENCIA DEL CONDUCTOR,EXCESO DE VELOCIDAD,2021,10,0,0,12,TARDE,SIERRA,1,0,LEVE,0,0
CHOQUE,1,1,2,SAN MARTIN,RIOJA,RIOJA,RURAL,CARRETERA,NACIONAL,PE-5N,-6.026225,-77.216984,DESPEJADO,RURAL,TRAMO RECTO,PLANA ,ASFALTADA,SI,PREVENTIVA (P),SIN_DATO,NO,IMPRUDENCIA DEL CONDUCTOR,CONDUCIR EN ESTADO DE EBRIEDAD Y/O DROGADICCIÓN,2021,10,0,0,15,TARDE,SELVA,1,1,LEVE,0,0
DESPISTE,1,0,1,AREQUIPA,ISLAY,MOLLENDO,RURAL,CARRETERA,NACIONAL,PE-34,-16.701865,-71.927131,NUBLADO,RURAL,TRAMO RECTO,PLANA ,ASFALTADA,NO,SIN_DATO,SIN_DATO,SI,EN PROCESO DE INVESTIGACIÓN,NO CUENTA CON CAUSA ESPECIFICA,2021,10,0,0,21,NOCHE,COSTA,1,0,LEVE,0,0
ATROPELLO,1,0,1,PUNO,LAMPA,PUCARA,RURAL,CARRETERA,PROVINCIAL,PU-727,-15.032214025591514,-70.38478515715661,DESPEJADO,RURAL,TRAMO RECTO,PLANA ,TROCHA,SIN_DATO,SIN_DATO,SIN_DATO,SIN_DATO,IMPRUDENCIA DEL PEATÓN,OTRO (IMPRUDENCIA DEL PEATÓN),2021,10,0,0,21,NOCHE,SIERRA,1,0,LEVE,0,0
CHOQUE,2,2,2,SAN MARTIN,LAMAS,CAYNARACHI,RURAL,CARRETERA,NACIONAL,PE-5NB,-6.30668,-76.28044,DESPEJADO,RURAL,CURVA,INCLINADA,ASFALTADA,SI,REGULADORA (R),SIN_DATO,SI,IMPRUDENCIA DEL CONDUCTOR,INVASIÓN DE CARRIL,2021,10,1,0,12,TARDE,SELVA,2,2,GRAVE_MORTALIDAD,1,0
CAÍDA DE PASAJERO,1,0,1,LA LIBERTAD,TRUJILLO,LA ESPERANZA,URBANA,CALLE,URBANO,NO CORRESPONDE,-8.063115,-79.078798,DESPEJADO,RESIDENCIAL,TRAMO RECTO,PLANA ,ASFALTADA,SIN_DATO,SIN_DATO,SIN_DATO,SIN_DATO,IMPRUDENCIA DEL CONDUCTOR,OTRO (IMPRUDENCIA DEL CONDUCTOR),2021,10,1,0,16,TARDE,COSTA,1,0,LEVE,0,0
ATROPELLO,1,0,0,LIMA,LIMA,SANTA ANITA,URBANA,AVENIDA,URBANO,NO CORRESPONDE,-12.0408,-76.96171,DESPEJADO,COMERCIAL,TRAMO RECTO,PLANA ,ASFALTADA,SIN_DATO,SIN_DATO,SIN_DATO,SIN_DATO,EN PROCESO DE INVESTIGACIÓN,NO CUENTA CON CAUSA ESPECIFICA,2021,10,1,0,17,TARDE,COSTA,1,0,LEVE,0,0
CHOQUE,4,0,1,ANCASH,CASMA,CASMA,RURAL,CARRETERA,NACIONAL,PE-1N,-9.44577888981608,-78.35032774850156,SIN_DATO,SIN_DATO,SIN_DATO,SIN_DATO,SIN_DATO,SIN_DATO,SIN_DATO,SIN_DATO,SIN_DATO,EN PROCESO DE INVESTIGACIÓN,NO CUENTA CON CAUSA ESPECIFICA,2021,10,2,0,4,MADRUGADA,SIERRA,4,0,GRAVE_MORTALIDAD,1,0
DESPISTE,1,1,1,ANCASH,HUAYLAS,HUALLANCA,RURAL,CARRETERA,NACIONAL,PE-3N,-8.835898852740346,-77.82921911378003,DESPEJADO,RURAL,INTERSECCIÓN,PLANA ,ASFALTADA,SIN_DATO,SIN_DATO,SIN_DATO,SIN_DATO,EN PROCESO DE INVESTIGACIÓN,NO CUENTA CON CAUSA ESPECIFICA,2021,10,2,0,6,MAÑANA,SIERRA,1,1,LEVE,0,0
ATROPELLO,1,0,1,PUNO,LAMPA,CALAPUJA,RURAL,CARRETERA,NACIONAL,PE-3S,-15.3125314,-70.228747,DESPEJADO,RURAL,TRAMO RECTO,PLANA ,ASFALTADA,SIN_DATO,SIN_DATO,SIN_DATO,SIN_DATO,IMPRUDENCIA DEL PEATÓN,CRUCE INDEBIDO POR LA CALZADA,2021,10,2,0,8,MAÑANA,SIERRA,1,0,LEVE,0,0
DESPISTE,1,1,1,ICA,NASCA,MARCONA,RURAL,CARRETERA,NACIONAL,PE-30,-15.291831,-75.105973,DESPEJADO,RURAL,TRAMO RECTO,PLANA ,ASFALTADA,SIN_DATO,SIN_DATO,SIN_DATO,SIN_DATO,EN PROCESO DE INVESTIGACIÓN,NO CUENTA CON CAUSA ESPECIFICA,2021,10,2,0,12,TARDE,COSTA,1,1,LEVE,0,0
ATROPELLO,1,0,1,LAMBAYEQUE,CHICLAYO,LAGUNAS,URBANA,CARRETERA,NACIONAL,PE-1N,-6.9920752,-79.6199359,DESPEJADO,COMERCIAL,TRAMO RECTO,PLANA ,ASFALTADA,SI,INFORMATIVA (I),PREVENTIVA (P),NO,EN PROCESO DE INVESTIGACIÓN,NO CUENTA CON CAUSA ESPECIFICA,2021,10,2,0,12,TARDE,COSTA,1,0,LEVE,0,0
DESPISTE,1,0,1,AREQUIPA,CARAVELI,ATIQUIPA,RURAL,CARRETERA,NACIONAL,PE-1S,-15.814545781165224,-74.31659275520566,DESPEJADO,RURAL,CURVA,INCLINADA,ASFALTADA,SIN_DATO,SIN_DATO,SIN_DATO,SIN_DATO,EN PROCESO DE INVESTIGACIÓN,NO CUENTA CON CAUSA ESPECIFICA,2021,10,2,0,12,TARDE,COSTA,1,0,LEVE,0,0
CHOQUE FUGA,1,1,1,PUNO,EL COLLAO,ILAVE,RURAL,CARRETERA,PROVINCIAL,PU-1153,-16.03986400376484,-69.59986905256049,DESPEJADO,RURAL,TRAMO RECTO,PLANA ,ASFALTADA,NO,SIN_DATO,SIN_DATO,NO,EN PROCESO DE INVESTIGACIÓN,NO CUENTA CON CAUSA ESPECIFICA,2021,10,2,0,20,NOCHE,SIERRA,1,1,LEVE,0,0
ATROPELLO FUGA,1,0,0,PUNO,CHUCUITO,POMATA,RURAL,CARRETERA,DEPARTAMENTAL,PU-130,-16.313503224091768,-69.25332287647309,DESPEJADO,RURAL,TRAMO RECTO,PLANA ,ASFALTADA,SIN_DATO,SIN_DATO,SIN_DATO,SIN_DATO,EN PROCESO DE INVESTIGACIÓN,NO CUENTA CON CAUSA ESPECIFICA,2021,10,2,0,21,NOCHE,SIERRA,1,0,LEVE,0,0
DESPISTE,1,0,1,CALLAO,CALLAO,CALLAO,URBANA,CARRETERA,NACIONAL,PE-20,-11.979772281188811,-77.12524665595598,DESPEJADO,INDUSTRIAL,TRAMO RECTO,PLANA ,ASFALTADA,SI,INFORMATIVA (I),SIN_DATO,SI,IMPRUDENCIA DEL CONDUCTOR,CONDUCIR EN ESTADO DE EBRIEDAD Y/O DROGADICCIÓN,2021,10,2,0,22,NOCHE,COSTA,1,0,LEVE,0,0
ESPECIAL,1,0,0,LIMA,LIMA,LURIGANCHO,URBANA,CALLE,URBANO,NO CORRESPONDE,-11.997801400730856,-76.86925638363198,DESPEJADO,COMERCIAL,TRAMO RECTO,PLANA ,CONCRETO,SIN_DATO,SIN_DATO,SIN_DATO,SIN_DATO,EN PROCESO DE INVESTIGACIÓN,NO CUENTA CON CAUSA ESPECIFICA,2021,10,3,0,6,MAÑANA,COSTA,1,0,LEVE,0,0
DESPISTE,1,2,1,HUANCAVELICA,TAYACAJA,ACOSTAMBO,RURAL,CARRETERA,NACIONAL,PE-3S,-12.3657552,-75.0411332,DESPEJADO,RURAL,CURVA,INCLINADA,ASFALTADA,SI,PREVENTIVA (P),SIN_DATO,SI,EN PROCESO DE INVESTIGACIÓN,NO CUENTA CON CAUSA ESPECIFICA,2021,10,3,0,7,MAÑANA,SIERRA,1,2,LEVE,0,0
VOLCADURA,3,0,1,CAJAMARCA,CELENDIN,MIGUEL IGLESIAS,RURAL,CARRETERA,PROVINCIAL,CA-983,-6.57825348,-78.30973257,DESPEJADO,RURAL,CURVA,INCLINADA,AFIRMADO,SIN_DATO,SIN_DATO,SIN_DATO,SIN_DATO,EN PROCESO DE INVESTIGACIÓN,NO CUENTA CON CAUSA ESPECIFICA,2021,10,3,0,14,TARDE,SIERRA,3,0,GRAVE_MORTALIDAD,1,0
CHOQUE,1,1,0,LIMA,LIMA,COMAS,URBANA,AVENIDA,URBANO,NO CORRESPONDE,-11.95769380071578,-77.04924865652266,DESPEJADO,COMERCIAL,INTERSECCIÓN,PLANA ,ASFALTADA,SIN_DATO,SIN_DATO,SIN_DATO,SIN_DATO,EN PROCESO DE INVESTIGACIÓN,NO CUENTA CON CAUSA ESPECIFICA,2021,10,3,0,17,TARDE,COSTA,1,1,LEVE,0,0
DESPISTE,1,2,1,CAJAMARCA,CAJAMARCA,CAJAMARCA,RURAL,CARRETERA,PROVINCIAL,CA-1330,-7.1424689,-78.58586446,DESPEJADO,RURAL,TRAMO RECTO,PLANA ,ASFALTADA,SIN_DATO,SIN_DATO,SIN_DATO,SIN_DATO,IMPRUDENCIA DEL CONDUCTOR,EXCESO DE VELOCIDAD,2021,10,3,0,17,TARDE,SIERRA,1,2,LEVE,0,0
CHOQUE,1,2,2,ICA,PISCO,SAN CLEMENTE,RURAL,CARRETERA,NACIONAL,PE-1S,-13.666781,-76.151503,DESPEJADO,RURAL,TRAMO RECTO,PLANA ,ASFALTADA,SIN_DATO,SIN_DATO,SIN_DATO,SIN_DATO,EN PROCESO DE INVESTIGACIÓN,NO CUENTA CON CAUSA ESPECIFICA,2021,10,3,0,20,NOCHE,COSTA,1,2,LEVE,0,0
CHOQUE,2,2,1,ICA,PISCO,INDEPENDENCIA,RURAL,CARRETERA,NACIONAL,PE-28A,-13.696581802747886,-76.01277935008501,DESPEJADO,RURAL,TRAMO RECTO,PLANA ,ASFALTADA,SIN_DATO,SIN_DATO,SIN_DATO,SIN_DATO,EN PROCESO DE INVESTIGACIÓN,NO CUENTA CON CAUSA ESPECIFICA,2021,10,4,0,1,MADRUGADA,COSTA,2,2,GRAVE_MORTALIDAD,1,0
CHOQUE,1,0,1,CUSCO,QUISPICANCHI,OCONGATE,RURAL,CARRETERA,NACIONAL,PE-30C,-13.659394,-71.421189,DESPEJADO,RURAL,CURVA,PLANA ,ASFALTADA,SIN_DATO,SIN_DATO,SIN_DATO,SIN_DATO,IMPRUDENCIA DEL CONDUCTOR,EXCESO DE VELOCIDAD,2021,10,4,0,7,MAÑANA,SIERRA,1,0,LEVE,0,0
ATROPELLO,1,0,1,TACNA,TACNA,CORONEL GREGORIO ALBARRACIN LANCHIPA,URBANA,AVENIDA,URBANO,NO CORRESPONDE,-18.08571491523633,-70.26811484537753,DESPEJADO,RESIDENCIAL,TRAMO RECTO,PLANA ,ASFALTADA,SIN_DATO,SIN_DATO,SIN_DATO,SIN_DATO,IMPRUDENCIA DEL PEATÓN,ESTADO DE EBRIEDAD Y/O DROGADICCIÓN,2021,10,4,0,19,NOCHE,COSTA,1,0,LEVE,0,0
DESPISTE,2,1,1,CAJAMARCA,SAN PABLO,TUMBADEN,RURAL,CARRETERA,PROVINCIAL,CA-1263,-6.998466,-78.713159,LLUVIOSO,RURAL,TRAMO RECTO,INCLINADA,AFIRMADO,SIN_DATO,SIN_DATO,SIN_DATO,SIN_DATO,EN PROCESO DE INVESTIGACIÓN,NO CUENTA CON CAUSA ESPECIFICA,2021,10,4,0,19,NOCHE,SIERRA,2,1,GRAVE_MORTALIDAD,1,0
VOLCADURA,1,4,1,ICA,ICA,SALAS,RURAL,CARRETERA,NACIONAL,PE-1S,-13.926327,-75.981552,DESPEJADO,RURAL,TRAMO RECTO,PLANA ,ASFALTADA,SIN_DATO,SIN_DATO,SIN_DATO,SIN_DATO,EN PROCESO DE INVESTIGACIÓN,NO CUENTA CON CAUSA ESPECIFICA,2021,10,5,1,2,MADRUGADA,COSTA,1,4,GRAVE_LESIONADOS,0,1
DESPISTE,1,0,1,PUNO,YUNGUYO,COPANI,RURAL,CARRETERA,DEPARTAMENTAL,PU-130,-16.353415021317712,-69.04422194690235,DESPEJADO,RURAL,CURVA,PLANA ,ASFALTADA,NO,SIN_DATO,SIN_DATO,SI,IMPRUDENCIA DEL CONDUCTOR,INVASIÓN DE CARRIL,2021,10,5,1,5,MADRUGADA,SIERRA,1,0,LEVE,0,0
ATROPELLO,1,0,1,CUSCO,CANCHIS,SICUANI,URBANA,CALLE,URBANO,NO CORRESPONDE,-14.26834905452551,-71.22777470332018,DESPEJADO,RESIDENCIAL,INTERSECCIÓN,PLANA ,ASFALTADA,SIN_DATO,SIN_DATO,SIN_DATO,SIN_DATO,IMPRUDENCIA DEL PEATÓN,CRUCE INDEBIDO POR LA CALZADA,2021,10,5,1,14,TARDE,SIERRA,1,0,LEVE,0,0
CHOQUE,2,0,2,PIURA,PIURA,CASTILLA,RURAL,CARRETERA,SIN CLASIFICAR,SIN CLASIFICAR,-5.188689,-80.56819,DESPEJADO,RURAL,TRAMO RECTO,PLANA ,ASFALTADA,SIN_DATO,SIN_DATO,SIN_DATO,SIN_DATO,EN PROCESO DE INVESTIGACIÓN,NO CUENTA CON CAUSA ESPECIFICA,2021,10,5,1,17,TARDE,COSTA,2,0,GRAVE_MORTALIDAD,1,0
ATROPELLO,1,1,1,SAN MARTIN,SAN MARTIN,TARAPOTO,URBANA,AVENIDA,URBANO,NO CORRESPONDE,-6.47423,-76.37269,DESPEJADO,COMERCIAL,TRAMO RECTO,PLANA ,ASFALTADA,NO,SIN_DATO,SIN_DATO,SI,IMPRUDENCIA DEL PEATÓN,CRUCE INDEBIDO POR LA CALZADA,2021,10,5,1,19,NOCHE,SELVA,1,1,LEVE,0,0
CHOQUE,1,0,3,PUNO,AZANGARO,SANTIAGO DE PUPUJA,RURAL,CARRETERA,NACIONAL,PE-34B,-15.018986909545212,-70.17962331131936,DESPEJADO,RURAL,TRAMO RECTO,PLANA ,ASFALTADA,SIN_DATO,SIN_DATO,SIN_DATO,SIN_DATO,IMPRUDENCIA DEL CONDUCTOR,CONDUCIR EN SENTIDO CONTRARIO,2021,10,5,1,21,NOCHE,SIERRA,1,0,LEVE,0,0
ATROPELLO,1,0,1,ANCASH,YUNGAY,RANRAHIRCA,RURAL,CARRETERA,NACIONAL,PE-3N,-9.172139965514432,-77.72451687642409,DESPEJADO,RURAL,TRAMO RECTO,INCLINADA,ASFALTADA,SIN_DATO,SIN_DATO,SIN_DATO,SIN_DATO,EN PROCESO DE INVESTIGACIÓN,NO CUENTA CON CAUSA ESPECIFICA,2021,10,5,1,21,NOCHE,SIERRA,1,0,LEVE,0,0
CHOQUE,1,0,2,CAJAMARCA,SAN MARCOS,CHANCAY,URBANA,CARRETERA,NACIONAL,PE-3N,-7.39785598,-78.12549721,DESPEJADO,INDUSTRIAL,TRAMO RECTO,INCLINADA,ASFALTADA,SI,PREVENTIVA (P),SIN_DATO,SI,IMPRUDENCIA DEL CONDUCTOR,CONDUCIR EN ESTADO DE EBRIEDAD Y/O DROGADICCIÓN,2021,10,5,1,23,NOCHE,SIERRA,1,0,LEVE,0,0
ATROPELLO,1,0,0,LIMA,LIMA,COMAS,URBANA,CARRETERA,NACIONAL,PE-1N,-11.93558826014672,-77.07187589247279,DESPEJADO,COMERCIAL,INTERSECCIÓN,PLANA ,ASFALTADA,SIN_DATO,SIN_DATO,SIN_DATO,SIN_DATO,EN PROCESO DE INVESTIGACIÓN,NO CUENTA CON CAUSA ESPECIFICA,2021,10,6,1,5,MADRUGADA,COSTA,1,0,LEVE,0,0
ATROPELLO FUGA,1,0,0,LIMA,LIMA,LIMA,URBANA,AVENIDA,URBANO,NO CORRESPONDE,-12.0591,-77.01383,DESPEJADO,COMERCIAL,TRAMO RECTO,PLANA ,ASFALTADA,SIN_DATO,SIN_DATO,SIN_DATO,SIN_DATO,EN PROCESO DE INVESTIGACIÓN,NO CUENTA CON CAUSA ESPECIFICA,2021,10,6,1,5,MADRUGADA,COSTA,1,0,LEVE,0,0
CHOQUE,1,2,1,LORETO,MAYNAS,SAN JUAN BAUTISTA,URBANA,CARRETERA,PROVINCIAL,LO-508,-3.7948419,-73.311574,DESPEJADO,RURAL,INTERSECCIÓN,PLANA ,ASFALTADA,SIN_DATO,SIN_DATO,SIN_DATO,SIN_DATO,IMPRUDENCIA DEL CONDUCTOR,CONDUCIR EN ESTADO DE EBRIEDAD Y/O DROGADICCIÓN,2021,10,6,1,6,MAÑANA,SELVA,1,2,LEVE,0,0
DESPISTE,2,0,1,AREQUIPA,CARAVELI,LOMAS,RURAL,CARRETERA,NACIONAL,PE-1S,-15.417790153193678,-74.89032153302107,DESPEJADO,RURAL,CURVA,INCLINADA,ASFALTADA,SIN_DATO,SIN_DATO,SIN_DATO,SIN_DATO,EN PROCESO DE INVESTIGACIÓN,NO CUENTA CON CAUSA ESPECIFICA,2021,10,6,1,7,MAÑANA,COSTA,2,0,GRAVE_MORTALIDAD,1,0
DESPISTE,1,10,1,ANCASH,BOLOGNESI,AQUIA,RURAL,CARRETERA,NACIONAL,PE-3N,-9.944539668579552,-77.09080972696864,DESPEJADO,RURAL,TRAMO RECTO,INCLINADA,ASFALTADA,SIN_DATO,SIN_DATO,SIN_DATO,SIN_DATO,EN PROCESO DE INVESTIGACIÓN,NO CUENTA CON CAUSA ESPECIFICA,2021,10,6,1,13,TARDE,SIERRA,1,10,GRAVE_LESIONADOS,0,1
CAÍDA DE PASAJERO,1,0,1,ANCASH,HUARI,UCO,RURAL,CARRETERA,NACIONAL,PE-14A,-9.189245077397938,-76.92889855963195,DESPEJADO,RURAL,TRAMO RECTO,PLANA ,ASFALTADA,SIN_DATO,SIN_DATO,SIN_DATO,SIN_DATO,EN PROCESO DE INVESTIGACIÓN,NO CUENTA CON CAUSA ESPECIFICA,2021,10,6,1,13,TARDE,SIERRA,1,0,LEVE,0,0
DESPISTE,1,0,1,LA LIBERTAD,GRAN CHIMU,CASCAS,RURAL,CARRETERA,DEPARTAMENTAL,LI-106,-7.551611,-78.762935,DESPEJADO,RURAL,TRAMO RECTO,PLANA ,AFIRMADO,SIN_DATO,SIN_DATO,SIN_DATO,SIN_DATO,EN PROCESO DE INVESTIGACIÓN,NO CUENTA CON CAUSA ESPECIFICA,2021,10,6,1,13,TARDE,COSTA,1,0,LEVE,0,0
ATROPELLO FUGA,1,0,1,PIURA,PIURA,VEINTISEIS DE OCTUBRE,URBANA,CARRETERA,NACIONAL,PE-02,-5.169754,-80.691815,DESPEJADO,RURAL,TRAMO RECTO,PLANA ,ASFALTADA,SI,PREVENTIVA (P),INFORMATIVA (I),NO,EN PROCESO DE INVESTIGACIÓN,NO CUENTA CON CAUSA ESPECIFICA,2021,10,6,1,17,TARDE,COSTA,1,0,LEVE,0,0
CHOQUE,3,4,3,PUNO,SAN ROMAN,SAN MIGUEL,RURAL,CARRETERA,NACIONAL,PE-3S,-15.4423868,-70.1406484,DESPEJADO,RURAL,TRAMO RECTO,PLANA ,ASFALTADA,SIN_DATO,SIN_DATO,SIN_DATO,SIN_DATO,IMPRUDENCIA DEL CONDUCTOR,CONDUCIR EN SENTIDO CONTRARIO,2021,10,6,1,17,TARDE,SIERRA,3,4,GRAVE_MORTALIDAD,1,1
CHOQUE CON OBJETO FIJO,1,1,1,AREQUIPA,AREQUIPA,AREQUIPA,URBANA,AVENIDA,URBANO,NO CORRESPONDE,-16.4091797,-71.542648,DESPEJADO,RESIDENCIAL,TRAMO RECTO,PLANA ,ASFALTADA,SI,REGULADORA (R),PREVENTIVA (P),SI,EN PROCESO DE INVESTIGACIÓN,NO CUENTA CON CAUSA ESPECIFICA,2021,11,0,0,2,MADRUGADA,COSTA,1,1,LEVE,0,0
CHOQUE,1,0,1,PUNO,EL COLLAO,ILAVE,URBANA,JIRÓN,URBANO,NO CORRESPONDE,-16.08237752921327,-69.64474255723714,DESPEJADO,COMERCIAL,TRAMO RECTO,PLANA ,ASFALTADA,SIN_DATO,SIN_DATO,SIN_DATO,SIN_DATO,IMPRUDENCIA DEL CONDUCTOR,OTRO (IMPRUDENCIA DEL CONDUCTOR),2021,11,0,0,4,MADRUGADA,SIERRA,1,0,LEVE,0,0
ATROPELLO,1,0,0,PUNO,CHUCUITO,ZEPITA,RURAL,CARRETERA,NACIONAL,PE-36A,-16.568724323768997,-69.25935742268182,DESPEJADO,RURAL,TRAMO RECTO,PLANA ,ASFALTADA,SIN_DATO,SIN_DATO,SIN_DATO,SIN_DATO,IMPRUDENCIA DEL PEATÓN,CRUCE INDEBIDO POR LA CALZADA,2021,11,0,0,11,MAÑANA,SIERRA,1,0,LEVE,0,0
DESPISTE,1,0,1,HUANCAVELICA,CASTROVIRREYNA,SANTA ANA,RURAL,CARRETERA,NACIONAL,PE-28D,-12.990179,-75.089773,DESPEJADO,RURAL,OTRO,PLANA ,ASFALTADA,SIN_DATO,SIN_DATO,SIN_DATO,SIN_DATO,EN PROCESO DE INVESTIGACIÓN,NO CUENTA CON CAUSA ESPECIFICA,2021,11,0,0,14,TARDE,SIERRA,1,0,LEVE,0,0
CHOQUE,1,0,1,PIURA,MORROPON,LA MATANZA,RURAL,CARRETERA,PROVINCIAL,PI-970,-5.222418,-80.113987,DESPEJADO,RURAL,TRAMO RECTO,PLANA ,ASFALTADA,SIN_DATO,SIN_DATO,SIN_DATO,SIN_DATO,EN PROCESO DE INVESTIGACIÓN,NO CUENTA CON CAUSA ESPECIFICA,2021,11,0,0,19,NOCHE,COSTA,1,0,LEVE,0,0
CHOQUE,1,0,1,JUNIN,SATIPO,PANGOA,RURAL,CARRETERA,NACIONAL,PE-28C,-11.45558,-74.49283,SIN_DATO,SIN_DATO,SIN_DATO,SIN_DATO,SIN_DATO,SIN_DATO,SIN_DATO,SIN_DATO,SIN_DATO,EN PROCESO DE INVESTIGACIÓN,NO CUENTA CON CAUSA ESPECIFICA,2021,11,0,0,20,NOCHE,SIERRA,1,0,LEVE,0,0
DESPISTE,1,0,1,LIMA,LIMA,VILLA MARIA DEL TRIUNFO,URBANA,AVENIDA,URBANO,NO CORRESPONDE,-12.21202,-76.903176,DESPEJADO,INDUSTRIAL,INTERSECCIÓN,PLANA ,ASFALTADA,SIN_DATO,SIN_DATO,SIN_DATO,SIN_DATO,EN PROCESO DE INVESTIGACIÓN,NO CUENTA CON CAUSA ESPECIFICA,2021,11,0,0,20,NOCHE,COSTA,1,0,LEVE,0,0
CHOQUE,1,0,0,LIMA,LIMA,PUENTE PIEDRA,URBANA,CARRETERA,NACIONAL,PE-1N,-11.853004,-77.089262,DESPEJADO,COMERCIAL,TRAMO RECTO,PLANA ,ASFALTADA,SIN_DATO,SIN_DATO,SIN_DATO,SIN_DATO,IMPRUDENCIA DEL CONDUCTOR,EXCESO DE VELOCIDAD,2021,11,1,0,18,NOCHE,COSTA,1,0,LEVE,0,0