CLASE SINIESTRO,CANTIDAD DE FALLECIDOS,CANTIDAD DE LESIONADOS,CANTIDAD DE VEHICULOS DAÑADOS,DEPARTAMENTO,PROVINCIA,DISTRITO,ZONA,TIPO DE VÍA,RED VIAL,COD CARRETERA,COORDENADAS LATITUD,COORDENADAS  LONGITUD,CONDICIÓN CLIMÁTICA,ZONIFICACIÓN,CARACTERÍSTICAS DE VÍA,PERFIL LONGITUDINAL VÍA,SUPERFICIE DE CALZADA,¿EXISTE SEÑAL VERTICAL?,CLASIFICACIÓN DE LA SEÑAL VERTICAL Nº 1,CLASIFICACIÓN DE LA SEÑAL VERTICAL Nº 2,¿EXISTE SEÑAL HORIZONTAL?,CAUSA FACTOR PRINCIPAL,CAUSA ESPECÍFICA,AÑO,MES,DIA_SEMANA,ES_FIN_SEMANA,HORA_NUM,FRANJA_HORARIA,REGION_NATURAL,FALLECIDOS,LESIONADOS,CATEGORIA_SEVERIDAD,MORTALIDAD_MULTIPLE,LESION_MULTIPLE
CHOQUE FUGA,1,0,1,ICA,ICA,PUEBLO NUEVO,RURAL,CARRETERA,NACIONAL,PE-1S,-14.108721,-75.718157,DESPEJADO,RURAL,TRAMO RECTO,PLANA ,ASFALTADA,SIN_DATO,SIN_DATO,SIN_DATO,SIN_DATO,EN PROCESO DE INVESTIGACIÓN,NO CUENTA CON CAUSA ESPECIFICA,2021,11,0,0,22,NOCHE,COSTA,1,0,LEVE,0,0
ATROPELLO,1,0,1,PIURA,PIURA,CASTILLA,URBANA,CARRETERA,NACIONAL,PE-1NJ,-5.223012,-80.628987,DESPEJADO,COMERCIAL,TRAMO RECTO,PLANA ,ASFALTADA,SIN_DATO,SIN_DATO,SIN_DATO,SIN_DATO,EN PROCESO DE INVESTIGACIÓN,NO CUENTA CON CAUSA ESPECIFICA,2021,11,0,0,22,NOCHE,COSTA,1,0,LEVE,0,0
DESPISTE,1,0,1,TUMBES,CONTRALMIRANTE VILLAR,ZORRITOS,RURAL,CARRETERA,NACIONAL,PE-1N,-3.8686103097982794,-80.82938784263142,DESPEJADO,RURAL,TRAMO RECTO,PLANA ,ASFALTADA,SI,PREVENTIVA (P),SIN_DATO,NO,IMPRUDENCIA DEL CONDUCTOR,EXCESO DE VELOCIDAD,2021,11,0,0,23,NOCHE,COSTA,1,0,LEVE,0,0
DESPISTE,1,1,1,APURIMAC,ANDAHUAYLAS,KISHUARA,RURAL,CARRETERA,DEPARTAMENTAL,AP-100,-13.537237,-73.181034,LLUVIOSO,RURAL,CURVA,INCLINADA,TROCHA,SIN_DATO,SIN_DATO,SIN_DATO,SIN_DATO,INFRAESTRUCTURA Y ENTORNO VIAL,FACTOR AMBIENTAL,2021,11,1,0,0,MADRUGADA,SIERRA,1,1,LEVE,0,0
ATROPELLO,1,0,1,LA LIBERTAD,TRUJILLO,EL PORVENIR,RURAL,AVENIDA,URBANO,NO CORRESPONDE,-8.087147,-79.002193,DESPEJADO,RURAL,TRAMO RECTO,PLANA ,ASFALTADA,SIN_DATO,SIN_DATO,SIN_DATO,SIN_DATO,IMPRUDENCIA DEL PEATÓN,CRUCE INDEBIDO POR LA CALZADA,2021,11,1,0,21,NOCHE,COSTA,1,0,LEVE,0,0
ATROPELLO FUGA,1,0,1,ANCASH,RECUAY,TICAPAMPA,RURAL,CARRETERA,DEPARTAMENTAL,AN-110,-9.769422717726954,-77.40669807703932,DESPEJADO,RURAL,TRAMO RECTO,INCLINADA,ASFALTADA,SIN_DATO,SIN_DATO,SIN_DATO,SIN_DATO,IMPRUDENCIA DEL CONDUCTOR,EXCESO DE VELOCIDAD,2021,12,2,0,4,MADRUGADA,SIERRA,1,0,LEVE,0,0
DESPISTE,2,0,1,PUNO,SANDIA,YANAHUAYA,RURAL,CARRETERA,DEPARTAMENTAL,PU-109,-14.257888433052557,-69.17696564787424,DESPEJADO,RURAL,CURVA,PLANA ,TROCHA,SIN_DATO,SIN_DATO,SIN_DATO,SIN_DATO,INFRAESTRUCTURA Y ENTORNO VIAL,OTRO (INFRAESTRUCTURA Y ENTORNO VIAL),2021,12,2,0,12,TARDE,SIERRA,2,0,GRAVE_MORTALIDAD,1,0
ESPECIAL,1,0,1,HUANCAVELICA,HUAYTARA,QUERCO,RURAL,OTRO,URBANO,NO CORRESPONDE,-13.9806977,-74.9752608,DESPEJADO,RURAL,SINUOSA,INCLINADA,ASFALTADA,SIN_DATO,SIN_DATO,SIN_DATO,SIN_DATO,EN PROCESO DE INVESTIGACIÓN,NO CUENTA CON CAUSA ESPECIFICA,2021,12,2,0,16,TARDE,SIERRA,1,0,LEVE,0,0
CHOQUE,1,0,2,LA LIBERTAD,TRUJILLO,LA ESPERANZA,URBANA,CALLE,URBANO,NO CORRESPONDE,-8.084816,-79.038711,DESPEJADO,RESIDENCIAL,INTERSECCIÓN,PLANA ,ASFALTADA,SIN_DATO,SIN_DATO,SIN_DATO,SIN_DATO,IMPRUDENCIA DEL CONDUCTOR,CONDUCIR EN ESTADO DE EBRIEDAD Y/O DROGADICCIÓN,2021,12,2,0,16,TARDE,COSTA,1,0,LEVE,0,0
CHOQUE,2,0,2,CUSCO,QUISPICANCHI,OROPESA,RURAL,CARRETERA,NACIONAL,PE-3S,-13.595791849235129,-71.78020456935981,DESPEJADO,RURAL,TRAMO RECTO,PLANA ,ASFALTADA,SIN_DATO,SIN_DATO,SIN_DATO,SIN_DATO,IMPRUDENCIA DEL CONDUCTOR,EXCESO DE VELOCIDAD,2021,12,2,0,17,TARDE,SIERRA,2,0,GRAVE_MORTALIDAD,1,0
VOLCADURA,1,0,1,LIMA,LIMA,SAN JUAN DE LURIGANCHO,URBANA,AVENIDA,URBANO,NO CORRESPONDE,-11.982914,-76.993324,DESPEJADO,RESIDENCIAL,TRAMO RECTO,PLANA ,ASFALTADA,SI,PREVENTIVA (P),SIN_DATO,SI,IMPRUDENCIA DEL CONDUCTOR,OTRO (IMPRUDENCIA DEL CONDUCTOR),2021,12,2,0,17,TARDE,COSTA,1,0,LEVE,0,0
CHOQUE,1,0,2,ICA,ICA,LOS AQUIJES,RURAL,AVENIDA,URBANO,NO CORRESPONDE,-14.097228,-75.699109,DESPEJADO,RURAL,CURVA,PLANA ,ASFALTADA,SIN_DATO,SIN_DATO,SIN_DATO,SIN_DATO,EN PROCESO DE INVESTIGACIÓN,NO CUENTA CON CAUSA ESPECIFICA,2021,12,2,0,20,NOCHE,COSTA,1,0,LEVE,0,0
CHOQUE,1,0,2,TUMBES,TUMBES,LA CRUZ,RURAL,CARRETERA,NACIONAL,PE-1N,-3.6307421369780535,-80.57235174136059,DESPEJADO,RURAL,TRAMO RECTO,PLANA ,ASFALTADA,SIN_DATO,SIN_DATO,SIN_DATO,SIN_DATO,IMPRUDENCIA DEL CONDUCTOR,EXCESO DE VELOCIDAD,2021,12,3,0,8,MAÑANA,COSTA,1,0,LEVE,0,0
CHOQUE,1,0,1,LIMA,LIMA,LURIGANCHO,URBANA,AUTOPISTA,URBANO,NO CORRESPONDE,-12.011532,-76.891939,DESPEJADO,RESIDENCIAL,TRAMO RECTO,INCLINADA,ASFALTADA,SIN_DATO,SIN_DATO,SIN_DATO,SIN_DATO,EN PROCESO DE INVESTIGACIÓN,NO CUENTA CON CAUSA ESPECIFICA,2021,12,3,0,17,TARDE,COSTA,1,0,LEVE,0,0
ATROPELLO FUGA,1,0,0,LAMBAYEQUE,LAMBAYEQUE,MOTUPE,URBANA,CARRETERA,NACIONAL,PE-1NJ,-6.1537335,-79.7078371,DESPEJADO,COMERCIAL,TRAMO RECTO,PLANA ,ASFALTADA,SIN_DATO,SIN_DATO,SIN_DATO,SIN_DATO,EN PROCESO DE INVESTIGACIÓN,NO CUENTA CON CAUSA ESPECIFICA,2021,12,3,0,20,NOCHE,COSTA,1,0,LEVE,0,0
ATROPELLO FUGA,1,0,1,PIURA,PIURA,CASTILLA,RURAL,CARRETERA,DEPARTAMENTAL,PI-126,-5.10173505,-80.5979354,DESPEJADO,RURAL,TRAMO RECTO,PLANA ,ASFALTADA,SIN_DATO,SIN_DATO,SIN_DATO,SIN_DATO,EN PROCESO DE INVESTIGACIÓN,NO CUENTA CON CAUSA ESPECIFICA,2021,12,3,0,20,NOCHE,COSTA,1,0,LEVE,0,0
ATROPELLO FUGA,1,0,1,SAN MARTIN,MOYOBAMBA,JEPELACIO,URBANA,CARRETERA,NACIONAL,PE-5N,-6.127369,-76.843872,DESPEJADO,RURAL,TRAMO RECTO,INCLINADA,ASFALTADA,NO,SIN_DATO,SIN_DATO,NO,IMPRUDENCIA DEL CONDUCTOR,OTRO (IMPRUDENCIA DEL CONDUCTOR),2021,12,4,0,5,MADRUGADA,SELVA,1,0,LEVE,0,0
DESPISTE,1,3,1,PIURA,PIURA,CASTILLA,RURAL,CARRETERA,NACIONAL,PE-1NJ,-5.157905,-80.498647,DESPEJADO,RURAL,TRAMO RECTO,INCLINADA,ASFALTADA,SIN_DATO,SIN_DATO,SIN_DATO,SIN_DATO,EN PROCESO DE INVESTIGACIÓN,NO CUENTA CON CAUSA ESPECIFICA,2021,12,4,0,6,MAÑANA,COSTA,1,3,GRAVE_LESIONADOS,0,1
VOLCADURA,1,1,1,APURIMAC,ABANCAY,LAMBRAMA,RURAL,CARRETERA,PROVINCIAL,AP-833,-13.731927162618453,-72.87942252312583,SIN_DATO,SIN_DATO,SIN_DATO,SIN_DATO,SIN_DATO,SIN_DATO,SIN_DATO,SIN_DATO,SIN_DATO,EN PROCESO DE INVESTIGACIÓN,NO CUENTA CON CAUSA ESPECIFICA,2021,12,4,0,12,TARDE,SIERRA,1,1,LEVE,0,0
DESPISTE,2,1,1,APURIMAC,ANDAHUAYLAS,HUANCARAMA,RURAL,CARRETERA,NACIONAL,PE-3S,-13.641459,-73.097459,LLUVIOSO,RURAL,CURVA,PLANA ,AFIRMADO,NO,SIN_DATO,SIN_DATO,SI,IMPRUDENCIA DEL CONDUCTOR,EXCESO DE VELOCIDAD,2021,12,4,0,15,TARDE,SIERRA,2,1,GRAVE_MORTALIDAD,1,0
ATROPELLO,1,0,1,ANCASH,HUARI,MASIN,RURAL,CARRETERA,PROVINCIAL,AN-665,-9.364948549731489,-77.09565316427269,SOLEADO,RURAL,CURVA,INCLINADA,AFIRMADO,SIN_DATO,SIN_DATO,SIN_DATO,SIN_DATO,IMPRUDENCIA DEL PEATÓN,CRUCE INDEBIDO POR LA CALZADA,2021,12,4,0,17,TARDE,SIERRA,1,0,LEVE,0,0
DESPISTE,1,2,1,APURIMAC,ANDAHUAYLAS,HUANCARAY,RURAL,CARRETERA,SIN CLASIFICAR,SIN CLASIFICAR,-13.730434,-73.533048,SIN_DATO,SIN_DATO,SIN_DATO,SIN_DATO,SIN_DATO,SIN_DATO,SIN_DATO,SIN_DATO,SIN_DATO,EN PROCESO DE INVESTIGACIÓN,NO CUENTA CON CAUSA ESPECIFICA,2021,12,4,0,20,NOCHE,SIERRA,1,2,LEVE,0,0
DESPISTE,1,0,1,AREQUIPA,CASTILLA,URACA,RURAL,CARRETERA,DEPARTAMENTAL,AR-105,-16.321251073482532,-72.44685224063642,DESPEJADO,RURAL,SINUOSA,INCLINADA,ASFALTADA,SIN_DATO,SIN_DATO,SIN_DATO,SIN_DATO,EN PROCESO DE INVESTIGACIÓN,NO CUENTA CON CAUSA ESPECIFICA,2021,12,5,1,12,TARDE,COSTA,1,0,LEVE,0,0
DESPISTE,1,0,2,LIMA,LIMA,LOS OLIVOS,URBANA,AVENIDA,URBANO,NO CORRESPONDE,-11.976829134541228,-77.08142900205921,DESPEJADO,RESIDENCIAL,INTERSECCIÓN,PLANA ,ASFALTADA,SIN_DATO,SIN_DATO,SIN_DATO,SIN_DATO,IMPRUDENCIA DEL CONDUCTOR,CONDUCIR EN ESTADO DE EBRIEDAD Y/O DROGADICCIÓN,2021,12,5,1,19,NOCHE,COSTA,1,0,LEVE,0,0
ATROPELLO,1,0,0,LIMA,LIMA,ATE,URBANA,CARRETERA,NACIONAL,PE-22,-12.012510749146264,-76.87878810644341,DESPEJADO,RESIDENCIAL,TRAMO RECTO,PLANA ,EMPEDRADO,SIN_DATO,SIN_DATO,SIN_DATO,SIN_DATO,EN PROCESO DE INVESTIGACIÓN,NO CUENTA CON CAUSA ESPECIFICA,2021,12,6,1,0,MADRUGADA,COSTA,1,0,LEVE,0,0
CHOQUE,1,0,1,CUSCO,ANTA,ANTA,RURAL,CARRETERA,NACIONAL,PE-3S,-13.49562146800394,-72.18019619222027,SIN_DATO,SIN_DATO,SIN_DATO,SIN_DATO,SIN_DATO,SIN_DATO,SIN_DATO,SIN_DATO,SIN_DATO,EN PROCESO DE INVESTIGACIÓN,NO CUENTA CON CAUSA ESPECIFICA,2021,12,6,1,2,MADRUGADA,SIERRA,1,0,LEVE,0,0
CHOQUE,1,3,2,LIMA,HUARAL,AUCALLAMA,RURAL,CARRETERA,NACIONAL,PE-20C,-11.569692,-77.202781,DESPEJADO,RURAL,TRAMO RECTO,PLANA ,ASFALTADA,SIN_DATO,SIN_DATO,SIN_DATO,SIN_DATO,IMPRUDENCIA DEL CONDUCTOR,INVASIÓN DE CARRIL,2021,12,6,1,7,MAÑANA,COSTA,1,3,GRAVE_LESIONADOS,0,1
DESPISTE,1,0,1,PUNO,EL COLLAO,SANTA ROSA,RURAL,CARRETERA,NACIONAL,PE-38A,-16.643848210040442,-69.71485007913589,DESPEJADO,RURAL,TRAMO RECTO,PLANA ,ASFALTADA,SIN_DATO,SIN_DATO,SIN_DATO,SIN_DATO,INFRAESTRUCTURA Y ENTORNO VIAL,OTRO (INFRAESTRUCTURA Y ENTORNO VIAL),2021,12,6,1,8,MAÑANA,SIERRA,1,0,LEVE,0,0
CHOQUE,1,1,2,ICA,PALPA,SANTA CRUZ,RURAL,CARRETERA,NACIONAL,PE-1S,-14.50349,-75.256953,DESPEJADO,RURAL,TRAMO RECTO,PLANA ,ASFALTADA,SIN_DATO,SIN_DATO,SIN_DATO,SIN_DATO,EN PROCESO DE INVESTIGACIÓN,NO CUENTA CON CAUSA ESPECIFICA,2021,12,6,1,11,MAÑANA,COSTA,1,1,LEVE,0,0
ATROPELLO,1,0,0,LIMA,LIMA,ATE,URBANA,CARRETERA,NACIONAL,PE-1S,-12.072798427511898,-76.97388851495127,SOLEADO,RESIDENCIAL,TRAMO RECTO,PLANA ,ASFALTADA,SI,REGULADORA (R),SIN_DATO,NO,EN PROCESO DE INVESTIGACIÓN,NO CUENTA CON CAUSA ESPECIFICA,2021,12,6,1,15,TARDE,COSTA,1,0,LEVE,0,0
DESPISTE,1,2,1,AREQUIPA,CAYLLOMA,MAJES,RURAL,CARRETERA,NACIONAL,PE-1S,-16.538482051303,-72.51726972660755,DESPEJADO,RURAL,CURVA,INCLINADA,ASFALTADA,SIN_DATO,SIN_DATO,SIN_DATO,SIN_DATO,EN PROCESO DE INVESTIGACIÓN,NO CUENTA CON CAUSA ESPECIFICA,2021,12,6,1,17,TARDE,COSTA,1,2,LEVE,0,0
DESPISTE,1,3,1,HUANCAVELICA,HUAYTARA,HUAYTARA,RURAL,CARRETERA,NACIONAL,PE-28A,-13.6038446,-75.3175364,DESPEJADO,RESIDENCIAL,SINUOSA,PLANA ,ASFALTADA,SIN_DATO,SIN_DATO,SIN_DATO,SIN_DATO,EN PROCESO DE INVESTIGACIÓN,NO CUENTA CON CAUSA ESPECIFICA,2021,12,6,1,17,TARDE,SIERRA,1,3,GRAVE_LESIONADOS,0,1
ATROPELLO FUGA,1,0,1,PIURA,SECHURA,SECHURA,URBANA,CARRETERA,NACIONAL,PE-1NK,-5.56417321160881,-80.8218015616626,DESPEJADO,INDUSTRIAL,TRAMO RECTO,PLANA ,ASFALTADA,SIN_DATO,SIN_DATO,SIN_DATO,SIN_DATO,EN PROCESO DE INVESTIGACIÓN,NO CUENTA CON CAUSA ESPECIFICA,2021,12,6,1,21,NOCHE,COSTA,1,0,LEVE,0,0
ATROPELLO,1,0,2,LIMA,BARRANCA,SUPE,RURAL,CARRETERA,NACIONAL,PE-1N,-10.829079376898283,-77.70009623782502,DESPEJADO,RURAL,TRAMO RECTO,PLANA ,ASFALTADA,SIN_DATO,SIN_DATO,SIN_DATO,SIN_DATO,EN PROCESO DE INVESTIGACIÓN,NO CUENTA CON CAUSA ESPECIFICA,2021,12,6,1,21,NOCHE,COSTA,1,0,LEVE,0,0
CHOQUE,1,0,2,SAN MARTIN,LAMAS,LAMAS,RURAL,CARRETERA,DEPARTAMENTAL,SM-104,-6.44466,-76.49034,DESPEJADO,RURAL,TRAMO RECTO,PLANA ,ASFALTADA,NO,SIN_DATO,SIN_DATO,SI,IMPRUDENCIA DEL CONDUCTOR,EXCESO DE VELOCIDAD,2021,12,0,0,1,MADRUGADA,SELVA,1,0,LEVE,0,0
ATROPELLO FUGA,1,0,1,CUSCO,ANTA,ANCAHUASI,RURAL,CARRETERA,NACIONAL,PE-3S,-13.459905961050266,-72.29229923407908,DESPEJADO,RURAL,TRAMO RECTO,PLANA ,ASFALTADA,SIN_DATO,SIN_DATO,SIN_DATO,SIN_DATO,IMPRUDENCIA DEL PEATÓN,ESTADO DE EBRIEDAD Y/O DROGADICCIÓN,2021,12,0,0,7,MAÑANA,SIERRA,1,0,LEVE,0,0
DESPISTE,1,2,1,HUANCAVELICA,CHURCAMPA,SAN MIGUEL DE MAYOCC,RURAL,CARRETERA,SIN CLASIFICAR,SIN CLASIFICAR,-12.782351,-74.382744,DESPEJADO,RURAL,CURVA,INCLINADA,CONCRETO,SIN_DATO,SIN_DATO,SIN_DATO,SIN_DATO,EN PROCESO DE INVESTIGACIÓN,NO CUENTA CON CAUSA ESPECIFICA,2021,12,0,0,9,MAÑANA,SIERRA,1,2,LEVE,0,0
CHOQUE,1,0,2,ICA,ICA,LOS AQUIJES,RURAL,CARRETERA,PROVINCIAL,IC-665,-14.0812057,-75.7107103,SOLEADO,RURAL,CURVA,PLANA ,ASFALTADA,SIN_DATO,SIN_DATO,SIN_DATO,SIN_DATO,EN PROCESO DE INVESTIGACIÓN,NO CUENTA CON CAUSA ESPECIFICA,2021,12,0,0,13,TARDE,COSTA,1,0,LEVE,0,0
CHOQUE,1,0,2,LIMA,LIMA,LOS OLIVOS,URBANA,AVENIDA,URBANO,NO CORRESPONDE,-11.977829,-77.077696,SOLEADO,RESIDENCIAL,INTERSECCIÓN,PLANA ,ASFALTADA,SIN_DATO,SIN_DATO,SIN_DATO,SIN_DATO,EN PROCESO DE INVESTIGACIÓN,NO CUENTA CON CAUSA ESPECIFICA,2021,12,0,0,14,TARDE,COSTA,1,0,LEVE,0,0
DESPISTE,1,2,1,LIMA,HUAURA,SAYAN,URBANA,CARRETERA,PROVINCIAL,LM-659,-11.218220590942453,-77.4090298771327,DESPEJADO,RESIDENCIAL,TRAMO RECTO,PLANA ,ASFALTADA,SIN_DATO,SIN_DATO,SIN_DATO,SIN_DATO,EN PROCESO DE INVESTIGACIÓN,NO CUENTA CON CAUSA ESPECIFICA,2021,12,0,0,17,TARDE,COSTA,1,2,LEVE,0,0
DESPISTE,1,0,1,PIURA,PIURA,VEINTISEIS DE OCTUBRE,URBANA,AVENIDA,URBANO,NO CORRESPONDE,-5.1904082,-80.6666742,DESPEJADO,COMERCIAL,TRAMO RECTO,PLANA ,CONCRETO,SIN_DATO,SIN_DATO,SIN_DATO,SIN_DATO,EN PROCESO DE INVESTIGACIÓN,NO CUENTA CON CAUSA ESPECIFICA,2021,12,0,0,18,NOCHE,COSTA,1,0,LEVE,0,0
ATROPELLO,1,0,1,PUNO,AZANGARO,SAN ANTON,RURAL,CARRETERA,NACIONAL,PE-34B,-14.430196,-70.2589258,DESPEJADO,RURAL,TRAMO RECTO,PLANA ,ASFALTADA,SIN_DATO,SIN_DATO,SIN_DATO,SIN_DATO,IMPRUDENCIA DEL PEATÓN,CRUCE INDEBIDO POR LA CALZADA,2021,12,0,0,20,NOCHE,SIERRA,1,0,LEVE,0,0
ATROPELLO,1,0,1,ANCASH,HUARAZ,HUARAZ,RURAL,CARRETERA,NACIONAL,PE-3N,-9.5631808,-77.5390986,LLUVIOSO,RURAL,TRAMO RECTO,PLANA ,ASFALTADA,SI,PREVENTIVA (P),SIN_DATO,NO,IMPRUDENCIA DEL PEATÓN,CRUCE INDEBIDO POR LA CALZADA,2021,12,0,0,21,NOCHE,SIERRA,1,0,LEVE,0,0
CHOQUE,1,0,2,LIMA,LIMA,CHACLACAYO,URBANA,CARRETERA,NACIONAL,PE-22,-11.985720245080582,-76.80978528061422,SOLEADO,RESIDENCIAL,TRAMO RECTO,PLANA ,ASFALTADA,SIN_DATO,SIN_DATO,SIN_DATO,SIN_DATO,EN PROCESO DE INVESTIGACIÓN,NO CUENTA CON CAUSA ESPECIFICA,2021,12,1,0,14,TARDE,COSTA,1,0,LEVE,0,0
CHOQUE,1,0,1,CALLAO,CALLAO,CALLAO,URBANA,CARRETERA,NACIONAL,PE-20,-11.972424576844084,-77.1248169387054,DESPEJADO,INDUSTRIAL,TRAMO RECTO,PLANA ,ASFALTADA,SIN_DATO,SIN_DATO,SIN_DATO,SIN_DATO,EN PROCESO DE INVESTIGACIÓN,NO CUENTA CON CAUSA ESPECIFICA,2021,12,1,0,18,NOCHE,COSTA,1,0,LEVE,0,0
CHOQUE,1,0,1,CALLAO,CALLAO,CALLAO,URBANA,CARRETERA,NACIONAL,PE-20,-12.038259793695234,-77.12717963582398,DESPEJADO,RESIDENCIAL,TRAMO RECTO,PLANA ,CONCRETO,SIN_DATO,SIN_DATO,SIN_DATO,SIN_DATO,NEGLIGENCIA DEL CONDUCTOR,OTRO (NEGLIGENCIA DEL CONDUCTOR),2021,12,1,0,22,NOCHE,COSTA,1,0,LEVE,0,0
ATROPELLO FUGA,1,0,1,PASCO,PASCO,VICCO,URBANA,CARRETERA,NACIONAL,PE-20A,-10.810985467282697,-76.23864765339725,DESPEJADO,RURAL,OTRO,PLANA ,ASFALTADA,SI,REGULADORA (R),SIN_DATO,NO,IMPRUDENCIA DEL CONDUCTOR,EXCESO DE VELOCIDAD,2021,12,2,0,6,MAÑANA,SIERRA,1,0,LEVE,0,0
CHOQUE,1,0,2,LAMBAYEQUE,CHICLAYO,PIMENTEL,URBANA,CARRETERA,NACIONAL,PE-1N,-6.751879484350171,-79.8676442770372,DESPEJADO,COMERCIAL,TRAMO RECTO,PLANA ,ASFALTADA,SIN_DATO,SIN_DATO,SIN_DATO,SIN_DATO,EN PROCESO DE INVESTIGACIÓN,NO CUENTA CON CAUSA ESPECIFICA,2021,12,2,0,6,MAÑANA,COSTA,1,0,LEVE,0,0
CHOQUE,1,0,2,UCAYALI,CORONEL PORTILLO,YARINACOCHA,RURAL,CARRETERA,NACIONAL,PE-18C,-8.40977,-74.650205,DESPEJADO,RURAL,TRAMO RECTO,PLANA ,ASFALTADA,SI,REGULADORA (R),SIN_DATO,NO,IMPRUDENCIA DEL CONDUCTOR,CONDUCIR EN SENTIDO CONTRARIO,2021,12,2,0,6,MAÑANA,SELVA,1,0,LEVE,0,0
VOLCADURA,1,0,2,SAN MARTIN,SAN MARTIN,LA BANDA DE SHILCAYO,RURAL,CARRETERA,NACIONAL,PE-5NB,-6.42122732,-76.291237,DESPEJADO,RURAL,CURVA,INCLINADA,ASFALTADA,SI,PREVENTIVA (P),SIN_DATO,SI,IMPRUDENCIA DEL CONDUCTOR,EXCESO DE VELOCIDAD,2021,12,2,0,7,MAÑANA,SELVA,1,0,LEVE,0,0
CAÍDA DE PASAJERO,1,0,0,LIMA,LIMA,VILLA MARIA DEL TRIUNFO,URBANA,JIRÓN,URBANO,NO CORRESPONDE,-12.183116,-76.924735,SOLEADO,RESIDENCIAL,TRAMO RECTO,PLANA ,ASFALTADA,SIN_DATO,SIN_DATO,SIN_DATO,SIN_DATO,EN PROCESO DE INVESTIGACIÓN,NO CUENTA CON CAUSA ESPECIFICA,2021,12,2,0,10,MAÑANA,COSTA,1,0,LEVE,0,0
DESPISTE,2,2,1,ICA,ICA,YAUCA DEL ROSARIO,RURAL,CARRETERA,DEPARTAMENTAL,IC-107,-14.1745787,-75.5859515,SOLEADO,RURAL,TRAMO RECTO,PLANA ,TROCHA,SIN_DATO,SIN_DATO,SIN_DATO,SIN_DATO,EN PROCESO DE INVESTIGACIÓN,NO CUENTA CON CAUSA ESPECIFICA,2021,12,2,0,15,TARDE,COSTA,2,2,GRAVE_MORTALIDAD,1,0
ATROPELLO,1,1,1,LORETO,MAYNAS,IQUITOS,URBANA,AVENIDA,URBANO,NO CORRESPONDE,-3.731932130476979,-73.25876824469772,SIN_DATO,SIN_DATO,SIN_DATO,SIN_DATO,SIN_DATO,SIN_DATO,SIN_DATO,SIN_DATO,SIN_DATO,EN PROCESO DE INVESTIGACIÓN,NO CUENTA CON CAUSA ESPECIFICA,2021,12,2,0,19,NOCHE,SELVA,1,1,LEVE,0,0
ATROPELLO FUGA,1,0,0,PUNO,PUNO,PAUCARCOLLA,RURAL,CARRETERA,NACIONAL,PE-3S,-15.752785753272578,-70.05233133972958,DESPEJADO,RURAL,TRAMO RECTO,PLANA ,ASFALTADA,SI,REGULADORA (R),SIN_DATO,SI,EN PROCESO DE INVESTIGACIÓN,NO CUENTA CON CAUSA ESPECIFICA,2021,12,3,0,4,MADRUGADA,SIERRA,1,0,LEVE,0,0
CHOQUE,1,1,1,LORETO,MAYNAS,SAN JUAN BAUTISTA,URBANA,CARRETERA,DEPARTAMENTAL,LO-103,-3.766726217229544,-73.27312225655557,SIN_DATO,SIN_DATO,SIN_DATO,SIN_DATO,SIN_DATO,SIN_DATO,SIN_DATO,SIN_DATO,SIN_DATO,EN PROCESO DE INVESTIGACIÓN,NO CUENTA CON CAUSA ESPECIFICA,2021,12,3,0,18,NOCHE,SELVA,1,1,LEVE,0,0
DESPISTE,1,2,1,APURIMAC,ANDAHUAYLAS,SANTA MARIA DE CHICMO,RURAL,CARRETERA,NACIONAL,PE-3S,-13.611073,-73.575278,NUBLADO,RURAL,TRAMO RECTO,PLANA ,ASFALTADA,SIN_DATO,SIN_DATO,SIN_DATO,SIN_DATO,IMPRUDENCIA DEL CONDUCTOR,EXCESO DE VELOCIDAD,2021,12,3,0,23,NOCHE,SIERRA,1,2,LEVE,0,0
DESPISTE,1,2,1,LIMA,LIMA,BARRANCO,URBANA,OTRO,URBANO,NO CORRESPONDE,-12.153688218841218,-77.02474408850549,DESPEJADO,RESIDENCIAL,TRAMO RECTO,INCLINADA,ASFALTADA,SIN_DATO,SIN_DATO,SIN_DATO,SIN_DATO,EN PROCESO DE INVESTIGACIÓN,NO CUENTA CON CAUSA ESPECIFICA,2021,12,4,0,1,MADRUGADA,COSTA,1,2,LEVE,0,0
ATROPELLO,1,0,1,PUNO,EL COLLAO,ILAVE,RURAL,CARRETERA,NACIONAL,PE-3S,-16.08053640545883,-69.65219393210701,DESPEJADO,RURAL,TRAMO RECTO,PLANA ,ASFALTADA,SIN_DATO,SIN_DATO,SIN_DATO,SIN_DATO,IMPRUDENCIA DEL PEATÓN,CRUCE INDEBIDO POR LA CALZADA,2021,12,4,0,1,MADRUGADA,SIERRA,1,0,LEVE,0,0
ATROPELLO FUGA,1,0,1,AREQUIPA,AREQUIPA,LA JOYA,URBANA,CARRETERA,NACIONAL,PE-1S,-16.569711312640678,-71.8303789791813,DESPEJADO,RESIDENCIAL,TRAMO RECTO,PLANA ,ASFALTADA,SIN_DATO,SIN_DATO,SIN_DATO,SIN_DATO,EN PROCESO DE INVESTIGACIÓN,NO CUENTA CON CAUSA ESPECIFICA,2021,12,4,0,2,MADRUGADA,COSTA,1,0,LEVE,0,0