CLASE SINIESTRO,CANTIDAD DE FALLECIDOS,CANTIDAD DE LESIONADOS,CANTIDAD DE VEHICULOS DAÑADOS,DEPARTAMENTO,PROVINCIA,DISTRITO,ZONA,TIPO DE VÍA,RED VIAL,COD CARRETERA,COORDENADAS LATITUD,COORDENADAS  LONGITUD,CONDICIÓN CLIMÁTICA,ZONIFICACIÓN,CARACTERÍSTICAS DE VÍA,PERFIL LONGITUDINAL VÍA,SUPERFICIE DE CALZADA,¿EXISTE SEÑAL VERTICAL?,CLASIFICACIÓN DE LA SEÑAL VERTICAL Nº 1,CLASIFICACIÓN DE LA SEÑAL VERTICAL Nº 2,¿EXISTE SEÑAL HORIZONTAL?,CAUSA FACTOR PRINCIPAL,CAUSA ESPECÍFICA,AÑO,MES,DIA_SEMANA,ES_FIN_SEMANA,HORA_NUM,FRANJA_HORARIA,REGION_NATURAL,FALLECIDOS,LESIONADOS,CATEGORIA_SEVERIDAD,MORTALIDAD_MULTIPLE,LESION_MULTIPLE
DESPISTE,1,0,1,LAMBAYEQUE,CHICLAYO,CHICLAYO,URBANA,AVENIDA,URBANO,NO CORRESPONDE,-6.770939879081685,-79.84757598756295,DESPEJADO,RESIDENCIAL,TRAMO RECTO,PLANA ,ASFALTADA,SIN_DATO,SIN_DATO,SIN_DATO,SIN_DATO,EN PROCESO DE INVESTIGACIÓN,NO CUENTA CON CAUSA ESPECIFICA,2021,12,0,0,0,MADRUGADA,COSTA,1,0,LEVE,0,0
DESPISTE,2,2,1,AYACUCHO,PAUCAR DEL SARA SARA,MARCABAMBA,RURAL,CARRETERA,DEPARTAMENTAL,AY-116,-15.0947834874954,-73.3310470252106,DESPEJADO,RURAL,CURVA,INCLINADA,AFIRMADO,SIN_DATO,SIN_DATO,SIN_DATO,SIN_DATO,IMPRUDENCIA DEL CONDUCTOR,FATIGA Y/O CANSANCIO,2021,12,0,0,3,MADRUGADA,SIERRA,2,2,GRAVE_MORTALIDAD,1,0
CHOQUE,1,0,2,LIMA,LIMA,LURIGANCHO,URBANA,CARRETERA,NACIONAL,PE-22,-11.931703,-76.692086,DESPEJADO,RESIDENCIAL,TRAMO RECTO,PLANA ,ASFALTADA,SIN_DATO,SIN_DATO,SIN_DATO,SIN_DATO,EN PROCESO DE INVESTIGACIÓN,NO CUENTA CON CAUSA ESPECIFICA,2021,12,0,0,4,MADRUGADA,COSTA,1,0,LEVE,0,0
CHOQUE,1,0,1,CALLAO,CALLAO,CALLAO,URBANA,CARRETERA,NACIONAL,PE-20,-11.985128045581396,-77.12521423663608,DESPEJADO,INDUSTRIAL,TRAMO RECTO,PLANA ,ASFALTADA,SIN_DATO,SIN_DATO,SIN_DATO,SIN_DATO,IMPRUDENCIA DEL CONDUCTOR,NO DAR PASO PREFERENTE AL PEATÓN,2021,12,0,0,7,MAÑANA,COSTA,1,0,LEVE,0,0
CHOQUE,1,0,2,PUNO,PUNO,PUNO,RURAL,CARRETERA,NACIONAL,PE-3S,-15.853722,-69.963299,DESPEJADO,RURAL,TRAMO RECTO,PLANA ,ASFALTADA,SI,REGULADORA (R),REGULADORA (R),SI,IMPRUDENCIA DEL CONDUCTOR,INVASIÓN DE CARRIL,2021,12,0,0,16,TARDE,SIERRA,1,0,LEVE,0,0
CHOQUE,1,0,2,PUNO,LAMPA,LAMPA,RURAL,CARRETERA,NACIONAL,PE-3S,-15.212994359035113,-70.35131148436571,DESPEJADO,RURAL,TRAMO RECTO,PLANA ,ASFALTADA,SIN_DATO,SIN_DATO,SIN_DATO,SIN_DATO,NEGLIGENCIA DEL CONDUCTOR,OTRO (NEGLIGENCIA DEL CONDUCTOR),2021,12,0,0,18,NOCHE,SIERRA,1,0,LEVE,0,0
CHOQUE,1,0,1,PUNO,CARABAYA,CRUCERO,RURAL,CARRETERA,NACIONAL,PE-34K,-14.3529249,-70.081084,DESPEJADO,RURAL,TRAMO RECTO,PLANA ,ASFALTADA,SIN_DATO,SIN_DATO,SIN_DATO,SIN_DATO,IMPRUDENCIA DEL CONDUCTOR,EXCESO DE VELOCIDAD,2021,12,1,0,11,MAÑANA,SIERRA,1,0,LEVE,0,0
DESPISTE,1,0,1,CUSCO,ESPINAR,PALLPATA,RURAL,CARRETERA,NACIONAL,PE-3SG,-14.88137023269232,-71.21465549153032,DESPEJADO,RURAL,TRAMO RECTO,PLANA ,ASFALTADA,SIN_DATO,SIN_DATO,SIN_DATO,SIN_DATO,IMPRUDENCIA DEL CONDUCTOR,EXCESO DE VELOCIDAD,2021,12,2,0,10,MAÑANA,SIERRA,1,0,LEVE,0,0
ATROPELLO,1,0,1,AREQUIPA,CAYLLOMA,MAJES,URBANA,CALLE,URBANO,NO CORRESPONDE,-16.332504,-72.193772,SOLEADO,RURAL,TRAMO RECTO,PLANA ,TROCHA,SIN_DATO,SIN_DATO,SIN_DATO,SIN_DATO,EN PROCESO DE INVESTIGACIÓN,NO CUENTA CON CAUSA ESPECIFICA,2021,12,2,0,13,TARDE,COSTA,1,0,LEVE,0,0
ATROPELLO,1,1,1,LIMA,LIMA,SAN JUAN DE LURIGANCHO,URBANA,AVENIDA,URBANO,NO CORRESPONDE,-12.025253,-77.010592,SOLEADO,RESIDENCIAL,INTERSECCIÓN,PLANA ,ASFALTADA,SIN_DATO,SIN_DATO,SIN_DATO,SIN_DATO,EN PROCESO DE INVESTIGACIÓN,NO CUENTA CON CAUSA ESPECIFICA,2021,12,2,0,13,TARDE,COSTA,1,1,LEVE,0,0
ATROPELLO FUGA,1,0,0,LAMBAYEQUE,CHICLAYO,LA VICTORIA,URBANA,CARRETERA,NACIONAL,PE-1N,-6.801760935825376,-79.84689468372586,DESPEJADO,RESIDENCIAL,INTERSECCIÓN,PLANA ,ASFALTADA,SIN_DATO,SIN_DATO,SIN_DATO,SIN_DATO,EN PROCESO DE INVESTIGACIÓN,NO CUENTA CON CAUSA ESPECIFICA,2021,12,2,0,20,NOCHE,COSTA,1,0,LEVE,0,0
ATROPELLO,1,0,1,LA LIBERTAD,PACASMAYO,SAN JOSE,RURAL,CARRETERA,NACIONAL,PE-1N,-7.339899,-79.503357,DESPEJADO,RURAL,TRAMO RECTO,PLANA ,ASFALTADA,SIN_DATO,SIN_DATO,SIN_DATO,SIN_DATO,EN PROCESO DE INVESTIGACIÓN,NO CUENTA CON CAUSA ESPECIFICA,2021,12,2,0,21,NOCHE,COSTA,1,0,LEVE,0,0
DESPISTE,1,0,1,CAJAMARCA,CAJABAMBA,CACHACHI,RURAL,CARRETERA,SIN CLASIFICAR,SIN CLASIFICAR,-7.6183,-78.32917,DESPEJADO,RURAL,CURVA,PLANA ,AFIRMADO,SIN_DATO,SIN_DATO,SIN_DATO,SIN_DATO,EN PROCESO DE INVESTIGACIÓN,NO CUENTA CON CAUSA ESPECIFICA,2021,12,3,0,1,MADRUGADA,SIERRA,1,0,LEVE,0,0
CHOQUE,1,0,2,PUNO,CHUCUITO,DESAGUADERO,RURAL,CARRETERA,NACIONAL,PE-36A,-16.58572099912765,-69.06567490499069,DESPEJADO,RURAL,TRAMO RECTO,INCLINADA,ASFALTADA,NO,SIN_DATO,SIN_DATO,SI,IMPRUDENCIA DEL CONDUCTOR,OTRO (IMPRUDENCIA DEL CONDUCTOR),2021,12,3,0,6,MAÑANA,SIERRA,1,0,LEVE,0,0
DESPISTE,1,4,1,LIMA,LIMA,LURIN,URBANA,CARRETERA,NACIONAL,PE-1S,-12.301834,-76.845125,SOLEADO,RESIDENCIAL,TRAMO RECTO,PLANA ,ASFALTADA,SIN_DATO,SIN_DATO,SIN_DATO,SIN_DATO,EN PROCESO DE INVESTIGACIÓN,NO CUENTA CON CAUSA ESPECIFICA,2021,12,3,0,11,MAÑANA,COSTA,1,4,GRAVE_LESIONADOS,0,1
CHOQUE,2,0,2,ANCASH,RECUAY,CATAC,RURAL,CARRETERA,NACIONAL,PE-3N,-9.969805916630804,-77.3589046601169,NUBLADO,RURAL,TRAMO RECTO,INCLINADA,ASFALTADA,SI,PREVENTIVA (P),SIN_DATO,SI,IMPRUDENCIA DEL CONDUCTOR,INVASIÓN DE CARRIL,2021,12,4,0,4,MADRUGADA,SIERRA,2,0,GRAVE_MORTALIDAD,1,0
ATROPELLO,1,0,0,LIMA,LIMA,LURIGANCHO,URBANA,CARRETERA,NACIONAL,PE-22,-11.933058498741993,-76.69317478959006,DESPEJADO,RESIDENCIAL,INTERSECCIÓN,PLANA ,ASFALTADA,SIN_DATO,SIN_DATO,SIN_DATO,SIN_DATO,EN PROCESO DE INVESTIGACIÓN,NO CUENTA CON CAUSA ESPECIFICA,2021,12,4,0,9,MAÑANA,COSTA,1,0,LEVE,0,0
CHOQUE,1,0,1,CALLAO,CALLAO,CALLAO,URBANA,CARRETERA,NACIONAL,PE-20,-12.024209442238538,-77.12873359104283,DESPEJADO,INDUSTRIAL,TRAMO RECTO,PLANA ,ASFALTADA,NO,SIN_DATO,SIN_DATO,SI,NEGLIGENCIA DEL CONDUCTOR,CONDUCIR CON FALLAS DE FRENOS,2021,12,4,0,9,MAÑANA,COSTA,1,0,LEVE,0,0
DESPISTE,1,0,1,LIMA,LIMA,INDEPENDENCIA,URBANA,AVENIDA,URBANO,NO CORRESPONDE,-11.997731,-77.051705,SOLEADO,RESIDENCIAL,TRAMO RECTO,INCLINADA,ASFALTADA,SIN_DATO,SIN_DATO,SIN_DATO,SIN_DATO,EN PROCESO DE INVESTIGACIÓN,NO CUENTA CON CAUSA ESPECIFICA,2021,12,4,0,10,MAÑANA,COSTA,1,0,LEVE,0,0
ATROPELLO,1,0,1,LIMA,LIMA,VILLA MARIA DEL TRIUNFO,URBANA,AVENIDA,URBANO,NO CORRESPONDE,-12.171185,-76.930697,DESPEJADO,RESIDENCIAL,TRAMO RECTO,PLANA ,ASFALTADA,SIN_DATO,SIN_DATO,SIN_DATO,SIN_DATO,EN PROCESO DE INVESTIGACIÓN,NO CUENTA CON CAUSA ESPECIFICA,2021,12,4,0,17,TARDE,COSTA,1,0,LEVE,0,0
CHOQUE,1,1,2,LIMA,HUAURA,SAYAN,RURAL,CARRETERA,NACIONAL,PE-18,-11.039807703262472,-77.11205005274367,DESPEJADO,RURAL,CURVA,PLANA ,ASFALTADA,SI,PREVENTIVA (P),REGULADORA (R),NO,IMPRUDENCIA DEL CONDUCTOR,INVASIÓN DE CARRIL,2021,12,4,0,17,TARDE,COSTA,1,1,LEVE,0,0
DESPISTE,4,4,1,AREQUIPA,AREQUIPA,YURA,RURAL,CARRETERA,NACIONAL,PE-34A,-16.2248434,-71.6634792,DESPEJADO,RURAL,TRAMO RECTO,INCLINADA,ASFALTADA,NO,SIN_DATO,SIN_DATO,SI,EN PROCESO DE INVESTIGACIÓN,NO CUENTA CON CAUSA ESPECIFICA,2021,12,4,0,18,NOCHE,COSTA,4,4,GRAVE_MORTALIDAD,1,1
ATROPELLO,1,0,1,PIURA,MORROPON,MORROPON,URBANA,CARRETERA,PROVINCIAL,PI-809,-5.186126,-79.969722,DESPEJADO,COMERCIAL,TRAMO RECTO,PLANA ,CONCRETO,SIN_DATO,SIN_DATO,SIN_DATO,SIN_DATO,EN PROCESO DE INVESTIGACIÓN,NO CUENTA CON CAUSA ESPECIFICA,2021,12,4,0,21,NOCHE,COSTA,1,0,LEVE,0,0
ATROPELLO,1,1,1,HUANUCO,LEONCIO PRADO,JOSE CRESPO Y CASTILLO,RURAL,CARRETERA,NACIONAL,PE-5N,-8.952813221693319,-76.10167218422438,DESPEJADO,RURAL,TRAMO RECTO,PLANA ,ASFALTADA,SIN_DATO,SIN_DATO,SIN_DATO,SIN_DATO,IMPRUDENCIA DEL PEATÓN,ESTADO DE EBRIEDAD Y/O DROGADICCIÓN,2021,12,4,0,22,NOCHE,SIERRA,1,1,LEVE,0,0
CHOQUE,1,1,2,CUSCO,ESPINAR,ALTO PICHIGUA,URBANA,CARRETERA,NACIONAL,PE-34F,-14.73723063652993,-71.32631439224909,NUBLADO,RURAL,CURVA,PLANA ,ASFALTADA,SIN_DATO,SIN_DATO,SIN_DATO,SIN_DATO,IMPRUDENCIA DEL CONDUCTOR,FATIGA Y/O CANSANCIO,2022,1,5,1,4,MADRUGADA,SIERRA,1,1,LEVE,0,0
DESPISTE,1,0,0,LIMA,LIMA,LA MOLINA,URBANA,AVENIDA,URBANO,NO CORRESPONDE,-12.063661,-76.952232,DESPEJADO,COMERCIAL,TRAMO RECTO,PLANA ,ASFALTADA,SIN_DATO,SIN_DATO,SIN_DATO,SIN_DATO,EN PROCESO DE INVESTIGACIÓN,NO CUENTA CON CAUSA ESPECIFICA,2022,1,5,1,6,MAÑANA,COSTA,1,0,LEVE,0,0
DESPISTE,1,1,1,CAJAMARCA,CHOTA,CHIMBAN,RURAL,CARRETERA,SIN CLASIFICAR,SIN CLASIFICAR,-6.282066,-78.481812,DESPEJADO,RURAL,CURVA,INCLINADA,AFIRMADO,SIN_DATO,SIN_DATO,SIN_DATO,SIN_DATO,EN PROCESO DE INVESTIGACIÓN,NO CUENTA CON CAUSA ESPECIFICA,2022,1,5,1,6,MAÑANA,SIERRA,1,1,LEVE,0,0
DESPISTE,1,0,1,LA LIBERTAD,TRUJILLO,HUANCHACO,URBANA,OTRO,URBANO,NO CORRESPONDE,-8.0816026258135,-79.11600389190302,DESPEJADO,RESIDENCIAL,PUENTE,PLANA ,CONCRETO,SIN_DATO,SIN_DATO,SIN_DATO,SIN_DATO,EN PROCESO DE INVESTIGACIÓN,NO CUENTA CON CAUSA ESPECIFICA,2022,1,5,1,9,MAÑANA,COSTA,1,0,LEVE,0,0
DESPISTE,3,3,1,ANCASH,CORONGO,CORONGO,RURAL,CARRETERA,PROVINCIAL,AN-514,-8.575619341484126,-77.91582947335122,SIN_DATO,SIN_DATO,SIN_DATO,SIN_DATO,SIN_DATO,SIN_DATO,SIN_DATO,SIN_DATO,SIN_DATO,EN PROCESO DE INVESTIGACIÓN,NO CUENTA CON CAUSA ESPECIFICA,2022,1,5,1,18,NOCHE,SIERRA,3,3,GRAVE_MORTALIDAD,1,1
ATROPELLO,1,2,1,JUNIN,HUANCAYO,HUANCAN,RURAL,CARRETERA,NACIONAL,PE-3S,-12.110581,-75.216347,DESPEJADO,RURAL,INTERSECCIÓN,PLANA ,ASFALTADA,SI,PREVENTIVA (P),SIN_DATO,NO,IMPRUDENCIA DEL CONDUCTOR,EXCESO DE VELOCIDAD,2022,1,5,1,18,NOCHE,SIERRA,1,2,LEVE,0,0
ATROPELLO,1,0,0,LIMA,LIMA,PACHACAMAC,URBANA,CARRETERA,PROVINCIAL,LM-796,-12.104026430763833,-76.87641783945658,DESPEJADO,RURAL,TRAMO RECTO,PLANA ,ASFALTADA,SIN_DATO,SIN_DATO,SIN_DATO,SIN_DATO,EN PROCESO DE INVESTIGACIÓN,NO CUENTA CON CAUSA ESPECIFICA,2022,1,5,1,23,NOCHE,COSTA,1,0,LEVE,0,0
CHOQUE,1,0,1,JUNIN,HUANCAYO,HUAYUCACHI,RURAL,CARRETERA,SIN CLASIFICAR,SIN CLASIFICAR,-12.147337,-75.235731,DESPEJADO,RURAL,TRAMO RECTO,PLANA ,TROCHA,SIN_DATO,SIN_DATO,SIN_DATO,SIN_DATO,IMPRUDENCIA DEL CONDUCTOR,OTRO (IMPRUDENCIA DEL CONDUCTOR),2022,1,5,1,23,NOCHE,SIERRA,1,0,LEVE,0,0
ATROPELLO FUGA,1,0,1,ICA,ICA,SALAS,RURAL,CARRETERA,NACIONAL,PE-1S,-13.971056,-75.779005,NIEBLA,RURAL,INTERSECCIÓN,PLANA ,ASFALTADA,SIN_DATO,SIN_DATO,SIN_DATO,SIN_DATO,EN PROCESO DE INVESTIGACIÓN,NO CUENTA CON CAUSA ESPECIFICA,2022,1,6,1,5,MADRUGADA,COSTA,1,0,LEVE,0,0
DESPISTE,1,1,1,AREQUIPA,CAMANA,OCOÑA,RURAL,CARRETERA,PROVINCIAL,AR-535,-16.246854330244204,-73.15264523366587,DESPEJADO,RURAL,CURVA,INCLINADA,TROCHA,SIN_DATO,SIN_DATO,SIN_DATO,SIN_DATO,EN PROCESO DE INVESTIGACIÓN,NO CUENTA CON CAUSA ESPECIFICA,2022,1,6,1,9,MAÑANA,COSTA,1,1,LEVE,0,0
ATROPELLO,1,0,0,PUNO,SAN ROMAN,JULIACA,URBANA,OTRO,URBANO,NO CORRESPONDE,-15.48467909601851,-70.10789062701292,DESPEJADO,ESCOLAR,TRAMO RECTO,PLANA ,TROCHA,SIN_DATO,SIN_DATO,SIN_DATO,SIN_DATO,IMPRUDENCIA DEL PEATÓN,OTRO (IMPRUDENCIA DEL PEATÓN),2022,1,6,1,10,MAÑANA,SIERRA,1,0,LEVE,0,0
DESPISTE,1,2,1,AYACUCHO,HUAMANGA,ACOS VINCHOS,RURAL,CARRETERA,PROVINCIAL,AY-713,-13.115315,-74.093383,DESPEJADO,RURAL,CURVA,INCLINADA,AFIRMADO,SIN_DATO,SIN_DATO,SIN_DATO,SIN_DATO,IMPRUDENCIA DEL CONDUCTOR,EXCESO DE VELOCIDAD,2022,1,6,1,12,TARDE,SIERRA,1,2,LEVE,0,0
DESPISTE,1,7,1,LA LIBERTAD,SANTIAGO DE CHUCO,QUIRUVILCA,RURAL,CARRETERA,NACIONAL,PE-3N,-8.105542,-78.296194,DESPEJADO,RURAL,TRAMO RECTO,INCLINADA,AFIRMADO,SIN_DATO,SIN_DATO,SIN_DATO,SIN_DATO,NEGLIGENCIA DEL CONDUCTOR,CONDUCIR CON FALLAS DE FRENOS,2022,1,6,1,16,TARDE,COSTA,1,7,GRAVE_LESIONADOS,0,1
ATROPELLO,1,0,1,CUSCO,CANCHIS,TINTA,RURAL,CARRETERA,NACIONAL,PE-3S,-14.121408,-71.41428,DESPEJADO,RURAL,CURVA,PLANA ,ASFALTADA,SIN_DATO,SIN_DATO,SIN_DATO,SIN_DATO,IMPRUDENCIA DEL PEATÓN,ESTADO DE EBRIEDAD Y/O DROGADICCIÓN,2022,1,6,1,18,NOCHE,SIERRA,1,0,LEVE,0,0
ATROPELLO FUGA,1,0,1,LA LIBERTAD,TRUJILLO,HUANCHACO,URBANA,AVENIDA,URBANO,NO CORRESPONDE,-8.032351,-79.061989,DESPEJADO,COMERCIAL,TRAMO RECTO,PLANA ,ASFALTADA,SIN_DATO,SIN_DATO,SIN_DATO,SIN_DATO,EN PROCESO DE INVESTIGACIÓN,NO CUENTA CON CAUSA ESPECIFICA,2022,1,6,1,19,NOCHE,COSTA,1,0,LEVE,0,0
CHOQUE,1,0,2,TACNA,TACNA,CORONEL GREGORIO ALBARRACIN LANCHIPA,RURAL,OTRO,URBANO,NO CORRESPONDE,-18.111547741646653,-70.2575237198779,DESPEJADO,RURAL,TRAMO RECTO,PLANA ,AFIRMADO,SIN_DATO,SIN_DATO,SIN_DATO,SIN_DATO,IMPRUDENCIA DEL CONDUCTOR,CONDUCIR EN ESTADO DE EBRIEDAD Y/O DROGADICCIÓN,2022,1,6,1,20,NOCHE,COSTA,1,0,LEVE,0,0
ATROPELLO,1,0,1,PUNO,SAN ROMAN,SAN MIGUEL,URBANA,AVENIDA,URBANO,NO CORRESPONDE,-15.471991294492025,-70.12311970961198,DESPEJADO,COMERCIAL,INTERSECCIÓN,PLANA ,ASFALTADA,SIN_DATO,SIN_DATO,SIN_DATO,SIN_DATO,IMPRUDENCIA DEL CONDUCTOR,CONDUCIR EN ESTADO DE EBRIEDAD Y/O DROGADICCIÓN,2022,1,0,0,0,MADRUGADA,SIERRA,1,0,LEVE,0,0
DESPISTE,1,1,1,APURIMAC,CHINCHEROS,CHINCHEROS,RURAL,CARRETERA,PROVINCIAL,AP-541,-13.578622,-73.710652,NUBLADO,RURAL,TRAMO RECTO,PLANA ,AFIRMADO,SIN_DATO,SIN_DATO,SIN_DATO,SIN_DATO,IMPRUDENCIA DEL CONDUCTOR,EXCESO DE VELOCIDAD,2022,1,0,0,8,MAÑANA,SIERRA,1,1,LEVE,0,0
CHOQUE,1,0,0,LIMA,LIMA,CHORRILLOS,URBANA,CARRETERA,NACIONAL,PE-1S,-12.221114594425702,-76.97614819371015,DESPEJADO,ESCOLAR,INTERSECCIÓN,PLANA ,ASFALTADA,SIN_DATO,SIN_DATO,SIN_DATO,SIN_DATO,EN PROCESO DE INVESTIGACIÓN,NO CUENTA CON CAUSA ESPECIFICA,2022,1,0,0,19,NOCHE,COSTA,1,0,LEVE,0,0
CHOQUE,1,0,2,SAN MARTIN,MOYOBAMBA,MOYOBAMBA,RURAL,CARRETERA,NACIONAL,PE-5N,-6.082243,-76.884668,DESPEJADO,RURAL,CURVA,INCLINADA,ASFALTADA,SIN_DATO,SIN_DATO,SIN_DATO,SIN_DATO,EN PROCESO DE INVESTIGACIÓN,NO CUENTA CON CAUSA ESPECIFICA,2022,1,0,0,19,NOCHE,SELVA,1,0,LEVE,0,0
DESPISTE,1,1,1,CAJAMARCA,CONTUMAZA,YONAN,RURAL,CARRETERA,NACIONAL,PE-08,-7.240266,-79.057652,DESPEJADO,RURAL,CURVA,INCLINADA,ASFALTADA,SIN_DATO,SIN_DATO,SIN_DATO,SIN_DATO,EN PROCESO DE INVESTIGACIÓN,NO CUENTA CON CAUSA ESPECIFICA,2022,1,0,0,21,NOCHE,SIERRA,1,1,LEVE,0,0
ATROPELLO,1,0,1,CUSCO,CUSCO,SAYLLA,RURAL,CARRETERA,NACIONAL,PE-3S,-13.55588917373734,-71.85594867584527,DESPEJADO,ESCOLAR,TRAMO RECTO,PLANA ,ASFALTADA,SIN_DATO,SIN_DATO,SIN_DATO,SIN_DATO,IMPRUDENCIA DEL PEATÓN,ESTADO DE EBRIEDAD Y/O DROGADICCIÓN,2022,1,0,0,21,NOCHE,SIERRA,1,0,LEVE,0,0
CHOQUE,1,0,0,LIMA,LIMA,PUENTE PIEDRA,URBANA,CARRETERA,NACIONAL,PE-1N,-11.890384903545833,-77.06837829493487,DESPEJADO,COMERCIAL,TRAMO RECTO,PLANA ,ASFALTADA,SIN_DATO,SIN_DATO,SIN_DATO,SIN_DATO,EN PROCESO DE INVESTIGACIÓN,NO CUENTA CON CAUSA ESPECIFICA,2022,1,0,0,22,NOCHE,COSTA,1,0,LEVE,0,0
VOLCADURA,1,1,1,HUANUCO,PACHITEA,PANAO,RURAL,CARRETERA,NACIONAL,PE-18B,-9.902059,-75.999937,DESPEJADO,RURAL,TRAMO RECTO,INCLINADA,TROCHA,SIN_DATO,SIN_DATO,SIN_DATO,SIN_DATO,IMPRUDENCIA DEL CONDUCTOR,EXCESO DE VELOCIDAD,2022,1,1,0,3,MADRUGADA,SIERRA,1,1,LEVE,0,0
ATROPELLO,1,0,0,LIMA,LIMA,SAN MARTIN DE PORRES,URBANA,CARRETERA,NACIONAL,PE-1N,-12.02323,-77.058815,DESPEJADO,COMERCIAL,TRAMO RECTO,PLANA ,ASFALTADA,SIN_DATO,SIN_DATO,SIN_DATO,SIN_DATO,EN PROCESO DE INVESTIGACIÓN,NO CUENTA CON CAUSA ESPECIFICA,2022,1,1,0,10,MAÑANA,COSTA,1,0,LEVE,0,0
CHOQUE,1,4,2,HUANUCO,HUANUCO,CHINCHAO,RURAL,CARRETERA,NACIONAL,PE-18A,-9.577413,-76.024176,DESPEJADO,RURAL,CURVA,INCLINADA,ASFALTADA,SIN_DATO,SIN_DATO,SIN_DATO,SIN_DATO,IMPRUDENCIA DEL CONDUCTOR,EXCESO DE VELOCIDAD,2022,1,1,0,17,TARDE,SIERRA,1,4,GRAVE_LESIONADOS,0,1
CHOQUE,2,1,2,LA LIBERTAD,VIRU,CHAO,RURAL,CARRETERA,PROVINCIAL,LI-1208,-8.559906,-78.68751,DESPEJADO,RURAL,TRAMO RECTO,PLANA ,ASFALTADA,SIN_DATO,SIN_DATO,SIN_DATO,SIN_DATO,IMPRUDENCIA DEL CONDUCTOR,INVASIÓN DE CARRIL,2022,1,1,0,19,NOCHE,COSTA,2,1,GRAVE_MORTALIDAD,1,0
DESPISTE,1,0,0,LIMA,LIMA,SAN MARTIN DE PORRES,URBANA,AVENIDA,URBANO,NO CORRESPONDE,-11.987278,-77.103042,DESPEJADO,COMERCIAL,INTERSECCIÓN,PLANA ,ASFALTADA,SIN_DATO,SIN_DATO,SIN_DATO,SIN_DATO,EN PROCESO DE INVESTIGACIÓN,NO CUENTA CON CAUSA ESPECIFICA,2022,1,1,0,20,NOCHE,COSTA,1,0,LEVE,0,0
CHOQUE,1,0,0,LIMA,LIMA,SAN JUAN DE MIRAFLORES,URBANA,CARRETERA,NACIONAL,PE-1S,-12.172018297607602,-76.97873171240589,DESPEJADO,RESIDENCIAL,TRAMO RECTO,PLANA ,ASFALTADA,SIN_DATO,SIN_DATO,SIN_DATO,SIN_DATO,EN PROCESO DE INVESTIGACIÓN,NO CUENTA CON CAUSA ESPECIFICA,2022,1,2,0,6,MAÑANA,COSTA,1,0,LEVE,0,0
DESPISTE,1,0,1,PUNO,SAN ROMAN,CARACOTO,RURAL,CARRETERA,NACIONAL,PE-3S,-15.599523018953684,-70.09527050806683,DESPEJADO,RURAL,TRAMO RECTO,PLANA ,ASFALTADA,SIN_DATO,SIN_DATO,SIN_DATO,SIN_DATO,IMPRUDENCIA DEL CONDUCTOR,CONDUCIR EN ESTADO DE EBRIEDAD Y/O DROGADICCIÓN,2022,1,2,0,9,MAÑANA,SIERRA,1,0,LEVE,0,0
CHOQUE,1,0,2,PUNO,AZANGARO,AZANGARO,RURAL,CARRETERA,SIN CLASIFICAR,SIN CLASIFICAR,-14.916700760306144,-70.15833731195083,DESPEJADO,RURAL,CURVA,PLANA ,TROCHA,SIN_DATO,SIN_DATO,SIN_DATO,SIN_DATO,IMPRUDENCIA DEL CONDUCTOR,EXCESO DE VELOCIDAD,2022,1,2,0,9,MAÑANA,SIERRA,1,0,LEVE,0,0
VOLCADURA,1,1,1,AREQUIPA,ISLAY,ISLAY,RURAL,CARRETERA,NACIONAL,PE-34,-16.920378,-72.050103,DESPEJADO,RURAL,CURVA,INCLINADA,ASFALTADA,NO,SIN_DATO,SIN_DATO,SI,EN PROCESO DE INVESTIGACIÓN,NO CUENTA CON CAUSA ESPECIFICA,2022,1,2,0,19,NOCHE,COSTA,1,1,LEVE,0,0
ATROPELLO,1,0,1,ANCASH,SANTA,CHIMBOTE,URBANA,JIRÓN,URBANO,NO CORRESPONDE,-9.06232,-78.58501,DESPEJADO,RESIDENCIAL,INTERSECCIÓN,PLANA ,ASFALTADA,SIN_DATO,SIN_DATO,SIN_DATO,SIN_DATO,EN PROCESO DE INVESTIGACIÓN,NO CUENTA CON CAUSA ESPECIFICA,2022,1,2,0,19,NOCHE,SIERRA,1,0,LEVE,0,0
CHOQUE,1,0,2,LA LIBERTAD,TRUJILLO,SALAVERRY,RURAL,CARRETERA,NACIONAL,PE-1N,-8.204563,-78.958988,DESPEJADO,RURAL,TRAMO RECTO,PLANA ,ASFALTADA,SIN_DATO,SIN_DATO,SIN_DATO,SIN_DATO,EN PROCESO DE INVESTIGACIÓN,NO CUENTA CON CAUSA ESPECIFICA,2022,1,2,0,20,NOCHE,COSTA,1,0,LEVE,0,0
DESPISTE,1,1,1,PIURA,PIURA,VEINTISEIS DE OCTUBRE,URBANA,AVENIDA,URBANO,NO CORRESPONDE,-5.175998,-80.661607,DESPEJADO,ESCOLAR,TRAMO RECTO,PLANA ,ASFALTADA,SI,PREVENTIVA (P),SIN_DATO,NO,EN PROCESO DE INVESTIGACIÓN,NO CUENTA CON CAUSA ESPECIFICA,2022,1,3,0,1,MADRUGADA,COSTA,1,1,LEVE,0,0