CLASE SINIESTRO,CANTIDAD DE FALLECIDOS,CANTIDAD DE LESIONADOS,CANTIDAD DE VEHICULOS DAÑADOS,DEPARTAMENTO,PROVINCIA,DISTRITO,ZONA,TIPO DE VÍA,RED VIAL,COD CARRETERA,COORDENADAS LATITUD,COORDENADAS  LONGITUD,CONDICIÓN CLIMÁTICA,ZONIFICACIÓN,CARACTERÍSTICAS DE VÍA,PERFIL LONGITUDINAL VÍA,SUPERFICIE DE CALZADA,¿EXISTE SEÑAL VERTICAL?,CLASIFICACIÓN DE LA SEÑAL VERTICAL Nº 1,CLASIFICACIÓN DE LA SEÑAL VERTICAL Nº 2,¿EXISTE SEÑAL HORIZONTAL?,CAUSA FACTOR PRINCIPAL,CAUSA ESPECÍFICA,AÑO,MES,DIA_SEMANA,ES_FIN_SEMANA,HORA_NUM,FRANJA_HORARIA,REGION_NATURAL,FALLECIDOS,LESIONADOS,CATEGORIA_SEVERIDAD,MORTALIDAD_MULTIPLE,LESION_MULTIPLE
DESPISTE,2,0,1,ICA,PISCO,INDEPENDENCIA,URBANA,CARRETERA,NACIONAL,PE-28A,-13.716453,-75.970584,DESPEJADO,RURAL,TRAMO RECTO,PLANA ,ASFALTADA,SIN_DATO,SIN_DATO,SIN_DATO,SIN_DATO,EN PROCESO DE INVESTIGACIÓN,NO CUENTA CON CAUSA ESPECIFICA,2022,1,6,1,1,MADRUGADA,COSTA,2,0,GRAVE_MORTALIDAD,1,0
CHOQUE,1,1,2,PIURA,SECHURA,SECHURA,RURAL,CARRETERA,NACIONAL,PE-1N,-6.026737,-80.522233,DESPEJADO,RURAL,TRAMO RECTO,PLANA ,ASFALTADA,SIN_DATO,SIN_DATO,SIN_DATO,SIN_DATO,EN PROCESO DE INVESTIGACIÓN,NO CUENTA CON CAUSA ESPECIFICA,2022,1,6,1,3,MADRUGADA,COSTA,1,1,LEVE,0,0
CHOQUE,1,0,2,SAN MARTIN,MOYOBAMBA,MOYOBAMBA,URBANA,CARRETERA,NACIONAL,PE-5N,-6.047933,-76.979441,DESPEJADO,INDUSTRIAL,TRAMO RECTO,PLANA ,ASFALTADA,SI,PREVENTIVA (P),PREVENTIVA (P),NO,IMPRUDENCIA DEL CONDUCTOR,EXCESO DE VELOCIDAD,2022,1,6,1,4,MADRUGADA,SELVA,1,0,LEVE,0,0
DESPISTE,1,0,1,CUSCO,PAUCARTAMBO,COLQUEPATA,RURAL,CARRETERA,SIN CLASIFICAR,SIN CLASIFICAR,-13.367107579846689,-71.67037785113385,NUBLADO,RURAL,CURVA,PLANA ,TROCHA,SIN_DATO,SIN_DATO,SIN_DATO,SIN_DATO,IMPRUDENCIA DEL CONDUCTOR,EXCESO DE VELOCIDAD,2022,1,6,1,4,MADRUGADA,SIERRA,1,0,LEVE,0,0
ATROPELLO FUGA,1,0,0,LAMBAYEQUE,CHICLAYO,POMALCA,RURAL,CARRETERA,DEPARTAMENTAL,LA-116,-6.7727843,-79.7700622,DESPEJADO,RURAL,TRAMO RECTO,PLANA ,ASFALTADA,SIN_DATO,SIN_DATO,SIN_DATO,SIN_DATO,EN PROCESO DE INVESTIGACIÓN,NO CUENTA CON CAUSA ESPECIFICA,2022,1,6,1,6,MAÑANA,COSTA,1,0,LEVE,0,0
CHOQUE,2,0,1,ICA,CHINCHA,TAMBO DE MORA,RURAL,CARRETERA,NACIONAL,PE-1SE,-13.476075278306704,-76.1839681188437,DESPEJADO,RURAL,TRAMO RECTO,PLANA ,ASFALTADA,NO,SIN_DATO,SIN_DATO,NO,IMPRUDENCIA DEL CONDUCTOR,OTRO (IMPRUDENCIA DEL CONDUCTOR),2022,1,6,1,9,MAÑANA,COSTA,2,0,GRAVE_MORTALIDAD,1,0
ATROPELLO,1,0,1,PUNO,HUANCANE,HUATASANI,RURAL,CARRETERA,NACIONAL,PE-34H,-15.049521566625504,-69.80174029740061,DESPEJADO,RURAL,TRAMO RECTO,PLANA ,ASFALTADA,SIN_DATO,SIN_DATO,SIN_DATO,SIN_DATO,IMPRUDENCIA DEL CONDUCTOR,EXCESO DE VELOCIDAD,2022,1,6,1,10,MAÑANA,SIERRA,1,0,LEVE,0,0
DESPISTE,1,40,1,LIMA,BARRANCA,PARAMONGA,RURAL,CARRETERA,NACIONAL,PE-1N,-10.63917854,-77.85469021,DESPEJADO,RURAL,CURVA,PLANA ,ASFALTADA,SI,PREVENTIVA (P),SIN_DATO,NO,EN PROCESO DE INVESTIGACIÓN,NO CUENTA CON CAUSA ESPECIFICA,2022,1,6,1,12,TARDE,COSTA,1,40,GRAVE_LESIONADOS,0,1
ATROPELLO,1,0,1,LAMBAYEQUE,CHICLAYO,LA VICTORIA,RURAL,CARRETERA,NACIONAL,PE-1N,-6.801423,-79.850091,DESPEJADO,COMERCIAL,TRAMO RECTO,PLANA ,ASFALTADA,SIN_DATO,SIN_DATO,SIN_DATO,SIN_DATO,EN PROCESO DE INVESTIGACIÓN,NO CUENTA CON CAUSA ESPECIFICA,2022,1,6,1,17,TARDE,COSTA,1,0,LEVE,0,0
CHOQUE,4,4,1,PIURA,PIURA,CASTILLA,RURAL,CARRETERA,NACIONAL,PE-1NJ,-5.166927,-80.528331,DESPEJADO,RURAL,TRAMO RECTO,PLANA ,ASFALTADA,SIN_DATO,SIN_DATO,SIN_DATO,SIN_DATO,EN PROCESO DE INVESTIGACIÓN,NO CUENTA CON CAUSA ESPECIFICA,2022,1,6,1,18,NOCHE,COSTA,4,4,GRAVE_MORTALIDAD,1,1
CHOQUE FUGA,1,0,1,PIURA,MORROPON,CHULUCANAS,RURAL,CARRETERA,NACIONAL,PE-1NR,-5.0048659,-80.2229152,DESPEJADO,RURAL,TRAMO RECTO,PLANA ,ASFALTADA,SIN_DATO,SIN_DATO,SIN_DATO,SIN_DATO,EN PROCESO DE INVESTIGACIÓN,NO CUENTA CON CAUSA ESPECIFICA,2022,1,6,1,19,NOCHE,COSTA,1,0,LEVE,0,0
ATROPELLO FUGA,1,1,2,HUANUCO,HUANUCO,PILLCO MARCA,URBANA,CARRETERA,NACIONAL,PE-3N,-10.0134291517104,-76.2358841832359,DESPEJADO,INDUSTRIAL,TRAMO RECTO,PLANA ,ASFALTADA,SIN_DATO,SIN_DATO,SIN_DATO,SIN_DATO,IMPRUDENCIA DEL PEATÓN,ESTADO DE EBRIEDAD Y/O DROGADICCIÓN,2022,1,6,1,20,NOCHE,SIERRA,1,1,LEVE,0,0
CHOQUE,1,1,2,LAMBAYEQUE,CHICLAYO,NUEVA ARICA,RURAL,CARRETERA,NACIONAL,PE-1NI,-6.8718087,-79.3298177,DESPEJADO,RURAL,TRAMO RECTO,PLANA ,ASFALTADA,SIN_DATO,SIN_DATO,SIN_DATO,SIN_DATO,EN PROCESO DE INVESTIGACIÓN,NO CUENTA CON CAUSA ESPECIFICA,2022,1,6,1,21,NOCHE,COSTA,1,1,LEVE,0,0
DESPISTE,1,0,1,ANCASH,HUARMEY,HUARMEY,RURAL,CARRETERA,NACIONAL,PE-1N,-10.139020945647744,-78.11708769171571,DESPEJADO,RURAL,TRAMO RECTO,PLANA ,ASFALTADA,SIN_DATO,SIN_DATO,SIN_DATO,SIN_DATO,EN PROCESO DE INVESTIGACIÓN,NO CUENTA CON CAUSA ESPECIFICA,2022,1,0,0,3,MADRUGADA,SIERRA,1,0,LEVE,0,0
CHOQUE,2,1,0,LIMA,LIMA,ATE,URBANA,CARRETERA,NACIONAL,PE-1S,-12.061300215225032,-76.97222202697768,DESPEJADO,INDUSTRIAL,TRAMO RECTO,PLANA ,ASFALTADA,SIN_DATO,SIN_DATO,SIN_DATO,SIN_DATO,EN PROCESO DE INVESTIGACIÓN,NO CUENTA CON CAUSA ESPECIFICA,2022,1,0,0,4,MADRUGADA,COSTA,2,1,GRAVE_MORTALIDAD,1,0
ATROPELLO,1,0,1,ICA,PISCO,INDEPENDENCIA,RURAL,CARRETERA,NACIONAL,PE-28A,-13.732020897040178,-75.93328403930165,DESPEJADO,RURAL,TRAMO RECTO,INCLINADA,ASFALTADA,SIN_DATO,SIN_DATO,SIN_DATO,SIN_DATO,IMPRUDENCIA DEL PEATÓN,OTRO (IMPRUDENCIA DEL PEATÓN),2022,1,0,0,5,MADRUGADA,COSTA,1,0,LEVE,0,0
ATROPELLO,2,0,2,AREQUIPA,ISLAY,PUNTA DE BOMBON,RURAL,CARRETERA,NACIONAL,PE-1SD,-17.174419,-71.770636,DESPEJADO,RURAL,TRAMO RECTO,PLANA ,ASFALTADA,SIN_DATO,SIN_DATO,SIN_DATO,SIN_DATO,EN PROCESO DE INVESTIGACIÓN,NO CUENTA CON CAUSA ESPECIFICA,2022,1,0,0,6,MAÑANA,COSTA,2,0,GRAVE_MORTALIDAD,1,0
CHOQUE,1,0,2,LAMBAYEQUE,CHICLAYO,TUMAN,RURAL,CARRETERA,DEPARTAMENTAL,LA-116,-6.806213,-79.695536,DESPEJADO,RURAL,TRAMO RECTO,PLANA ,ASFALTADA,SIN_DATO,SIN_DATO,SIN_DATO,SIN_DATO,EN PROCESO DE INVESTIGACIÓN,NO CUENTA CON CAUSA ESPECIFICA,2022,1,0,0,8,MAÑANA,COSTA,1,0,LEVE,0,0
DESPISTE,1,2,1,JUNIN,YAULI,LA OROYA,RURAL,CARRETERA,SIN CLASIFICAR,SIN CLASIFICAR,-11.5237998,-75.8979711,DESPEJADO,RURAL,CURVA,PLANA ,ASFALTADA,SI,PREVENTIVA (P),SIN_DATO,SI,IMPRUDENCIA DEL CONDUCTOR,EXCESO DE VELOCIDAD,2022,1,0,0,9,MAÑANA,SIERRA,1,2,LEVE,0,0
CHOQUE,1,0,2,JUNIN,YAULI,LA OROYA,URBANA,CARRETERA,NACIONAL,PE-22,-11.5246257,-75.9121852,DESPEJADO,INDUSTRIAL,TRAMO RECTO,PLANA ,ASFALTADA,SI,PREVENTIVA (P),SIN_DATO,NO,IMPRUDENCIA DEL CONDUCTOR,CONDUCIR EN ESTADO DE EBRIEDAD Y/O DROGADICCIÓN,2022,1,1,0,1,MADRUGADA,SIERRA,1,0,LEVE,0,0
ATROPELLO,1,0,0,LIMA,LIMA,SAN JUAN DE MIRAFLORES,URBANA,CARRETERA,NACIONAL,PE-1S,-12.1805924,-76.9760667,DESPEJADO,COMERCIAL,PUENTE,PLANA ,ASFALTADA,SIN_DATO,SIN_DATO,SIN_DATO,SIN_DATO,EN PROCESO DE INVESTIGACIÓN,NO CUENTA CON CAUSA ESPECIFICA,2022,1,1,0,5,MADRUGADA,COSTA,1,0,LEVE,0,0
CHOQUE,1,1,1,AYACUCHO,HUAMANGA,CARMEN ALTO,URBANA,AVENIDA,URBANO,NO CORRESPONDE,-13.175674,-74.218741,DESPEJADO,COMERCIAL,INTERSECCIÓN,PLANA ,CONCRETO,SIN_DATO,SIN_DATO,SIN_DATO,SIN_DATO,IMPRUDENCIA DEL CONDUCTOR,EXCESO DE VELOCIDAD,2022,1,1,0,7,MAÑANA,SIERRA,1,1,LEVE,0,0
CHOQUE,1,2,2,LIMA,HUARAL,HUARAL,URBANA,CARRETERA,PROVINCIAL,LM-678,-11.480485,-77.20776,DESPEJADO,RESIDENCIAL,TRAMO RECTO,PLANA ,ASFALTADA,SIN_DATO,SIN_DATO,SIN_DATO,SIN_DATO,IMPRUDENCIA DEL CONDUCTOR,GIRAR IMPRUDENTEMENTE,2022,1,1,0,8,MAÑANA,COSTA,1,2,LEVE,0,0
CHOQUE,1,0,1,AREQUIPA,ISLAY,MEJIA,RURAL,CARRETERA,NACIONAL,PE-1SD,-17.1104051070626,-71.8991648010727,DESPEJADO,RURAL,TRAMO RECTO,INCLINADA,ASFALTADA,SIN_DATO,SIN_DATO,SIN_DATO,SIN_DATO,EN PROCESO DE INVESTIGACIÓN,NO CUENTA CON CAUSA ESPECIFICA,2022,1,1,0,8,MAÑANA,COSTA,1,0,LEVE,0,0
CHOQUE,1,0,2,AREQUIPA,CAYLLOMA,SAN ANTONIO DE CHUCA,RURAL,CARRETERA,NACIONAL,PE-34A,-15.843563,-71.106597,DESPEJADO,RURAL,TRAMO RECTO,PLANA ,ASFALTADA,SI,PREVENTIVA (P),SIN_DATO,SI,EN PROCESO DE INVESTIGACIÓN,NO CUENTA CON CAUSA ESPECIFICA,2022,1,1,0,9,MAÑANA,COSTA,1,0,LEVE,0,0
CHOQUE,1,2,2,PUNO,CHUCUITO,ZEPITA,RURAL,CARRETERA,NACIONAL,PE-36A,-16.569921367119754,-69.25691668026715,DESPEJADO,RURAL,TRAMO RECTO,PLANA ,ASFALTADA,NO,SIN_DATO,SIN_DATO,SI,IMPRUDENCIA DEL CONDUCTOR,GIRAR IMPRUDENTEMENTE,2022,1,1,0,9,MAÑANA,SIERRA,1,2,LEVE,0,0
ATROPELLO FUGA,1,0,0,PUNO,HUANCANE,PUSI,RURAL,CARRETERA,NACIONAL,PE-34H,-15.4178728,-70.0689953,DESPEJADO,RURAL,TRAMO RECTO,PLANA ,ASFALTADA,SIN_DATO,SIN_DATO,SIN_DATO,SIN_DATO,EN PROCESO DE INVESTIGACIÓN,NO CUENTA CON CAUSA ESPECIFICA,2022,1,1,0,21,NOCHE,SIERRA,1,0,LEVE,0,0
DESPISTE,3,0,1,CUSCO,LA CONVENCION,ECHARATE,RURAL,CARRETERA,DEPARTAMENTAL,CU-101,-12.760986726336746,-72.5695940456684,LLUVIOSO,RURAL,CURVA,PLANA ,ASFALTADA,NO,SIN_DATO,SIN_DATO,SI,IMPRUDENCIA DEL CONDUCTOR,EXCESO DE VELOCIDAD,2022,1,2,0,2,MADRUGADA,SIERRA,3,0,GRAVE_MORTALIDAD,1,0
VOLCADURA,1,0,1,CUSCO,QUISPICANCHI,OCONGATE,RURAL,CARRETERA,NACIONAL,PE-30C,-13.65966217913052,-71.36296134726351,DESPEJADO,RURAL,CURVA,PLANA ,ASFALTADA,SIN_DATO,SIN_DATO,SIN_DATO,SIN_DATO,IMPRUDENCIA DEL CONDUCTOR,NO DAR PASO PREFERENTE AL PEATÓN,2022,1,2,0,8,MAÑANA,SIERRA,1,0,LEVE,0,0
CHOQUE,1,1,2,JUNIN,CHUPACA,CHUPACA,URBANA,CARRETERA,PROVINCIAL,JU-894,-12.06552943854823,-75.27851338721504,DESPEJADO,ESCOLAR,INTERSECCIÓN,PLANA ,ASFALTADA,NO,SIN_DATO,SIN_DATO,SI,IMPRUDENCIA DEL CONDUCTOR,GIRAR IMPRUDENTEMENTE,2022,1,2,0,12,TARDE,SIERRA,1,1,LEVE,0,0
CHOQUE,1,0,2,CAJAMARCA,JAEN,BELLAVISTA,RURAL,CARRETERA,PROVINCIAL,CA-744,-5.6608308,-78.685608,DESPEJADO,RURAL,TRAMO RECTO,PLANA ,ASFALTADA,SIN_DATO,SIN_DATO,SIN_DATO,SIN_DATO,EN PROCESO DE INVESTIGACIÓN,NO CUENTA CON CAUSA ESPECIFICA,2022,1,2,0,21,NOCHE,SIERRA,1,0,LEVE,0,0
DESPISTE,1,0,1,JUNIN,HUANCAYO,HUANCAYO,URBANA,JIRÓN,URBANO,NO CORRESPONDE,-12.0611598,-75.2031727,DESPEJADO,RESIDENCIAL,INTERSECCIÓN,PLANA ,ASFALTADA,SI,PREVENTIVA (P),SIN_DATO,NO,IMPRUDENCIA DEL CONDUCTOR,CONDUCIR EN ESTADO DE EBRIEDAD Y/O DROGADICCIÓN,2022,1,3,0,1,MADRUGADA,SIERRA,1,0,LEVE,0,0
DESPISTE,1,0,1,LA LIBERTAD,OTUZCO,CHARAT,RURAL,CARRETERA,DEPARTAMENTAL,LI-113,-7.838403,-78.467516,LLUVIOSO,RURAL,TRAMO RECTO,PLANA ,AFIRMADO,SIN_DATO,SIN_DATO,SIN_DATO,SIN_DATO,EN PROCESO DE INVESTIGACIÓN,NO CUENTA CON CAUSA ESPECIFICA,2022,1,3,0,4,MADRUGADA,COSTA,1,0,LEVE,0,0
CHOQUE,1,1,2,LA LIBERTAD,TRUJILLO,TRUJILLO,URBANA,AVENIDA,URBANO,NO CORRESPONDE,-8.106805,-79.046712,DESPEJADO,COMERCIAL,INTERSECCIÓN,PLANA ,ASFALTADA,SIN_DATO,SIN_DATO,SIN_DATO,SIN_DATO,IMPRUDENCIA DEL CONDUCTOR,CONDUCIR EN ESTADO DE EBRIEDAD Y/O DROGADICCIÓN,2022,1,3,0,5,MADRUGADA,COSTA,1,1,LEVE,0,0
DESPISTE,1,0,1,HUANUCO,LEONCIO PRADO,LUYANDO,RURAL,CARRETERA,NACIONAL,PE-18A,-9.238196,-75.990316,DESPEJADO,COMERCIAL,TRAMO RECTO,PLANA ,ASFALTADA,SIN_DATO,SIN_DATO,SIN_DATO,SIN_DATO,IMPRUDENCIA DEL CONDUCTOR,EXCESO DE VELOCIDAD,2022,1,3,0,7,MAÑANA,SIERRA,1,0,LEVE,0,0
CHOQUE,1,5,4,HUANUCO,HUANUCO,PILLCO MARCA,URBANA,CARRETERA,NACIONAL,PE-3N,-9.949219,-76.250995,DESPEJADO,ESCOLAR,TRAMO RECTO,PLANA ,ASFALTADA,SIN_DATO,SIN_DATO,SIN_DATO,SIN_DATO,IMPRUDENCIA DEL CONDUCTOR,GIRAR IMPRUDENTEMENTE,2022,1,3,0,21,NOCHE,SIERRA,1,5,GRAVE_LESIONADOS,0,1
ATROPELLO,1,0,1,SAN MARTIN,SAN MARTIN,MORALES,URBANA,CARRETERA,NACIONAL,PE-5N,-6.486156,-76.39055,DESPEJADO,COMERCIAL,TRAMO RECTO,PLANA ,ASFALTADA,SIN_DATO,SIN_DATO,SIN_DATO,SIN_DATO,IMPRUDENCIA DEL CONDUCTOR,CONDUCIR EN ESTADO DE EBRIEDAD Y/O DROGADICCIÓN,2022,1,4,0,2,MADRUGADA,SELVA,1,0,LEVE,0,0
CHOQUE FUGA,1,0,1,AREQUIPA,CAYLLOMA,MAJES,URBANA,CARRETERA,DEPARTAMENTAL,AR-108,-16.332534,-72.203831,DESPEJADO,RESIDENCIAL,TRAMO RECTO,PLANA ,ASFALTADA,SIN_DATO,SIN_DATO,SIN_DATO,SIN_DATO,EN PROCESO DE INVESTIGACIÓN,NO CUENTA CON CAUSA ESPECIFICA,2022,1,4,0,6,MAÑANA,COSTA,1,0,LEVE,0,0
CHOQUE,1,1,2,PUNO,EL COLLAO,ILAVE,RURAL,CARRETERA,NACIONAL,PE-38A,-16.24095244075126,-69.68082364939654,DESPEJADO,RURAL,INTERSECCIÓN,PLANA ,AFIRMADO,SI,PREVENTIVA (P),SIN_DATO,NO,IMPRUDENCIA DEL CONDUCTOR,OTRO (IMPRUDENCIA DEL CONDUCTOR),2022,1,4,0,9,MAÑANA,SIERRA,1,1,LEVE,0,0
CHOQUE,1,0,2,JUNIN,JAUJA,JAUJA,URBANA,AVENIDA,URBANO,NO CORRESPONDE,-11.77893,-75.4977,DESPEJADO,RURAL,INTERSECCIÓN,PLANA ,ASFALTADA,SIN_DATO,SIN_DATO,SIN_DATO,SIN_DATO,IMPRUDENCIA DEL CONDUCTOR,NO ESTABLECER EL DERECHO DE PASO,2022,1,4,0,11,MAÑANA,SIERRA,1,0,LEVE,0,0
DESPISTE,1,0,1,PUNO,MELGAR,AYAVIRI,RURAL,CARRETERA,NACIONAL,PE-3S,-14.954512,-70.5146254,DESPEJADO,RURAL,TRAMO RECTO,PLANA ,ASFALTADA,SIN_DATO,SIN_DATO,SIN_DATO,SIN_DATO,IMPRUDENCIA DEL CONDUCTOR,CONDUCIR EN SENTIDO CONTRARIO,2022,1,4,0,18,NOCHE,SIERRA,1,0,LEVE,0,0
ATROPELLO FUGA,1,3,2,ICA,CHINCHA,TAMBO DE MORA,RURAL,CARRETERA,NACIONAL,PE-1SE,-13.48064866882319,-76.18441131162028,DESPEJADO,RURAL,TRAMO RECTO,PLANA ,ASFALTADA,SIN_DATO,SIN_DATO,SIN_DATO,SIN_DATO,IMPRUDENCIA DEL PEATÓN,CRUCE INDEBIDO POR LA CALZADA,2022,1,4,0,19,NOCHE,COSTA,1,3,GRAVE_LESIONADOS,0,1
ATROPELLO FUGA,1,0,0,LIMA,LIMA,RIMAC,URBANA,CARRETERA,NACIONAL,PE-1N,-12.042152628931484,-77.02061367069078,DESPEJADO,INDUSTRIAL,INTERSECCIÓN,INCLINADA,ASFALTADA,SIN_DATO,SIN_DATO,SIN_DATO,SIN_DATO,EN PROCESO DE INVESTIGACIÓN,NO CUENTA CON CAUSA ESPECIFICA,2022,1,4,0,23,NOCHE,COSTA,1,0,LEVE,0,0
DESPISTE,1,0,1,ANCASH,YUNGAY,QUILLO,RURAL,CARRETERA,SIN CLASIFICAR,SIN CLASIFICAR,-9.326317715393536,-78.0123802080485,DESPEJADO,RURAL,SINUOSA,INCLINADA,TROCHA,SIN_DATO,SIN_DATO,SIN_DATO,SIN_DATO,EN PROCESO DE INVESTIGACIÓN,NO CUENTA CON CAUSA ESPECIFICA,2022,1,5,1,5,MADRUGADA,SIERRA,1,0,LEVE,0,0
ATROPELLO,1,0,1,JUNIN,HUANCAYO,EL TAMBO,URBANA,CARRETERA,NACIONAL,PE-3S,-12.029801,-75.234779,DESPEJADO,COMERCIAL,TRAMO RECTO,PLANA ,ASFALTADA,SIN_DATO,SIN_DATO,SIN_DATO,SIN_DATO,IMPRUDENCIA DEL PEATÓN,CRUCE INDEBIDO POR LA CALZADA,2022,1,5,1,11,MAÑANA,SIERRA,1,0,LEVE,0,0
CHOQUE,1,0,2,CUSCO,ESPINAR,OCORURO,RURAL,CARRETERA,NACIONAL,PE-34J,-15.048068904848686,-71.13118878631418,NUBLADO,RURAL,TRAMO RECTO,PLANA ,ASFALTADA,SIN_DATO,SIN_DATO,SIN_DATO,SIN_DATO,IMPERICIA DEL CONDUCTOR,SIN_DATO,2022,1,5,1,15,TARDE,SIERRA,1,0,LEVE,0,0
CHOQUE,2,0,2,HUANUCO,HUANUCO,SANTA MARIA DEL VALLE,URBANA,CARRETERA,NACIONAL,PE-18A,-9.842552,-76.136056,DESPEJADO,RURAL,CURVA,PLANA ,ASFALTADA,SIN_DATO,SIN_DATO,SIN_DATO,SIN_DATO,IMPRUDENCIA DEL CONDUCTOR,OTRO (IMPRUDENCIA DEL CONDUCTOR),2022,1,5,1,15,TARDE,SIERRA,2,0,GRAVE_MORTALIDAD,1,0
CHOQUE,1,0,2,LA LIBERTAD,TRUJILLO,EL PORVENIR,URBANA,AVENIDA,URBANO,NO CORRESPONDE,-8.08562,-79.001736,DESPEJADO,COMERCIAL,INTERSECCIÓN,PLANA ,ASFALTADA,SIN_DATO,SIN_DATO,SIN_DATO,SIN_DATO,IMPRUDENCIA DEL CONDUCTOR,NO ESTABLECER EL DERECHO DE PASO,2022,1,5,1,16,TARDE,COSTA,1,0,LEVE,0,0
CHOQUE FUGA,1,0,2,SAN MARTIN,RIOJA,NUEVA CAJAMARCA,URBANA,CARRETERA,NACIONAL,PE-5N,-5.927639,-77.314049,DESPEJADO,COMERCIAL,TRAMO RECTO,PLANA ,ASFALTADA,SIN_DATO,SIN_DATO,SIN_DATO,SIN_DATO,NEGLIGENCIA DEL CONDUCTOR,OTRO (NEGLIGENCIA DEL CONDUCTOR),2022,1,5,1,21,NOCHE,SELVA,1,0,LEVE,0,0
DESPISTE,2,3,1,HUANUCO,HUANUCO,CHURUBAMBA,RURAL,CARRETERA,PROVINCIAL,HU-788,-9.805828,-76.132483,DESPEJADO,RURAL,TRAMO RECTO,INCLINADA,TROCHA,SIN_DATO,SIN_DATO,SIN_DATO,SIN_DATO,IMPRUDENCIA DEL CONDUCTOR,OTRO (IMPRUDENCIA DEL CONDUCTOR),2022,1,5,1,23,NOCHE,SIERRA,2,3,GRAVE_MORTALIDAD,1,1
VOLCADURA,1,0,0,LIMA,LIMA,SANTIAGO DE SURCO,URBANA,CARRETERA,NACIONAL,PE-1S,-12.141153345291308,-76.98128810467387,DESPEJADO,INDUSTRIAL,PUENTE,PLANA ,ASFALTADA,SIN_DATO,SIN_DATO,SIN_DATO,SIN_DATO,EN PROCESO DE INVESTIGACIÓN,NO CUENTA CON CAUSA ESPECIFICA,2022,1,6,1,1,MADRUGADA,COSTA,1,0,LEVE,0,0
DESPISTE,1,0,1,LORETO,MAYNAS,IQUITOS,URBANA,CARRETERA,PROVINCIAL,LO-502,-3.761243,-73.265914,DESPEJADO,RESIDENCIAL,TRAMO RECTO,PLANA ,ASFALTADA,SIN_DATO,SIN_DATO,SIN_DATO,SIN_DATO,IMPRUDENCIA DEL CONDUCTOR,CONDUCIR EN ESTADO DE EBRIEDAD Y/O DROGADICCIÓN,2022,1,6,1,1,MADRUGADA,SELVA,1,0,LEVE,0,0
CHOQUE,1,2,2,TACNA,TACNA,LA YARADA LOS PALOS,RURAL,CARRETERA,PROVINCIAL,TA-644,-18.243249,-70.375058,DESPEJADO,RURAL,TRAMO RECTO,PLANA ,ASFALTADA,SIN_DATO,SIN_DATO,SIN_DATO,SIN_DATO,EN PROCESO DE INVESTIGACIÓN,NO CUENTA CON CAUSA ESPECIFICA,2022,1,6,1,4,MADRUGADA,COSTA,1,2,LEVE,0,0
ATROPELLO FUGA,1,0,1,LA LIBERTAD,VIRU,CHAO,RURAL,CARRETERA,NACIONAL,PE-1N,-8.529504,-78.682131,DESPEJADO,RURAL,TRAMO RECTO,PLANA ,ASFALTADA,SIN_DATO,SIN_DATO,SIN_DATO,SIN_DATO,EN PROCESO DE INVESTIGACIÓN,NO CUENTA CON CAUSA ESPECIFICA,2022,1,6,1,4,MADRUGADA,COSTA,1,0,LEVE,0,0
CHOQUE,1,0,1,LIMA,LIMA,SAN MARTIN DE PORRES,URBANA,CARRETERA,NACIONAL,PE-1N,-12.022886281559128,-77.05922110245548,DESPEJADO,INDUSTRIAL,INTERSECCIÓN,PLANA ,ASFALTADA,SIN_DATO,SIN_DATO,SIN_DATO,SIN_DATO,EN PROCESO DE INVESTIGACIÓN,NO CUENTA CON CAUSA ESPECIFICA,2022,1,6,1,6,MAÑANA,COSTA,1,0,LEVE,0,0
CHOQUE,1,1,2,LAMBAYEQUE,CHICLAYO,SAÑA,RURAL,CARRETERA,DEPARTAMENTAL,LA-116,-6.8108587,-79.662292,NIEBLA,RURAL,TRAMO RECTO,PLANA ,ASFALTADA,SIN_DATO,SIN_DATO,SIN_DATO,SIN_DATO,EN PROCESO DE INVESTIGACIÓN,NO CUENTA CON CAUSA ESPECIFICA,2022,1,6,1,6,MAÑANA,COSTA,1,1,LEVE,0,0
CHOQUE,1,0,0,LIMA,LIMA,VILLA MARIA DEL TRIUNFO,URBANA,AVENIDA,URBANO,NO CORRESPONDE,-12.204976612184334,-76.92874793045789,DESPEJADO,COMERCIAL,TRAMO RECTO,PLANA ,ASFALTADA,SIN_DATO,SIN_DATO,SIN_DATO,SIN_DATO,EN PROCESO DE INVESTIGACIÓN,NO CUENTA CON CAUSA ESPECIFICA,2022,1,6,1,8,MAÑANA,COSTA,1,0,LEVE,0,0
DESPISTE,4,1,1,CAJAMARCA,HUALGAYOC,BAMBAMARCA,RURAL,CARRETERA,PROVINCIAL,CA-966,-6.63552833,-78.4833,DESPEJADO,RURAL,TRAMO RECTO,INCLINADA,AFIRMADO,SIN_DATO,SIN_DATO,SIN_DATO,SIN_DATO,EN PROCESO DE INVESTIGACIÓN,NO CUENTA CON CAUSA ESPECIFICA,2022,1,6,1,11,MAÑANA,SIERRA,4,1,GRAVE_MORTALIDAD,1,0
DESPISTE,1,0,1,HUANCAVELICA,ANGARAES,LIRCAY,RURAL,CARRETERA,NACIONAL,PE-26B,-13.03259,-74.71472,DESPEJADO,RURAL,SINUOSA,INCLINADA,ASFALTADA,SIN_DATO,SIN_DATO,SIN_DATO,SIN_DATO,EN PROCESO DE INVESTIGACIÓN,NO CUENTA CON CAUSA ESPECIFICA,2022,1,6,1,15,TARDE,SIERRA,1,0,LEVE,0,0