CLASE SINIESTRO,CANTIDAD DE FALLECIDOS,CANTIDAD DE LESIONADOS,CANTIDAD DE VEHICULOS DAÑADOS,DEPARTAMENTO,PROVINCIA,DISTRITO,ZONA,TIPO DE VÍA,RED VIAL,COD CARRETERA,COORDENADAS LATITUD,COORDENADAS  LONGITUD,CONDICIÓN CLIMÁTICA,ZONIFICACIÓN,CARACTERÍSTICAS DE VÍA,PERFIL LONGITUDINAL VÍA,SUPERFICIE DE CALZADA,¿EXISTE SEÑAL VERTICAL?,CLASIFICACIÓN DE LA SEÑAL VERTICAL Nº 1,CLASIFICACIÓN DE LA SEÑAL VERTICAL Nº 2,¿EXISTE SEÑAL HORIZONTAL?,CAUSA FACTOR PRINCIPAL,CAUSA ESPECÍFICA,AÑO,MES,DIA_SEMANA,ES_FIN_SEMANA,HORA_NUM,FRANJA_HORARIA,REGION_NATURAL,FALLECIDOS,LESIONADOS,CATEGORIA_SEVERIDAD,MORTALIDAD_MULTIPLE,LESION_MULTIPLE
ATROPELLO,1,0,0,LIMA,LIMA,RIMAC,URBANA,AVENIDA,URBANO,NO CORRESPONDE,-12.02492824204054,-77.03557518646898,DESPEJADO,COMERCIAL,TRAMO RECTO,PLANA ,ASFALTADA,SIN_DATO,SIN_DATO,SIN_DATO,SIN_DATO,EN PROCESO DE INVESTIGACIÓN,NO CUENTA CON CAUSA ESPECIFICA,2022,2,2,0,13,TARDE,COSTA,1,0,LEVE,0,0
CHOQUE,1,1,2,PIURA,PIURA,VEINTISEIS DE OCTUBRE,RURAL,CARRETERA,NACIONAL,PE-1N,-5.153855,-80.695247,DESPEJADO,RURAL,TRAMO RECTO,PLANA ,ASFALTADA,SIN_DATO,SIN_DATO,SIN_DATO,SIN_DATO,IMPRUDENCIA DEL CONDUCTOR,EXCESO DE VELOCIDAD,2022,2,2,0,13,TARDE,COSTA,1,1,LEVE,0,0
ATROPELLO,1,0,1,JUNIN,JAUJA,MUQUIYAUYO,RURAL,CARRETERA,NACIONAL,PE-3SB,-11.826432,-75.446335,DESPEJADO,RURAL,TRAMO RECTO,PLANA ,ASFALTADA,SIN_DATO,SIN_DATO,SIN_DATO,SIN_DATO,IMPRUDENCIA DEL PEATÓN,CRUCE INDEBIDO POR LA CALZADA,2022,2,2,0,15,TARDE,SIERRA,1,0,LEVE,0,0
CHOQUE,6,0,2,PIURA,PIURA,CASTILLA,RURAL,CARRETERA,NACIONAL,PE-1NJ,-5.1522816,-80.480036,DESPEJADO,RURAL,TRAMO RECTO,PLANA ,ASFALTADA,SIN_DATO,SIN_DATO,SIN_DATO,SIN_DATO,IMPRUDENCIA DEL CONDUCTOR,INVASIÓN DE CARRIL,2022,2,2,0,21,NOCHE,COSTA,6,0,GRAVE_MORTALIDAD,1,0
DESPISTE,1,2,1,PIURA,HUANCABAMBA,HUARMACA,RURAL,CARRETERA,NACIONAL,PE-3N,-5.53634,-79.51849,NIEBLA,RURAL,CURVA,INCLINADA,ASFALTADA,SIN_DATO,SIN_DATO,SIN_DATO,SIN_DATO,EN PROCESO DE INVESTIGACIÓN,NO CUENTA CON CAUSA ESPECIFICA,2022,2,3,0,0,MADRUGADA,COSTA,1,2,LEVE,0,0
CHOQUE,1,0,2,LA LIBERTAD,TRUJILLO,HUANCHACO,RURAL,CARRETERA,NACIONAL,PE-1N,-8.11178,-79.094655,DESPEJADO,RURAL,TRAMO RECTO,PLANA ,ASFALTADA,SIN_DATO,SIN_DATO,SIN_DATO,SIN_DATO,IMPRUDENCIA DEL CONDUCTOR,INVASIÓN DE CARRIL,2022,2,3,0,5,MADRUGADA,COSTA,1,0,LEVE,0,0
DESPISTE,1,4,1,PUNO,CHUCUITO,HUACULLANI,RURAL,CARRETERA,NACIONAL,PE-36A,-16.648757,-69.451141,DESPEJADO,RURAL,TRAMO RECTO,PLANA ,ASFALTADA,SI,REGULADORA (R),SIN_DATO,SI,IMPRUDENCIA DEL CONDUCTOR,OTRO (IMPRUDENCIA DEL CONDUCTOR),2022,2,3,0,5,MADRUGADA,SIERRA,1,4,GRAVE_LESIONADOS,0,1
ATROPELLO,1,0,1,LIMA,HUARAL,CHANCAY,RURAL,CARRETERA,NACIONAL,PE-1N,-11.537540959005987,-77.2831052179633,DESPEJADO,RURAL,TRAMO RECTO,PLANA ,ASFALTADA,SIN_DATO,SIN_DATO,SIN_DATO,SIN_DATO,IMPRUDENCIA DEL PEATÓN,CRUCE INDEBIDO POR LA CALZADA,2022,2,3,0,5,MADRUGADA,COSTA,1,0,LEVE,0,0
DESPISTE,3,0,1,ANCASH,HUARAZ,OLLEROS,RURAL,CARRETERA,NACIONAL,PE-3N,-9.642707213395807,-77.48862439564475,LLUVIOSO,RURAL,CURVA,INCLINADA,ASFALTADA,SIN_DATO,SIN_DATO,SIN_DATO,SIN_DATO,IMPRUDENCIA DEL CONDUCTOR,EXCESO DE VELOCIDAD,2022,2,3,0,17,TARDE,SIERRA,3,0,GRAVE_MORTALIDAD,1,0
DESPISTE,2,0,1,APURIMAC,ANDAHUAYLAS,CHIARA,RURAL,CARRETERA,SIN CLASIFICAR,SIN CLASIFICAR,-13.907017,-73.666096,SIN_DATO,SIN_DATO,SIN_DATO,SIN_DATO,SIN_DATO,SIN_DATO,SIN_DATO,SIN_DATO,SIN_DATO,EN PROCESO DE INVESTIGACIÓN,NO CUENTA CON CAUSA ESPECIFICA,2022,2,3,0,18,NOCHE,SIERRA,2,0,GRAVE_MORTALIDAD,1,0
CHOQUE,1,0,1,LAMBAYEQUE,LAMBAYEQUE,LAMBAYEQUE,RURAL,CARRETERA,NACIONAL,PE-1N,-6.689126,-79.9037,DESPEJADO,RURAL,TRAMO RECTO,PLANA ,ASFALTADA,SIN_DATO,SIN_DATO,SIN_DATO,SIN_DATO,EN PROCESO DE INVESTIGACIÓN,NO CUENTA CON CAUSA ESPECIFICA,2022,2,3,0,19,NOCHE,COSTA,1,0,LEVE,0,0
ATROPELLO,1,0,1,CALLAO,CALLAO,CALLAO,URBANA,CARRETERA,NACIONAL,PE-20,-11.979787040024192,-77.12487629988695,DESPEJADO,INDUSTRIAL,INTERSECCIÓN,PLANA ,CONCRETO,SI,INFORMATIVA (I),SIN_DATO,NO,IMPRUDENCIA DEL PEATÓN,ESTADO DE EBRIEDAD Y/O DROGADICCIÓN,2022,2,3,0,21,NOCHE,COSTA,1,0,LEVE,0,0
CHOQUE FUGA,1,0,1,ICA,ICA,SALAS,RURAL,CARRETERA,NACIONAL,PE-1S,-13.943722660495268,-75.80869573155678,DESPEJADO,RURAL,TRAMO RECTO,PLANA ,ASFALTADA,SI,REGULADORA (R),SIN_DATO,NO,EN PROCESO DE INVESTIGACIÓN,NO CUENTA CON CAUSA ESPECIFICA,2022,2,4,0,6,MAÑANA,COSTA,1,0,LEVE,0,0
ATROPELLO,1,0,0,LIMA,LIMA,MIRAFLORES,URBANA,OTRO,URBANO,NO CORRESPONDE,-12.118355820687093,-77.04539717637547,DESPEJADO,INDUSTRIAL,CURVA,PLANA ,ASFALTADA,SIN_DATO,SIN_DATO,SIN_DATO,SIN_DATO,EN PROCESO DE INVESTIGACIÓN,NO CUENTA CON CAUSA ESPECIFICA,2022,2,4,0,21,NOCHE,COSTA,1,0,LEVE,0,0
CHOQUE,1,0,2,ICA,PISCO,HUMAY,URBANA,CARRETERA,NACIONAL,PE-28A,-13.723774,-75.895687,DESPEJADO,COMERCIAL,CURVA,INCLINADA,ASFALTADA,SIN_DATO,SIN_DATO,SIN_DATO,SIN_DATO,EN PROCESO DE INVESTIGACIÓN,NO CUENTA CON CAUSA ESPECIFICA,2022,2,5,1,6,MAÑANA,COSTA,1,0,LEVE,0,0
ATROPELLO FUGA,1,0,0,LIMA,LIMA,LURIN,URBANA,CARRETERA,NACIONAL,PE-1S,-12.29307353457454,-76.86297765548466,DESPEJADO,INDUSTRIAL,TRAMO RECTO,PLANA ,ASFALTADA,SIN_DATO,SIN_DATO,SIN_DATO,SIN_DATO,EN PROCESO DE INVESTIGACIÓN,NO CUENTA CON CAUSA ESPECIFICA,2022,2,5,1,10,MAÑANA,COSTA,1,0,LEVE,0,0
ATROPELLO,1,0,1,JUNIN,HUANCAYO,SICAYA,RURAL,CARRETERA,NACIONAL,PE-3SB,-12.026477,-75.269575,DESPEJADO,RURAL,TRAMO RECTO,PLANA ,ASFALTADA,SIN_DATO,SIN_DATO,SIN_DATO,SIN_DATO,IMPRUDENCIA DEL PEATÓN,CRUCE INDEBIDO POR LA CALZADA,2022,2,5,1,12,TARDE,SIERRA,1,0,LEVE,0,0
DESPISTE,1,5,1,AYACUCHO,HUAMANGA,ACOCRO,RURAL,CARRETERA,SIN CLASIFICAR,SIN CLASIFICAR,-13.213543,-74.043324,DESPEJADO,RURAL,CURVA,INCLINADA,AFIRMADO,SIN_DATO,SIN_DATO,SIN_DATO,SIN_DATO,IMPERICIA DEL CONDUCTOR,SIN_DATO,2022,2,5,1,12,TARDE,SIERRA,1,5,GRAVE_LESIONADOS,0,1
ATROPELLO,1,0,1,TUMBES,TUMBES,CORRALES,URBANA,CARRETERA,SIN CLASIFICAR,SIN CLASIFICAR,-3.6103980341372495,-80.48495027603313,SOLEADO,RURAL,TRAMO RECTO,PLANA ,CONCRETO,SIN_DATO,SIN_DATO,SIN_DATO,SIN_DATO,IMPERICIA DEL CONDUCTOR,SIN_DATO,2022,2,5,1,14,TARDE,COSTA,1,0,LEVE,0,0
CHOQUE,1,1,1,APURIMAC,COTABAMBAS,CHALLHUAHUACHO,RURAL,CARRETERA,PROVINCIAL,AP-956,-14.177926524620933,-72.32824385814376,SIN_DATO,SIN_DATO,SIN_DATO,SIN_DATO,SIN_DATO,SIN_DATO,SIN_DATO,SIN_DATO,SIN_DATO,EN PROCESO DE INVESTIGACIÓN,NO CUENTA CON CAUSA ESPECIFICA,2022,2,5,1,17,TARDE,SIERRA,1,1,LEVE,0,0
CHOQUE,1,0,0,LIMA,LIMA,LA MOLINA,URBANA,CARRETERA,DEPARTAMENTAL,LM-117,-12.082043065605744,-76.92834014416228,DESPEJADO,RESIDENCIAL,INTERSECCIÓN,PLANA ,ASFALTADA,SIN_DATO,SIN_DATO,SIN_DATO,SIN_DATO,EN PROCESO DE INVESTIGACIÓN,NO CUENTA CON CAUSA ESPECIFICA,2022,2,5,1,19,NOCHE,COSTA,1,0,LEVE,0,0
CHOQUE,2,0,4,MADRE DE DIOS,TAMBOPATA,TAMBOPATA,URBANA,CARRETERA,NACIONAL,PE-30C,-12.58088333477853,-69.20341726821762,DESPEJADO,RESIDENCIAL,TRAMO RECTO,PLANA ,ASFALTADA,SI,REGULADORA (R),SIN_DATO,NO,IMPRUDENCIA DEL CONDUCTOR,CONDUCIR EN ESTADO DE EBRIEDAD Y/O DROGADICCIÓN,2022,2,5,1,20,NOCHE,SELVA,2,0,GRAVE_MORTALIDAD,1,0
ATROPELLO,1,0,0,LIMA,LIMA,ANCON,URBANA,CARRETERA,NACIONAL,PE-1N,-11.808526,-77.13254253,DESPEJADO,INDUSTRIAL,TRAMO RECTO,PLANA ,ASFALTADA,SIN_DATO,SIN_DATO,SIN_DATO,SIN_DATO,EN PROCESO DE INVESTIGACIÓN,NO CUENTA CON CAUSA ESPECIFICA,2022,2,6,1,2,MADRUGADA,COSTA,1,0,LEVE,0,0
ATROPELLO FUGA,1,0,1,AREQUIPA,AREQUIPA,CERRO COLORADO,URBANA,CARRETERA,DEPARTAMENTAL,AR-123,-16.356788,-71.613419,DESPEJADO,RESIDENCIAL,TRAMO RECTO,PLANA ,ASFALTADA,SIN_DATO,SIN_DATO,SIN_DATO,SIN_DATO,EN PROCESO DE INVESTIGACIÓN,NO CUENTA CON CAUSA ESPECIFICA,2022,2,6,1,3,MADRUGADA,COSTA,1,0,LEVE,0,0
ATROPELLO FUGA,1,0,0,TACNA,TACNA,TACNA,RURAL,CARRETERA,NACIONAL,PE-1S,-18.0624,-70.287386,DESPEJADO,RURAL,TRAMO RECTO,PLANA ,ASFALTADA,SIN_DATO,SIN_DATO,SIN_DATO,SIN_DATO,IMPRUDENCIA DEL PEATÓN,ESTADO DE EBRIEDAD Y/O DROGADICCIÓN,2022,2,6,1,4,MADRUGADA,COSTA,1,0,LEVE,0,0
ATROPELLO,1,1,1,LORETO,MAYNAS,SAN JUAN BAUTISTA,URBANA,CARRETERA,DEPARTAMENTAL,LO-103,-3.8011477,-73.308816,DESPEJADO,COMERCIAL,TRAMO RECTO,INCLINADA,ASFALTADA,SIN_DATO,SIN_DATO,SIN_DATO,SIN_DATO,IMPRUDENCIA DEL CONDUCTOR,EXCESO DE VELOCIDAD,2022,2,6,1,7,MAÑANA,SELVA,1,1,LEVE,0,0
CHOQUE,1,1,2,PUNO,PUNO,ACORA,RURAL,CARRETERA,NACIONAL,PE-3S,-16.05827,-69.69661,DESPEJADO,RURAL,TRAMO RECTO,PLANA ,ASFALTADA,NO,SIN_DATO,SIN_DATO,SI,IMPRUDENCIA DEL CONDUCTOR,OTRO (IMPRUDENCIA DEL CONDUCTOR),2022,2,6,1,8,MAÑANA,SIERRA,1,1,LEVE,0,0
ATROPELLO,1,0,1,PIURA,MORROPON,SAN JUAN DE BIGOTE,RURAL,CARRETERA,PROVINCIAL,PI-815,-5.31917,-79.7878,DESPEJADO,RURAL,TRAMO RECTO,PLANA ,ASFALTADA,SIN_DATO,SIN_DATO,SIN_DATO,SIN_DATO,EN PROCESO DE INVESTIGACIÓN,NO CUENTA CON CAUSA ESPECIFICA,2022,2,6,1,12,TARDE,COSTA,1,0,LEVE,0,0
CHOQUE,1,1,2,LAMBAYEQUE,CHICLAYO,CAYALTI,URBANA,CALLE,URBANO,NO CORRESPONDE,-6.8905404,-79.5625118,DESPEJADO,RESIDENCIAL,TRAMO RECTO,PLANA ,ASFALTADA,SIN_DATO,SIN_DATO,SIN_DATO,SIN_DATO,EN PROCESO DE INVESTIGACIÓN,NO CUENTA CON CAUSA ESPECIFICA,2022,2,6,1,16,TARDE,COSTA,1,1,LEVE,0,0
DESPISTE,1,0,1,CUSCO,CUSCO,WANCHAQ,URBANA,AVENIDA,URBANO,NO CORRESPONDE,-13.531242969091702,-71.94799194024732,LLUVIOSO,RESIDENCIAL,TRAMO RECTO,INCLINADA,ASFALTADA,SIN_DATO,SIN_DATO,SIN_DATO,SIN_DATO,IMPRUDENCIA DEL CONDUCTOR,CONDUCIR EN ESTADO DE EBRIEDAD Y/O DROGADICCIÓN,2022,2,6,1,16,TARDE,SIERRA,1,0,LEVE,0,0
CHOQUE,1,0,2,LAMBAYEQUE,LAMBAYEQUE,LAMBAYEQUE,RURAL,CARRETERA,NACIONAL,PE-1N,-6.727169572652818,-79.8901308417955,DESPEJADO,RURAL,TRAMO RECTO,PLANA ,ASFALTADA,SIN_DATO,SIN_DATO,SIN_DATO,SIN_DATO,EN PROCESO DE INVESTIGACIÓN,NO CUENTA CON CAUSA ESPECIFICA,2022,2,6,1,19,NOCHE,COSTA,1,0,LEVE,0,0
ATROPELLO FUGA,1,0,1,CUSCO,URUBAMBA,HUAYLLABAMBA,RURAL,CARRETERA,NACIONAL,PE-28B,-13.3318242,-72.0596769,DESPEJADO,RURAL,TRAMO RECTO,PLANA ,ASFALTADA,SIN_DATO,SIN_DATO,SIN_DATO,SIN_DATO,IMPRUDENCIA DEL CONDUCTOR,EXCESO DE VELOCIDAD,2022,2,6,1,20,NOCHE,SIERRA,1,0,LEVE,0,0
CHOQUE,1,0,2,SAN MARTIN,RIOJA,NUEVA CAJAMARCA,URBANA,CARRETERA,NACIONAL,PE-5N,-5.944189,-77.305847,LLUVIOSO,COMERCIAL,TRAMO RECTO,PLANA ,ASFALTADA,SIN_DATO,SIN_DATO,SIN_DATO,SIN_DATO,IMPERICIA DEL CONDUCTOR,SIN_DATO,2022,2,6,1,20,NOCHE,SELVA,1,0,LEVE,0,0
ATROPELLO,1,0,1,AREQUIPA,AREQUIPA,CERRO COLORADO,URBANA,CARRETERA,NACIONAL,PE-34A,-16.382368,-71.577284,DESPEJADO,COMERCIAL,TRAMO RECTO,INCLINADA,ASFALTADA,SIN_DATO,SIN_DATO,SIN_DATO,SIN_DATO,EN PROCESO DE INVESTIGACIÓN,NO CUENTA CON CAUSA ESPECIFICA,2022,2,6,1,21,NOCHE,COSTA,1,0,LEVE,0,0
ATROPELLO FUGA,1,0,0,LAMBAYEQUE,FERREÑAFE,FERREÑAFE,RURAL,CARRETERA,DEPARTAMENTAL,LA-111,-6.665822,-79.786422,DESPEJADO,RURAL,TRAMO RECTO,PLANA ,ASFALTADA,SIN_DATO,SIN_DATO,SIN_DATO,SIN_DATO,EN PROCESO DE INVESTIGACIÓN,NO CUENTA CON CAUSA ESPECIFICA,2022,2,6,1,23,NOCHE,COSTA,1,0,LEVE,0,0
DESPISTE,1,0,1,CAJAMARCA,CAJAMARCA,CAJAMARCA,URBANA,CARRETERA,NACIONAL,PE-3N,-7.17930167,-78.48539833,DESPEJADO,RURAL,INTERSECCIÓN,PLANA ,ASFALTADA,SIN_DATO,SIN_DATO,SIN_DATO,SIN_DATO,EN PROCESO DE INVESTIGACIÓN,NO CUENTA CON CAUSA ESPECIFICA,2022,2,0,0,3,MADRUGADA,SIERRA,1,0,LEVE,0,0
DESPISTE,1,0,1,PASCO,PASCO,PAUCARTAMBO,RURAL,CARRETERA,PROVINCIAL,PA-619,-10.764565440816192,-75.70994143870614,DESPEJADO,RURAL,SINUOSA,INCLINADA,TROCHA,SIN_DATO,SIN_DATO,SIN_DATO,SIN_DATO,EN PROCESO DE INVESTIGACIÓN,NO CUENTA CON CAUSA ESPECIFICA,2022,2,0,0,4,MADRUGADA,SIERRA,1,0,LEVE,0,0
DESPISTE,1,0,1,ICA,ICA,SANTIAGO,URBANA,CARRETERA,NACIONAL,PE-1S,-14.280672093464643,-75.68218313423354,DESPEJADO,RURAL,TRAMO RECTO,PLANA ,ASFALTADA,SIN_DATO,SIN_DATO,SIN_DATO,SIN_DATO,IMPRUDENCIA DEL CONDUCTOR,EXCESO DE VELOCIDAD,2022,2,0,0,4,MADRUGADA,COSTA,1,0,LEVE,0,0
CHOQUE,1,0,2,LIMA,HUAURA,SAYAN,RURAL,CARRETERA,NACIONAL,PE-18,-11.1404,-77.23035,DESPEJADO,RURAL,TRAMO RECTO,PLANA ,ASFALTADA,SI,REGULADORA (R),SIN_DATO,NO,IMPRUDENCIA DEL CONDUCTOR,CONDUCIR EN ESTADO DE EBRIEDAD Y/O DROGADICCIÓN,2022,2,0,0,20,NOCHE,COSTA,1,0,LEVE,0,0
DESPISTE,1,0,1,LAMBAYEQUE,CHICLAYO,CAYALTI,RURAL,CARRETERA,SIN CLASIFICAR,SIN CLASIFICAR,-6.885022,-79.53013,DESPEJADO,RURAL,TRAMO RECTO,PLANA ,TROCHA,SIN_DATO,SIN_DATO,SIN_DATO,SIN_DATO,EN PROCESO DE INVESTIGACIÓN,NO CUENTA CON CAUSA ESPECIFICA,2022,2,0,0,20,NOCHE,COSTA,1,0,LEVE,0,0
ATROPELLO FUGA,1,0,1,LA LIBERTAD,PACASMAYO,JEQUETEPEQUE,RURAL,CARRETERA,NACIONAL,PE-1N,-7.364211367187465,-79.52776551923222,DESPEJADO,RURAL,TRAMO RECTO,PLANA ,ASFALTADA,SIN_DATO,SIN_DATO,SIN_DATO,SIN_DATO,EN PROCESO DE INVESTIGACIÓN,NO CUENTA CON CAUSA ESPECIFICA,2022,2,1,0,3,MADRUGADA,COSTA,1,0,LEVE,0,0
CHOQUE,1,0,2,AREQUIPA,CARAVELI,ATIQUIPA,RURAL,CARRETERA,NACIONAL,PE-1S,-15.812568464821371,-74.38580123214663,DESPEJADO,RURAL,TRAMO RECTO,PLANA ,ASFALTADA,SIN_DATO,SIN_DATO,SIN_DATO,SIN_DATO,EN PROCESO DE INVESTIGACIÓN,NO CUENTA CON CAUSA ESPECIFICA,2022,2,1,0,7,MAÑANA,COSTA,1,0,LEVE,0,0
DESPISTE,1,0,1,LA LIBERTAD,CHEPEN,CHEPEN,RURAL,CARRETERA,NACIONAL,PE-1N,-7.20012376560909,-79.42825350892518,DESPEJADO,RURAL,TRAMO RECTO,PLANA ,ASFALTADA,SIN_DATO,SIN_DATO,SIN_DATO,SIN_DATO,EN PROCESO DE INVESTIGACIÓN,NO CUENTA CON CAUSA ESPECIFICA,2022,2,1,0,9,MAÑANA,COSTA,1,0,LEVE,0,0
CHOQUE,1,1,2,LIMA,HUAURA,HUACHO,RURAL,CARRETERA,NACIONAL,PE-1N,-11.138223067622045,-77.59695584784023,DESPEJADO,RURAL,TRAMO RECTO,PLANA ,ASFALTADA,SIN_DATO,SIN_DATO,SIN_DATO,SIN_DATO,IMPRUDENCIA DEL CONDUCTOR,EXCESO DE VELOCIDAD,2022,2,1,0,10,MAÑANA,COSTA,1,1,LEVE,0,0
DESPISTE,1,1,1,ICA,ICA,SANTIAGO,URBANA,CARRETERA,NACIONAL,PE-1S,-14.2709061,-75.6839471,SOLEADO,RURAL,CURVA,PLANA ,ASFALTADA,SIN_DATO,SIN_DATO,SIN_DATO,SIN_DATO,EN PROCESO DE INVESTIGACIÓN,NO CUENTA CON CAUSA ESPECIFICA,2022,2,1,0,15,TARDE,COSTA,1,1,LEVE,0,0
ATROPELLO,1,0,1,ANCASH,HUARMEY,HUARMEY,RURAL,CARRETERA,NACIONAL,PE-1N,-10.332245,-78.047975,DESPEJADO,RURAL,TRAMO RECTO,PLANA ,ASFALTADA,SIN_DATO,SIN_DATO,SIN_DATO,SIN_DATO,EN PROCESO DE INVESTIGACIÓN,NO CUENTA CON CAUSA ESPECIFICA,2022,2,1,0,16,TARDE,SIERRA,1,0,LEVE,0,0
DESPISTE,1,0,1,LAMBAYEQUE,CHICLAYO,SANTA ROSA,RURAL,CARRETERA,PROVINCIAL,LA-782,-6.855076,-79.904741,DESPEJADO,RURAL,TRAMO RECTO,PLANA ,TROCHA,SIN_DATO,SIN_DATO,SIN_DATO,SIN_DATO,EN PROCESO DE INVESTIGACIÓN,NO CUENTA CON CAUSA ESPECIFICA,2022,2,2,0,8,MAÑANA,COSTA,1,0,LEVE,0,0
CAÍDA DE PASAJERO,1,0,0,LIMA,LIMA,SAN MARTIN DE PORRES,URBANA,AVENIDA,URBANO,NO CORRESPONDE,-12.0237641,-77.0744663,DESPEJADO,ESCOLAR,TRAMO RECTO,PLANA ,ASFALTADA,SIN_DATO,SIN_DATO,SIN_DATO,SIN_DATO,EN PROCESO DE INVESTIGACIÓN,NO CUENTA CON CAUSA ESPECIFICA,2022,2,2,0,9,MAÑANA,COSTA,1,0,LEVE,0,0
VOLCADURA,2,13,1,CAJAMARCA,SAN PABLO,TUMBADEN,RURAL,CARRETERA,PROVINCIAL,CA-1254,-7.0629574513078,-78.7195395416569,SIN_DATO,SIN_DATO,SIN_DATO,SIN_DATO,SIN_DATO,SIN_DATO,SIN_DATO,SIN_DATO,SIN_DATO,EN PROCESO DE INVESTIGACIÓN,NO CUENTA CON CAUSA ESPECIFICA,2022,2,2,0,11,MAÑANA,SIERRA,2,13,GRAVE_MORTALIDAD,1,1
ATROPELLO,1,1,1,CAJAMARCA,CONTUMAZA,YONAN,URBANA,CARRETERA,NACIONAL,PE-08,-7.19294555,-78.97348878,DESPEJADO,RURAL,TRAMO RECTO,PLANA ,ASFALTADA,SIN_DATO,SIN_DATO,SIN_DATO,SIN_DATO,EN PROCESO DE INVESTIGACIÓN,NO CUENTA CON CAUSA ESPECIFICA,2022,2,2,0,11,MAÑANA,SIERRA,1,1,LEVE,0,0
DESPISTE,2,3,1,LA LIBERTAD,PATAZ,PARCOY,RURAL,CARRETERA,NACIONAL,PE-10C,-8.044529146280775,-77.44012180968068,LLUVIOSO,RURAL,CURVA,PLANA ,TROCHA,SIN_DATO,SIN_DATO,SIN_DATO,SIN_DATO,IMPRUDENCIA DEL CONDUCTOR,OTRO (IMPRUDENCIA DEL CONDUCTOR),2022,2,2,0,12,TARDE,COSTA,2,3,GRAVE_MORTALIDAD,1,1
CHOQUE,1,6,2,AREQUIPA,CAYLLOMA,MAJES,RURAL,CARRETERA,NACIONAL,PE-1S,-16.378563,-72.181366,DESPEJADO,RURAL,TRAMO RECTO,PLANA ,ASFALTADA,SI,REGULADORA (R),SIN_DATO,SI,EN PROCESO DE INVESTIGACIÓN,NO CUENTA CON CAUSA ESPECIFICA,2022,2,2,0,14,TARDE,COSTA,1,6,GRAVE_LESIONADOS,0,1
ATROPELLO,1,0,1,LAMBAYEQUE,LAMBAYEQUE,MORROPE,URBANA,CARRETERA,NACIONAL,PE-1N,-6.544446,-80.014918,DESPEJADO,RESIDENCIAL,TRAMO RECTO,PLANA ,ASFALTADA,SIN_DATO,SIN_DATO,SIN_DATO,SIN_DATO,EN PROCESO DE INVESTIGACIÓN,NO CUENTA CON CAUSA ESPECIFICA,2022,2,2,0,18,NOCHE,COSTA,1,0,LEVE,0,0
ATROPELLO,1,0,1,LAMBAYEQUE,CHICLAYO,REQUE,URBANA,CARRETERA,NACIONAL,PE-1N,-6.872421,-79.817412,DESPEJADO,RESIDENCIAL,TRAMO RECTO,PLANA ,ASFALTADA,SIN_DATO,SIN_DATO,SIN_DATO,SIN_DATO,EN PROCESO DE INVESTIGACIÓN,NO CUENTA CON CAUSA ESPECIFICA,2022,2,2,0,19,NOCHE,COSTA,1,0,LEVE,0,0
ATROPELLO,1,0,0,CALLAO,CALLAO,CALLAO,URBANA,AVENIDA,URBANO,NO CORRESPONDE,-12.053946211150148,-77.11996789753974,DESPEJADO,RESIDENCIAL,TRAMO RECTO,PLANA ,ASFALTADA,SI,REGULADORA (R),SIN_DATO,SI,IMPRUDENCIA DEL CONDUCTOR,EXCESO DE VELOCIDAD,2022,2,3,0,5,MADRUGADA,COSTA,1,0,LEVE,0,0
ESPECIAL,1,0,0,LIMA,LIMA,LIMA,URBANA,AVENIDA,URBANO,NO CORRESPONDE,-12.0595523,-77.0780123,DESPEJADO,INDUSTRIAL,TRAMO RECTO,PLANA ,ASFALTADA,SIN_DATO,SIN_DATO,SIN_DATO,SIN_DATO,EN PROCESO DE INVESTIGACIÓN,NO CUENTA CON CAUSA ESPECIFICA,2022,2,3,0,8,MAÑANA,COSTA,1,0,LEVE,0,0
CHOQUE,3,2,2,PUNO,AZANGARO,SAMAN,RURAL,CARRETERA,NACIONAL,PE-34H,-15.3413794,-70.0436795,DESPEJADO,RURAL,TRAMO RECTO,PLANA ,ASFALTADA,SIN_DATO,SIN_DATO,SIN_DATO,SIN_DATO,IMPRUDENCIA DEL CONDUCTOR,OTRO (IMPRUDENCIA DEL CONDUCTOR),2022,2,3,0,8,MAÑANA,SIERRA,3,2,GRAVE_MORTALIDAD,1,0
DESPISTE,2,0,1,LAMBAYEQUE,FERREÑAFE,PUEBLO NUEVO,RURAL,CARRETERA,DEPARTAMENTAL,LA-107,-6.603333,-79.816003,DESPEJADO,RURAL,TRAMO RECTO,PLANA ,ASFALTADA,SIN_DATO,SIN_DATO,SIN_DATO,SIN_DATO,EN PROCESO DE INVESTIGACIÓN,NO CUENTA CON CAUSA ESPECIFICA,2022,2,3,0,8,MAÑANA,COSTA,2,0,GRAVE_MORTALIDAD,1,0
CHOQUE,2,0,1,LAMBAYEQUE,CHICLAYO,PATAPO,RURAL,CARRETERA,NACIONAL,PE-06A,-6.740838,-79.53269,DESPEJADO,RURAL,TRAMO RECTO,PLANA ,ASFALTADA,SIN_DATO,SIN_DATO,SIN_DATO,SIN_DATO,EN PROCESO DE INVESTIGACIÓN,NO CUENTA CON CAUSA ESPECIFICA,2022,2,3,0,20,NOCHE,COSTA,2,0,GRAVE_MORTALIDAD,1,0