CLASE SINIESTRO,CANTIDAD DE FALLECIDOS,CANTIDAD DE LESIONADOS,CANTIDAD DE VEHICULOS DAÑADOS,DEPARTAMENTO,PROVINCIA,DISTRITO,ZONA,TIPO DE VÍA,RED VIAL,COD CARRETERA,COORDENADAS LATITUD,COORDENADAS  LONGITUD,CONDICIÓN CLIMÁTICA,ZONIFICACIÓN,CARACTERÍSTICAS DE VÍA,PERFIL LONGITUDINAL VÍA,SUPERFICIE DE CALZADA,¿EXISTE SEÑAL VERTICAL?,CLASIFICACIÓN DE LA SEÑAL VERTICAL Nº 1,CLASIFICACIÓN DE LA SEÑAL VERTICAL Nº 2,¿EXISTE SEÑAL HORIZONTAL?,CAUSA FACTOR PRINCIPAL,CAUSA ESPECÍFICA,AÑO,MES,DIA_SEMANA,ES_FIN_SEMANA,HORA_NUM,FRANJA_HORARIA,REGION_NATURAL,FALLECIDOS,LESIONADOS,CATEGORIA_SEVERIDAD,MORTALIDAD_MULTIPLE,LESION_MULTIPLE
ATROPELLO,1,0,1,AREQUIPA,ISLAY,ISLAY,RURAL,CARRETERA,NACIONAL,PE-1SD,-16.998379,-72.062978,DESPEJADO,RURAL,TRAMO RECTO,INCLINADA,ASFALTADA,NO,SIN_DATO,SIN_DATO,SI,EN PROCESO DE INVESTIGACIÓN,NO CUENTA CON CAUSA ESPECIFICA,2022,3,6,1,3,MADRUGADA,COSTA,1,0,LEVE,0,0
CHOQUE FUGA,1,0,2,AREQUIPA,AREQUIPA,AREQUIPA,URBANA,CALLE,URBANO,NO CORRESPONDE,-16.397815544469076,-71.53264756050224,DESPEJADO,RESIDENCIAL,TRAMO RECTO,PLANA ,ASFALTADA,SIN_DATO,SIN_DATO,SIN_DATO,SIN_DATO,EN PROCESO DE INVESTIGACIÓN,NO CUENTA CON CAUSA ESPECIFICA,2022,3,6,1,4,MADRUGADA,COSTA,1,0,LEVE,0,0
ATROPELLO FUGA,1,0,1,ICA,PISCO,SAN CLEMENTE,URBANA,CALLE,URBANO,NO CORRESPONDE,-13.679180967830352,-76.15231400319837,DESPEJADO,RESIDENCIAL,INTERSECCIÓN,PLANA ,ASFALTADA,SIN_DATO,SIN_DATO,SIN_DATO,SIN_DATO,EN PROCESO DE INVESTIGACIÓN,NO CUENTA CON CAUSA ESPECIFICA,2022,3,6,1,4,MADRUGADA,COSTA,1,0,LEVE,0,0
ATROPELLO FUGA,1,0,1,ICA,ICA,SALAS,RURAL,CARRETERA,NACIONAL,PE-1S,-13.930563763669994,-75.93926083155701,DESPEJADO,RURAL,TRAMO RECTO,PLANA ,ASFALTADA,SIN_DATO,SIN_DATO,SIN_DATO,SIN_DATO,EN PROCESO DE INVESTIGACIÓN,NO CUENTA CON CAUSA ESPECIFICA,2022,3,6,1,5,MADRUGADA,COSTA,1,0,LEVE,0,0
CHOQUE,1,0,1,MADRE DE DIOS,TAMBOPATA,LABERINTO,SIN_DATO,CARRETERA,PROVINCIAL,MD-529,-12.760173,-69.566378,SIN_DATO,SIN_DATO,SIN_DATO,SIN_DATO,SIN_DATO,SIN_DATO,SIN_DATO,SIN_DATO,SIN_DATO,EN PROCESO DE INVESTIGACIÓN,NO CUENTA CON CAUSA ESPECIFICA,2022,3,6,1,6,MAÑANA,SELVA,1,0,LEVE,0,0
CHOQUE,2,1,1,LIMA,HUAURA,VEGUETA,RURAL,CARRETERA,NACIONAL,PE-1N,-11.002744,-77.617208,DESPEJADO,RURAL,INTERSECCIÓN,PLANA ,ASFALTADA,SI,REGULADORA (R),REGULADORA (R),NO,IMPRUDENCIA DEL CONDUCTOR,EXCESO DE VELOCIDAD,2022,3,6,1,7,MAÑANA,COSTA,2,1,GRAVE_MORTALIDAD,1,0
ATROPELLO,1,0,1,LIMA,LIMA,SAN JUAN DE LURIGANCHO,URBANA,AVENIDA,URBANO,NO CORRESPONDE,-11.9927389,-77.0108661,SIN_DATO,SIN_DATO,SIN_DATO,SIN_DATO,SIN_DATO,SIN_DATO,SIN_DATO,SIN_DATO,SIN_DATO,EN PROCESO DE INVESTIGACIÓN,NO CUENTA CON CAUSA ESPECIFICA,2022,3,6,1,11,MAÑANA,COSTA,1,0,LEVE,0,0
DESPISTE,1,1,1,LIMA,HUAURA,SAYAN,RURAL,CARRETERA,NACIONAL,PE-18,-11.13827,-77.202376,DESPEJADO,RURAL,CURVA,PLANA ,ASFALTADA,SI,PREVENTIVA (P),SIN_DATO,NO,IMPRUDENCIA DEL CONDUCTOR,EXCESO DE VELOCIDAD,2022,3,6,1,14,TARDE,COSTA,1,1,LEVE,0,0
ESPECIAL,2,0,1,LA LIBERTAD,PATAZ,PATAZ,RURAL,CARRETERA,DEPARTAMENTAL,LI-124,-7.697309,-77.66172,LLUVIOSO,RURAL,TRAMO RECTO,PLANA ,TROCHA,SIN_DATO,SIN_DATO,SIN_DATO,SIN_DATO,INFRAESTRUCTURA Y ENTORNO VIAL,FACTOR AMBIENTAL,2022,3,6,1,16,TARDE,COSTA,2,0,GRAVE_MORTALIDAD,1,0
DESPISTE,1,3,1,CAJAMARCA,SAN PABLO,SAN PABLO,RURAL,CARRETERA,PROVINCIAL,CA-1290,-7.07082,-78.782245,NUBLADO,RURAL,CURVA,PLANA ,TROCHA,SIN_DATO,SIN_DATO,SIN_DATO,SIN_DATO,EN PROCESO DE INVESTIGACIÓN,NO CUENTA CON CAUSA ESPECIFICA,2022,3,6,1,18,NOCHE,SIERRA,1,3,GRAVE_LESIONADOS,0,1
VOLCADURA,1,0,1,APURIMAC,ANTABAMBA,ANTABAMBA,RURAL,CARRETERA,DEPARTAMENTAL,AP-108,-14.3879087256472,-72.8574167010493,SIN_DATO,SIN_DATO,SIN_DATO,SIN_DATO,SIN_DATO,SIN_DATO,SIN_DATO,SIN_DATO,SIN_DATO,EN PROCESO DE INVESTIGACIÓN,NO CUENTA CON CAUSA ESPECIFICA,2022,3,6,1,18,NOCHE,SIERRA,1,0,LEVE,0,0
DESPISTE,1,0,1,CUSCO,ACOMAYO,MOSOC LLACTA,RURAL,CARRETERA,SIN CLASIFICAR,SIN CLASIFICAR,-14.12253511866947,-71.4743294606795,DESPEJADO,RURAL,TRAMO RECTO,PLANA ,ASFALTADA,SIN_DATO,SIN_DATO,SIN_DATO,SIN_DATO,IMPRUDENCIA DEL CONDUCTOR,EXCESO DE VELOCIDAD,2022,3,6,1,19,NOCHE,SIERRA,1,0,LEVE,0,0
CHOQUE,1,0,1,JUNIN,SATIPO,SATIPO,URBANA,CARRETERA,NACIONAL,PE-24A,-11.247796338571344,-74.63722939014922,SIN_DATO,SIN_DATO,SIN_DATO,SIN_DATO,SIN_DATO,SIN_DATO,SIN_DATO,SIN_DATO,SIN_DATO,EN PROCESO DE INVESTIGACIÓN,NO CUENTA CON CAUSA ESPECIFICA,2022,3,6,1,21,NOCHE,SIERRA,1,0,LEVE,0,0
CHOQUE,1,0,1,CAJAMARCA,JAEN,PUCARA,RURAL,CARRETERA,NACIONAL,PE-3N,-6.059592,-79.075479,DESPEJADO,RURAL,TRAMO RECTO,PLANA ,ASFALTADA,NO,SIN_DATO,SIN_DATO,SI,EN PROCESO DE INVESTIGACIÓN,NO CUENTA CON CAUSA ESPECIFICA,2022,3,6,1,23,NOCHE,SIERRA,1,0,LEVE,0,0
CHOQUE,1,1,1,ANCASH,CASMA,CASMA,RURAL,CARRETERA,NACIONAL,PE-1N,-9.457931,-78.33327,DESPEJADO,RURAL,TRAMO RECTO,PLANA ,ASFALTADA,SIN_DATO,SIN_DATO,SIN_DATO,SIN_DATO,EN PROCESO DE INVESTIGACIÓN,NO CUENTA CON CAUSA ESPECIFICA,2022,3,0,0,3,MADRUGADA,SIERRA,1,1,LEVE,0,0
CHOQUE,3,1,2,HUANUCO,LEONCIO PRADO,MARIANO DAMASO BERAUN,RURAL,CARRETERA,NACIONAL,PE-18A,-9.443862,-75.973997,NUBLADO,RURAL,CURVA,PLANA ,ASFALTADA,SI,PREVENTIVA (P),PREVENTIVA (P),NO,IMPRUDENCIA DEL CONDUCTOR,EXCESO DE VELOCIDAD,2022,3,0,0,4,MADRUGADA,SIERRA,3,1,GRAVE_MORTALIDAD,1,0
CHOQUE,1,0,2,AREQUIPA,AREQUIPA,CERRO COLORADO,URBANA,CARRETERA,DEPARTAMENTAL,AR-123,-16.362057,-71.624069,DESPEJADO,COMERCIAL,TRAMO RECTO,PLANA ,ASFALTADA,SIN_DATO,SIN_DATO,SIN_DATO,SIN_DATO,EN PROCESO DE INVESTIGACIÓN,NO CUENTA CON CAUSA ESPECIFICA,2022,3,0,0,5,MADRUGADA,COSTA,1,0,LEVE,0,0
ATROPELLO FUGA,1,0,1,HUANUCO,HUANUCO,PILLCO MARCA,URBANA,CARRETERA,NACIONAL,PE-3N,-10.010606,-76.236774,DESPEJADO,RURAL,TRAMO RECTO,PLANA ,ASFALTADA,SIN_DATO,SIN_DATO,SIN_DATO,SIN_DATO,IMPRUDENCIA DEL PEATÓN,ESTADO DE EBRIEDAD Y/O DROGADICCIÓN,2022,3,0,0,6,MAÑANA,SIERRA,1,0,LEVE,0,0
CHOQUE,2,4,2,CAJAMARCA,CAJAMARCA,SAN JUAN,RURAL,CARRETERA,NACIONAL,PE-08,-7.2774845,-78.52642799,NIEBLA,RURAL,TRAMO RECTO,INCLINADA,ASFALTADA,NO,SIN_DATO,SIN_DATO,SI,EN PROCESO DE INVESTIGACIÓN,NO CUENTA CON CAUSA ESPECIFICA,2022,3,0,0,6,MAÑANA,SIERRA,2,4,GRAVE_MORTALIDAD,1,1
CHOQUE,1,2,2,PIURA,MORROPON,LA MATANZA,RURAL,CARRETERA,NACIONAL,PE-1NJ,-5.34912333203378,-80.0677052977847,DESPEJADO,RURAL,TRAMO RECTO,PLANA ,ASFALTADA,SIN_DATO,SIN_DATO,SIN_DATO,SIN_DATO,IMPERICIA DEL CONDUCTOR,SIN_DATO,2022,3,0,0,6,MAÑANA,COSTA,1,2,LEVE,0,0
CHOQUE,2,3,3,ANCASH,SANTA,CHIMBOTE,URBANA,CARRETERA,NACIONAL,PE-1N,-9.09944219246969,-78.56271890109753,DESPEJADO,COMERCIAL,INTERSECCIÓN,PLANA ,ASFALTADA,SIN_DATO,SIN_DATO,SIN_DATO,SIN_DATO,IMPRUDENCIA DEL CONDUCTOR,INVASIÓN DE CARRIL,2022,3,0,0,9,MAÑANA,SIERRA,2,3,GRAVE_MORTALIDAD,1,1
DESPISTE,1,1,1,APURIMAC,AYMARAES,COTARUSE,RURAL,CARRETERA,NACIONAL,PE-30A,-14.4620480456075,-73.2359517232308,SIN_DATO,SIN_DATO,SIN_DATO,SIN_DATO,SIN_DATO,SIN_DATO,SIN_DATO,SIN_DATO,SIN_DATO,EN PROCESO DE INVESTIGACIÓN,NO CUENTA CON CAUSA ESPECIFICA,2022,3,0,0,10,MAÑANA,SIERRA,1,1,LEVE,0,0
DESPISTE,3,0,1,LIMA,HUARAL,ATAVILLOS ALTO,RURAL,CARRETERA,NACIONAL,PE-20C,-11.26035498474348,-76.74175576376878,DESPEJADO,RURAL,CURVA,PLANA ,AFIRMADO,SI,PREVENTIVA (P),PREVENTIVA (P),NO,IMPRUDENCIA DEL CONDUCTOR,EXCESO DE VELOCIDAD,2022,3,0,0,15,TARDE,COSTA,3,0,GRAVE_MORTALIDAD,1,0
ATROPELLO,1,1,1,LORETO,MAYNAS,BELEN,URBANA,AVENIDA,URBANO,NO CORRESPONDE,-3.7649589,-73.2590273,SIN_DATO,SIN_DATO,SIN_DATO,SIN_DATO,SIN_DATO,SIN_DATO,SIN_DATO,SIN_DATO,SIN_DATO,EN PROCESO DE INVESTIGACIÓN,NO CUENTA CON CAUSA ESPECIFICA,2022,3,0,0,17,TARDE,SELVA,1,1,LEVE,0,0
CHOQUE,1,1,2,PIURA,PIURA,VEINTISEIS DE OCTUBRE,URBANA,CARRETERA,NACIONAL,PE-1N,-5.178503,-80.666686,DESPEJADO,COMERCIAL,TRAMO RECTO,PLANA ,ASFALTADA,SIN_DATO,SIN_DATO,SIN_DATO,SIN_DATO,IMPRUDENCIA DEL CONDUCTOR,EXCESO DE VELOCIDAD,2022,3,0,0,21,NOCHE,COSTA,1,1,LEVE,0,0
ESPECIAL,1,0,1,ANCASH,HUARAZ,HUARAZ,URBANA,OTRO,URBANO,NO CORRESPONDE,-9.52967998407476,-77.53063566634897,DESPEJADO,COMERCIAL,INTERSECCIÓN,INCLINADA,CONCRETO,SI,REGULADORA (R),REGULADORA (R),SI,NEGLIGENCIA DEL CONDUCTOR,OTRO (NEGLIGENCIA DEL CONDUCTOR),2022,3,1,0,12,TARDE,SIERRA,1,0,LEVE,0,0
ATROPELLO,1,0,1,LIMA,LIMA,SAN JUAN DE LURIGANCHO,URBANA,CARRETERA,PROVINCIAL,LM-711,-11.9255698497521,-76.9636556981117,SIN_DATO,SIN_DATO,SIN_DATO,SIN_DATO,SIN_DATO,SIN_DATO,SIN_DATO,SIN_DATO,SIN_DATO,EN PROCESO DE INVESTIGACIÓN,NO CUENTA CON CAUSA ESPECIFICA,2022,3,1,0,23,NOCHE,COSTA,1,0,LEVE,0,0
DESPISTE,1,1,1,LIMA,LIMA,SAN ISIDRO,URBANA,OTRO,URBANO,NO CORRESPONDE,-12.108192,-77.058571,SIN_DATO,SIN_DATO,SIN_DATO,SIN_DATO,SIN_DATO,SIN_DATO,SIN_DATO,SIN_DATO,SIN_DATO,EN PROCESO DE INVESTIGACIÓN,NO CUENTA CON CAUSA ESPECIFICA,2022,3,2,0,1,MADRUGADA,COSTA,1,1,LEVE,0,0
CHOQUE,1,0,1,AYACUCHO,HUANTA,HUANTA,RURAL,CARRETERA,NACIONAL,PE-3S,-12.928738,-74.267617,DESPEJADO,RURAL,CURVA,PLANA ,ASFALTADA,SIN_DATO,SIN_DATO,SIN_DATO,SIN_DATO,IMPRUDENCIA DEL CONDUCTOR,CONDUCIR EN ESTADO DE EBRIEDAD Y/O DROGADICCIÓN,2022,3,2,0,6,MAÑANA,SIERRA,1,0,LEVE,0,0
CHOQUE,1,3,2,AREQUIPA,CAYLLOMA,SAN ANTONIO DE CHUCA,RURAL,CARRETERA,NACIONAL,PE-34A,-15.865493,-71.130546,DESPEJADO,RURAL,CURVA,PLANA ,ASFALTADA,NO,SIN_DATO,SIN_DATO,SI,EN PROCESO DE INVESTIGACIÓN,NO CUENTA CON CAUSA ESPECIFICA,2022,3,2,0,6,MAÑANA,COSTA,1,3,GRAVE_LESIONADOS,0,1
ATROPELLO,1,0,1,PASCO,OXAPAMPA,OXAPAMPA,URBANA,CARRETERA,NACIONAL,PE-5NA,-10.574368742497535,-75.40626162704564,SIN_DATO,SIN_DATO,SIN_DATO,SIN_DATO,SIN_DATO,SIN_DATO,SIN_DATO,SIN_DATO,SIN_DATO,EN PROCESO DE INVESTIGACIÓN,NO CUENTA CON CAUSA ESPECIFICA,2022,3,2,0,11,MAÑANA,SIERRA,1,0,LEVE,0,0
CHOQUE,1,0,2,LAMBAYEQUE,FERREÑAFE,PITIPO,RURAL,CARRETERA,SIN CLASIFICAR,SIN CLASIFICAR,-6.464714,-79.736062,DESPEJADO,RURAL,TRAMO RECTO,PLANA ,ASFALTADA,SIN_DATO,SIN_DATO,SIN_DATO,SIN_DATO,EN PROCESO DE INVESTIGACIÓN,NO CUENTA CON CAUSA ESPECIFICA,2022,3,2,0,18,NOCHE,COSTA,1,0,LEVE,0,0
DESPISTE,1,3,1,LA LIBERTAD,SANCHEZ CARRION,MARCABAL,RURAL,CARRETERA,SIN CLASIFICAR,SIN CLASIFICAR,-7.722098291763188,-77.90409563007718,LLUVIOSO,RURAL,TRAMO RECTO,PLANA ,TROCHA,SIN_DATO,SIN_DATO,SIN_DATO,SIN_DATO,IMPRUDENCIA DEL CONDUCTOR,EXCESO DE VELOCIDAD,2022,3,2,0,18,NOCHE,COSTA,1,3,GRAVE_LESIONADOS,0,1
CHOQUE,1,0,2,LAMBAYEQUE,CHICLAYO,POMALCA,RURAL,CARRETERA,NACIONAL,PE-06A,-6.780738,-79.775901,DESPEJADO,RURAL,CURVA,PLANA ,ASFALTADA,SIN_DATO,SIN_DATO,SIN_DATO,SIN_DATO,EN PROCESO DE INVESTIGACIÓN,NO CUENTA CON CAUSA ESPECIFICA,2022,3,2,0,18,NOCHE,COSTA,1,0,LEVE,0,0
ATROPELLO FUGA,1,0,1,TACNA,TACNA,TACNA,RURAL,CARRETERA,NACIONAL,PE-1S,-18.299647,-70.315496,SIN_DATO,SIN_DATO,SIN_DATO,SIN_DATO,SIN_DATO,SIN_DATO,SIN_DATO,SIN_DATO,SIN_DATO,EN PROCESO DE INVESTIGACIÓN,NO CUENTA CON CAUSA ESPECIFICA,2022,3,2,0,19,NOCHE,COSTA,1,0,LEVE,0,0
DESPISTE,1,0,1,PIURA,PIURA,CASTILLA,URBANA,CARRETERA,DEPARTAMENTAL,PI-126,-5.188331619680699,-80.60983030723118,DESPEJADO,COMERCIAL,TRAMO RECTO,PLANA ,ASFALTADA,SIN_DATO,SIN_DATO,SIN_DATO,SIN_DATO,NEGLIGENCIA DEL CONDUCTOR,OTRO (NEGLIGENCIA DEL CONDUCTOR),2022,3,3,0,5,MADRUGADA,COSTA,1,0,LEVE,0,0
ATROPELLO FUGA,1,0,1,LAMBAYEQUE,CHICLAYO,LAGUNAS,RURAL,CARRETERA,NACIONAL,PE-1N,-6.927695,-79.74143,DESPEJADO,RURAL,TRAMO RECTO,PLANA ,ASFALTADA,SIN_DATO,SIN_DATO,SIN_DATO,SIN_DATO,EN PROCESO DE INVESTIGACIÓN,NO CUENTA CON CAUSA ESPECIFICA,2022,3,3,0,5,MADRUGADA,COSTA,1,0,LEVE,0,0
CHOQUE,1,0,2,SAN MARTIN,MOYOBAMBA,MOYOBAMBA,RURAL,CARRETERA,NACIONAL,PE-5N,-6.045425,-77.016127,DESPEJADO,RURAL,CURVA,PLANA ,ASFALTADA,SIN_DATO,SIN_DATO,SIN_DATO,SIN_DATO,IMPRUDENCIA DEL CONDUCTOR,OTRO (IMPRUDENCIA DEL CONDUCTOR),2022,3,3,0,9,MAÑANA,SELVA,1,0,LEVE,0,0
CHOQUE,1,3,2,LA LIBERTAD,ASCOPE,SANTIAGO DE CAO,RURAL,CARRETERA,DEPARTAMENTAL,LI-103,-7.8806646233416435,-79.21294547432167,DESPEJADO,RURAL,TRAMO RECTO,PLANA ,ASFALTADA,SIN_DATO,SIN_DATO,SIN_DATO,SIN_DATO,IMPRUDENCIA DEL CONDUCTOR,OTRO (IMPRUDENCIA DEL CONDUCTOR),2022,3,3,0,13,TARDE,COSTA,1,3,GRAVE_LESIONADOS,0,1
DESPISTE,1,1,1,PIURA,TALARA,LOS ORGANOS,RURAL,CARRETERA,NACIONAL,PE-1N,-4.221164057682058,-81.16719623639703,DESPEJADO,RURAL,CURVA,INCLINADA,ASFALTADA,SI,PREVENTIVA (P),SIN_DATO,NO,IMPRUDENCIA DEL CONDUCTOR,EXCESO DE VELOCIDAD,2022,3,3,0,18,NOCHE,COSTA,1,1,LEVE,0,0
VOLCADURA,1,12,1,CUSCO,CUSCO,CUSCO,RURAL,CARRETERA,PROVINCIAL,CU-1259,-13.555421,-72.021903,DESPEJADO,RURAL,CURVA,PLANA ,AFIRMADO,SIN_DATO,SIN_DATO,SIN_DATO,SIN_DATO,IMPRUDENCIA DEL CONDUCTOR,EXCESO DE VELOCIDAD,2022,3,4,0,12,TARDE,SIERRA,1,12,GRAVE_LESIONADOS,0,1
DESPISTE,1,1,1,HUANUCO,HUANUCO,AMARILIS,RURAL,CARRETERA,SIN CLASIFICAR,SIN CLASIFICAR,-9.919618,-76.176757,DESPEJADO,RURAL,TRAMO RECTO,PLANA ,TROCHA,SIN_DATO,SIN_DATO,SIN_DATO,SIN_DATO,IMPRUDENCIA DEL CONDUCTOR,FATIGA Y/O CANSANCIO,2022,3,4,0,15,TARDE,SIERRA,1,1,LEVE,0,0
DESPISTE,1,0,1,PUNO,MOHO,MOHO,RURAL,CARRETERA,NACIONAL,PE-34I,-15.31287060453219,-69.5469975128075,DESPEJADO,RURAL,TRAMO RECTO,PLANA ,ASFALTADA,SIN_DATO,SIN_DATO,SIN_DATO,SIN_DATO,IMPRUDENCIA DEL CONDUCTOR,EXCESO DE VELOCIDAD,2022,3,4,0,15,TARDE,SIERRA,1,0,LEVE,0,0
CHOQUE,1,4,2,LA LIBERTAD,CHEPEN,PACANGA,RURAL,CARRETERA,NACIONAL,PE-1N,-7.123959,-79.482107,DESPEJADO,RURAL,TRAMO RECTO,PLANA ,ASFALTADA,SIN_DATO,SIN_DATO,SIN_DATO,SIN_DATO,IMPRUDENCIA DEL CONDUCTOR,GIRAR IMPRUDENTEMENTE,2022,3,4,0,17,TARDE,COSTA,1,4,GRAVE_LESIONADOS,0,1
ATROPELLO,1,0,1,LIMA,HUAURA,HUAURA,URBANA,CARRETERA,DEPARTAMENTAL,LM-101,-11.066938,-77.598471,DESPEJADO,RESIDENCIAL,TRAMO RECTO,PLANA ,ASFALTADA,SIN_DATO,SIN_DATO,SIN_DATO,SIN_DATO,IMPRUDENCIA DEL CONDUCTOR,EXCESO DE VELOCIDAD,2022,3,4,0,18,NOCHE,COSTA,1,0,LEVE,0,0
CHOQUE,1,0,1,LIMA,LIMA,CARABAYLLO,URBANA,AVENIDA,URBANO,NO CORRESPONDE,-11.897196,-77.029915,SIN_DATO,SIN_DATO,SIN_DATO,SIN_DATO,SIN_DATO,SIN_DATO,SIN_DATO,SIN_DATO,SIN_DATO,EN PROCESO DE INVESTIGACIÓN,NO CUENTA CON CAUSA ESPECIFICA,2022,3,4,0,21,NOCHE,COSTA,1,0,LEVE,0,0
CHOQUE,1,1,2,PIURA,SULLANA,SULLANA,URBANA,CARRETERA,DEPARTAMENTAL,PI-102,-4.906676289439571,-80.7149380373635,DESPEJADO,RURAL,TRAMO RECTO,PLANA ,ASFALTADA,SIN_DATO,SIN_DATO,SIN_DATO,SIN_DATO,IMPRUDENCIA DEL CONDUCTOR,CONDUCIR EN ESTADO DE EBRIEDAD Y/O DROGADICCIÓN,2022,3,4,0,22,NOCHE,COSTA,1,1,LEVE,0,0
CHOQUE,1,0,1,CAJAMARCA,CUTERVO,CUTERVO,URBANA,CARRETERA,NACIONAL,PE-3N,-6.381019,-78.813507,SIN_DATO,SIN_DATO,SIN_DATO,SIN_DATO,SIN_DATO,SIN_DATO,SIN_DATO,SIN_DATO,SIN_DATO,EN PROCESO DE INVESTIGACIÓN,NO CUENTA CON CAUSA ESPECIFICA,2022,3,4,0,22,NOCHE,SIERRA,1,0,LEVE,0,0
CHOQUE,1,2,1,JUNIN,SATIPO,SATIPO,URBANA,JIRÓN,URBANO,NO CORRESPONDE,-11.258276821799369,-74.63794284265961,SIN_DATO,SIN_DATO,SIN_DATO,SIN_DATO,SIN_DATO,SIN_DATO,SIN_DATO,SIN_DATO,SIN_DATO,EN PROCESO DE INVESTIGACIÓN,NO CUENTA CON CAUSA ESPECIFICA,2022,3,5,1,17,TARDE,SIERRA,1,2,LEVE,0,0
CHOQUE,1,0,2,PUNO,PUNO,PICHACANI,RURAL,CARRETERA,NACIONAL,PE-36B,-16.134248643016267,-70.04472892880808,DESPEJADO,RURAL,TRAMO RECTO,PLANA ,ASFALTADA,NO,SIN_DATO,SIN_DATO,SI,IMPRUDENCIA DEL CONDUCTOR,OTRO (IMPRUDENCIA DEL CONDUCTOR),2022,3,5,1,18,NOCHE,SIERRA,1,0,LEVE,0,0
ATROPELLO FUGA,1,0,0,PUNO,MELGAR,AYAVIRI,RURAL,CARRETERA,NACIONAL,PE-3S,-14.9063508,-70.5833486,DESPEJADO,RURAL,TRAMO RECTO,PLANA ,ASFALTADA,SIN_DATO,SIN_DATO,SIN_DATO,SIN_DATO,IMPRUDENCIA DEL CONDUCTOR,EXCESO DE VELOCIDAD,2022,3,5,1,20,NOCHE,SIERRA,1,0,LEVE,0,0
DESPISTE,1,0,1,PUNO,AZANGARO,AZANGARO,RURAL,CARRETERA,DEPARTAMENTAL,PU-111,-14.861094,-70.083645,DESPEJADO,RURAL,TRAMO RECTO,PLANA ,ASFALTADA,SIN_DATO,SIN_DATO,SIN_DATO,SIN_DATO,IMPERICIA DEL CONDUCTOR,SIN_DATO,2022,3,5,1,22,NOCHE,SIERRA,1,0,LEVE,0,0
CHOQUE,1,0,2,LIMA,HUAURA,VEGUETA,RURAL,CARRETERA,NACIONAL,PE-1N,-11.002965,-77.617296,DESPEJADO,RURAL,TRAMO RECTO,PLANA ,ASFALTADA,SI,REGULADORA (R),SIN_DATO,NO,IMPRUDENCIA DEL CONDUCTOR,CONDUCIR EN ESTADO DE EBRIEDAD Y/O DROGADICCIÓN,2022,3,6,1,1,MADRUGADA,COSTA,1,0,LEVE,0,0
DESPISTE,1,1,1,JUNIN,HUANCAYO,SICAYA,RURAL,CARRETERA,NACIONAL,PE-3SB,-12.0298718,-75.2663292,DESPEJADO,RURAL,TRAMO RECTO,PLANA ,ASFALTADA,SIN_DATO,SIN_DATO,SIN_DATO,SIN_DATO,IMPRUDENCIA DEL CONDUCTOR,CONDUCIR EN ESTADO DE EBRIEDAD Y/O DROGADICCIÓN,2022,3,6,1,2,MADRUGADA,SIERRA,1,1,LEVE,0,0
DESPISTE,1,0,1,PIURA,PIURA,VEINTISEIS DE OCTUBRE,URBANA,AVENIDA,URBANO,NO CORRESPONDE,-5.175705,-80.691057,DESPEJADO,RURAL,TRAMO RECTO,INCLINADA,ASFALTADA,SIN_DATO,SIN_DATO,SIN_DATO,SIN_DATO,IMPRUDENCIA DEL CONDUCTOR,CONDUCIR EN ESTADO DE EBRIEDAD Y/O DROGADICCIÓN,2022,3,6,1,2,MADRUGADA,COSTA,1,0,LEVE,0,0
DESPISTE,2,0,1,LIMA,LIMA,ATE,URBANA,CARRETERA,NACIONAL,PE-22,-12.0101,-76.8703,SIN_DATO,SIN_DATO,SIN_DATO,SIN_DATO,SIN_DATO,SIN_DATO,SIN_DATO,SIN_DATO,SIN_DATO,EN PROCESO DE INVESTIGACIÓN,NO CUENTA CON CAUSA ESPECIFICA,2022,3,6,1,2,MADRUGADA,COSTA,2,0,GRAVE_MORTALIDAD,1,0
VOLCADURA,1,0,1,APURIMAC,GRAU,CHUQUIBAMBILLA,RURAL,CARRETERA,NACIONAL,PE-3SF,-14.052714002905486,-72.76267135628318,SIN_DATO,SIN_DATO,SIN_DATO,SIN_DATO,SIN_DATO,SIN_DATO,SIN_DATO,SIN_DATO,SIN_DATO,EN PROCESO DE INVESTIGACIÓN,NO CUENTA CON CAUSA ESPECIFICA,2022,3,6,1,3,MADRUGADA,SIERRA,1,0,LEVE,0,0
CHOQUE,1,0,2,LA LIBERTAD,VIRU,VIRU,RURAL,CARRETERA,NACIONAL,PE-1N,-8.388479,-78.851144,DESPEJADO,RURAL,TRAMO RECTO,PLANA ,ASFALTADA,SIN_DATO,SIN_DATO,SIN_DATO,SIN_DATO,IMPRUDENCIA DEL CONDUCTOR,OTRO (IMPRUDENCIA DEL CONDUCTOR),2022,3,6,1,3,MADRUGADA,COSTA,1,0,LEVE,0,0
DESPISTE,1,0,1,TACNA,JORGE BASADRE,LOCUMBA,RURAL,CARRETERA,PROVINCIAL,TA-515,-17.598172,-70.722395,DESPEJADO,RURAL,TRAMO RECTO,PLANA ,ASFALTADA,SIN_DATO,SIN_DATO,SIN_DATO,SIN_DATO,IMPRUDENCIA DEL CONDUCTOR,CONDUCIR EN ESTADO DE EBRIEDAD Y/O DROGADICCIÓN,2022,3,6,1,3,MADRUGADA,COSTA,1,0,LEVE,0,0
CHOQUE,1,1,2,TACNA,TACNA,TACNA,RURAL,CARRETERA,NACIONAL,PE-1S,-17.981974,-70.280788,NIEBLA,RURAL,TRAMO RECTO,PLANA ,ASFALTADA,SI,PREVENTIVA (P),SIN_DATO,SI,IMPRUDENCIA DEL CONDUCTOR,INVASIÓN DE CARRIL,2022,3,6,1,5,MADRUGADA,COSTA,1,1,LEVE,0,0