CLASE SINIESTRO,CANTIDAD DE FALLECIDOS,CANTIDAD DE LESIONADOS,CANTIDAD DE VEHICULOS DAÑADOS,DEPARTAMENTO,PROVINCIA,DISTRITO,ZONA,TIPO DE VÍA,RED VIAL,COD CARRETERA,COORDENADAS LATITUD,COORDENADAS  LONGITUD,CONDICIÓN CLIMÁTICA,ZONIFICACIÓN,CARACTERÍSTICAS DE VÍA,PERFIL LONGITUDINAL VÍA,SUPERFICIE DE CALZADA,¿EXISTE SEÑAL VERTICAL?,CLASIFICACIÓN DE LA SEÑAL VERTICAL Nº 1,CLASIFICACIÓN DE LA SEÑAL VERTICAL Nº 2,¿EXISTE SEÑAL HORIZONTAL?,CAUSA FACTOR PRINCIPAL,CAUSA ESPECÍFICA,AÑO,MES,DIA_SEMANA,ES_FIN_SEMANA,HORA_NUM,FRANJA_HORARIA,REGION_NATURAL,FALLECIDOS,LESIONADOS,CATEGORIA_SEVERIDAD,MORTALIDAD_MULTIPLE,LESION_MULTIPLE
DESPISTE,1,0,1,ANCASH,RECUAY,HUAYLLAPAMPA,RURAL,CARRETERA,PROVINCIAL,AN-1236,-10.055217865907515,-77.53634927408044,DESPEJADO,RURAL,CURVA,INCLINADA,TROCHA,SI,PREVENTIVA (P),SIN_DATO,NO,IMPRUDENCIA DEL CONDUCTOR,CONDUCIR EN ESTADO DE EBRIEDAD Y/O DROGADICCIÓN,2022,4,4,0,0,MADRUGADA,SIERRA,1,0,LEVE,0,0
ATROPELLO,1,0,1,LORETO,MAYNAS,SAN JUAN BAUTISTA,URBANA,CARRETERA,DEPARTAMENTAL,LO-103,-3.8854225,-73.3516438,DESPEJADO,RURAL,CURVA,INCLINADA,ASFALTADA,NO,SIN_DATO,SIN_DATO,NO,IMPRUDENCIA DEL PEATÓN,ESTADO DE EBRIEDAD Y/O DROGADICCIÓN,2022,4,4,0,16,TARDE,SELVA,1,0,LEVE,0,0
DESPISTE,1,0,1,LIMA,LIMA,EL AGUSTINO,URBANA,CARRETERA,NACIONAL,PE-1N,-12.0300017597309,-76.9944029603122,SIN_DATO,SIN_DATO,SIN_DATO,SIN_DATO,SIN_DATO,SIN_DATO,SIN_DATO,SIN_DATO,SIN_DATO,EN PROCESO DE INVESTIGACIÓN,NO CUENTA CON CAUSA ESPECIFICA,2022,4,4,0,17,TARDE,COSTA,1,0,LEVE,0,0
ATROPELLO,1,1,1,AREQUIPA,AREQUIPA,PAUCARPATA,URBANA,AVENIDA,URBANO,NO CORRESPONDE,-16.41071,-71.504341,DESPEJADO,COMERCIAL,INTERSECCIÓN,INCLINADA,ASFALTADA,NO,SIN_DATO,SIN_DATO,SI,EN PROCESO DE INVESTIGACIÓN,NO CUENTA CON CAUSA ESPECIFICA,2022,4,4,0,19,NOCHE,COSTA,1,1,LEVE,0,0
ATROPELLO,1,0,1,CUSCO,QUISPICANCHI,LUCRE,RURAL,CARRETERA,NACIONAL,PE-3S,-13.606023773923676,-71.7527789836053,DESPEJADO,RURAL,TRAMO RECTO,PLANA ,ASFALTADA,SIN_DATO,SIN_DATO,SIN_DATO,SIN_DATO,IMPRUDENCIA DEL CONDUCTOR,EXCESO DE VELOCIDAD,2022,4,4,0,20,NOCHE,SIERRA,1,0,LEVE,0,0
CHOQUE,1,0,2,LA LIBERTAD,PACASMAYO,GUADALUPE,URBANA,CARRETERA,PROVINCIAL,LI-508,-7.239658,-79.464864,DESPEJADO,COMERCIAL,TRAMO RECTO,PLANA ,ASFALTADA,SIN_DATO,SIN_DATO,SIN_DATO,SIN_DATO,IMPRUDENCIA DEL CONDUCTOR,GIRAR IMPRUDENTEMENTE,2022,4,4,0,20,NOCHE,COSTA,1,0,LEVE,0,0
CHOQUE,1,0,2,LA LIBERTAD,OTUZCO,AGALLPAMPA,RURAL,CARRETERA,NACIONAL,PE-10A,-7.997595822678272,-78.43345642106226,DESPEJADO,RURAL,TRAMO RECTO,PLANA ,ASFALTADA,SIN_DATO,SIN_DATO,SIN_DATO,SIN_DATO,EN PROCESO DE INVESTIGACIÓN,NO CUENTA CON CAUSA ESPECIFICA,2022,4,4,0,21,NOCHE,COSTA,1,0,LEVE,0,0
ATROPELLO,1,0,1,LIMA,LIMA,LURIGANCHO,URBANA,CARRETERA,NACIONAL,PE-22,-11.930346,-76.691038,SIN_DATO,SIN_DATO,SIN_DATO,SIN_DATO,SIN_DATO,SIN_DATO,SIN_DATO,SIN_DATO,SIN_DATO,EN PROCESO DE INVESTIGACIÓN,NO CUENTA CON CAUSA ESPECIFICA,2022,4,4,0,21,NOCHE,COSTA,1,0,LEVE,0,0
CHOQUE,1,2,2,ICA,PISCO,SAN ANDRES,RURAL,CARRETERA,NACIONAL,PE-1S,-13.815436,-76.147472,DESPEJADO,RURAL,TRAMO RECTO,PLANA ,ASFALTADA,SIN_DATO,SIN_DATO,SIN_DATO,SIN_DATO,EN PROCESO DE INVESTIGACIÓN,NO CUENTA CON CAUSA ESPECIFICA,2022,4,4,0,22,NOCHE,COSTA,1,2,LEVE,0,0
ATROPELLO,1,0,1,CAJAMARCA,CAJAMARCA,LOS BAÑOS DEL INCA,URBANA,JIRÓN,URBANO,NO CORRESPONDE,-7.155308263073852,-78.45969109857981,DESPEJADO,RESIDENCIAL,TRAMO RECTO,PLANA ,ASFALTADA,SIN_DATO,SIN_DATO,SIN_DATO,SIN_DATO,IMPRUDENCIA DEL PEATÓN,CRUCE INDEBIDO POR LA CALZADA,2022,4,5,1,9,MAÑANA,SIERRA,1,0,LEVE,0,0
ATROPELLO,1,0,1,LA LIBERTAD,CHEPEN,CHEPEN,RURAL,CARRETERA,NACIONAL,PE-1N,-7.231615,-79.450002,DESPEJADO,RURAL,TRAMO RECTO,PLANA ,ASFALTADA,SIN_DATO,SIN_DATO,SIN_DATO,SIN_DATO,IMPRUDENCIA DEL CONDUCTOR,OTRO (IMPRUDENCIA DEL CONDUCTOR),2022,4,5,1,14,TARDE,COSTA,1,0,LEVE,0,0
DESPISTE,1,0,1,LA LIBERTAD,CHEPEN,CHEPEN,RURAL,CARRETERA,NACIONAL,PE-1N,-7.226003,-79.442813,DESPEJADO,RURAL,TRAMO RECTO,PLANA ,ASFALTADA,SIN_DATO,SIN_DATO,SIN_DATO,SIN_DATO,EN PROCESO DE INVESTIGACIÓN,NO CUENTA CON CAUSA ESPECIFICA,2022,4,5,1,16,TARDE,COSTA,1,0,LEVE,0,0
ATROPELLO,1,0,1,TACNA,TACNA,CALANA,URBANA,CARRETERA,PROVINCIAL,TA-615,-17.938476323692324,-70.18531157553551,DESPEJADO,INDUSTRIAL,TRAMO RECTO,PLANA ,ASFALTADA,SIN_DATO,SIN_DATO,SIN_DATO,SIN_DATO,IMPRUDENCIA DEL PEATÓN,ESTADO DE EBRIEDAD Y/O DROGADICCIÓN,2022,4,5,1,17,TARDE,COSTA,1,0,LEVE,0,0
ATROPELLO,1,0,1,LIMA,LIMA,PUNTA NEGRA,URBANA,CARRETERA,NACIONAL,PE-1S,-12.36425,-76.792136,SIN_DATO,SIN_DATO,SIN_DATO,SIN_DATO,SIN_DATO,SIN_DATO,SIN_DATO,SIN_DATO,SIN_DATO,EN PROCESO DE INVESTIGACIÓN,NO CUENTA CON CAUSA ESPECIFICA,2022,4,5,1,18,NOCHE,COSTA,1,0,LEVE,0,0
CHOQUE,2,1,2,ICA,NASCA,EL INGENIO,RURAL,CARRETERA,NACIONAL,PE-1S,-14.797733,-75.008648,DESPEJADO,RURAL,TRAMO RECTO,INCLINADA,ASFALTADA,SIN_DATO,SIN_DATO,SIN_DATO,SIN_DATO,EN PROCESO DE INVESTIGACIÓN,NO CUENTA CON CAUSA ESPECIFICA,2022,4,5,1,21,NOCHE,COSTA,2,1,GRAVE_MORTALIDAD,1,0
DESPISTE,1,0,1,ICA,ICA,SUBTANJALLA,URBANA,CARRETERA,NACIONAL,PE-1S,-14.014031,-75.763981,DESPEJADO,RESIDENCIAL,TRAMO RECTO,PLANA ,ASFALTADA,SIN_DATO,SIN_DATO,SIN_DATO,SIN_DATO,EN PROCESO DE INVESTIGACIÓN,NO CUENTA CON CAUSA ESPECIFICA,2022,5,6,1,2,MADRUGADA,COSTA,1,0,LEVE,0,0
ATROPELLO FUGA,1,0,1,ICA,PISCO,TUPAC AMARU INCA,URBANA,CARRETERA,NACIONAL,PE-1S,-13.709009,-76.152234,DESPEJADO,RESIDENCIAL,TRAMO RECTO,PLANA ,ASFALTADA,NO,SIN_DATO,SIN_DATO,SI,EN PROCESO DE INVESTIGACIÓN,NO CUENTA CON CAUSA ESPECIFICA,2022,5,6,1,5,MADRUGADA,COSTA,1,0,LEVE,0,0
CHOQUE FUGA,1,0,1,LAMBAYEQUE,LAMBAYEQUE,LAMBAYEQUE,RURAL,CARRETERA,NACIONAL,PE-1N,-6.72289,-79.892609,NUBLADO,RURAL,TRAMO RECTO,PLANA ,ASFALTADA,SI,REGULADORA (R),SIN_DATO,NO,EN PROCESO DE INVESTIGACIÓN,NO CUENTA CON CAUSA ESPECIFICA,2022,5,6,1,5,MADRUGADA,COSTA,1,0,LEVE,0,0
ATROPELLO FUGA,1,0,1,LIMA,HUAURA,HUAURA,RURAL,CARRETERA,NACIONAL,PE-1N,-11.0422,-77.58955,DESPEJADO,RURAL,TRAMO RECTO,PLANA ,ASFALTADA,SI,REGULADORA (R),PREVENTIVA (P),NO,IMPRUDENCIA DEL PEATÓN,ESTADO DE EBRIEDAD Y/O DROGADICCIÓN,2022,5,6,1,5,MADRUGADA,COSTA,1,0,LEVE,0,0
DESPISTE,1,0,1,CUSCO,QUISPICANCHI,LUCRE,RURAL,CARRETERA,NACIONAL,PE-3S,-13.607601,-71.729269,DESPEJADO,RURAL,TRAMO RECTO,PLANA ,ASFALTADA,SI,INFORMATIVA (I),SIN_DATO,SI,EN PROCESO DE INVESTIGACIÓN,NO CUENTA CON CAUSA ESPECIFICA,2022,5,6,1,6,MAÑANA,SIERRA,1,0,LEVE,0,0
DESPISTE,1,1,1,HUANCAVELICA,ANGARAES,ANCHONGA,RURAL,CARRETERA,DEPARTAMENTAL,HV-107,-12.891884,-74.681556,DESPEJADO,RURAL,TRAMO RECTO,INCLINADA,AFIRMADO,SIN_DATO,SIN_DATO,SIN_DATO,SIN_DATO,EN PROCESO DE INVESTIGACIÓN,NO CUENTA CON CAUSA ESPECIFICA,2022,5,6,1,6,MAÑANA,SIERRA,1,1,LEVE,0,0
DESPISTE,1,0,1,CUSCO,ESPINAR,ESPINAR,RURAL,CARRETERA,SIN CLASIFICAR,SIN CLASIFICAR,-14.823329,-71.341451,DESPEJADO,RURAL,TRAMO RECTO,PLANA ,ASFALTADA,SIN_DATO,SIN_DATO,SIN_DATO,SIN_DATO,EN PROCESO DE INVESTIGACIÓN,NO CUENTA CON CAUSA ESPECIFICA,2022,5,6,1,6,MAÑANA,SIERRA,1,0,LEVE,0,0
DESPISTE,1,0,0,APURIMAC,CHINCHEROS,ANCO_HUALLO,URBANA,CARRETERA,PROVINCIAL,AP-522,-13.529885,-73.674085,SOLEADO,COMERCIAL,INTERSECCIÓN,INCLINADA,ASFALTADA,SIN_DATO,SIN_DATO,SIN_DATO,SIN_DATO,NEGLIGENCIA DEL CONDUCTOR,CONDUCIR CON FALLAS DE FRENOS,2022,5,6,1,10,MAÑANA,SIERRA,1,0,LEVE,0,0
CHOQUE,2,0,1,ANCASH,HUARMEY,HUARMEY,RURAL,CARRETERA,NACIONAL,PE-1N,-10.21200346185269,-78.04846020880257,DESPEJADO,RURAL,CURVA,PLANA ,ASFALTADA,SIN_DATO,SIN_DATO,SIN_DATO,SIN_DATO,EN PROCESO DE INVESTIGACIÓN,NO CUENTA CON CAUSA ESPECIFICA,2022,5,6,1,14,TARDE,SIERRA,2,0,GRAVE_MORTALIDAD,1,0
DESPISTE,2,3,1,HUANCAVELICA,ANGARAES,LIRCAY,RURAL,CARRETERA,PROVINCIAL,LA-733,-13.074455,-74.657114,DESPEJADO,RURAL,PASE A DESNIVEL,INCLINADA,AFIRMADO,SIN_DATO,SIN_DATO,SIN_DATO,SIN_DATO,EN PROCESO DE INVESTIGACIÓN,NO CUENTA CON CAUSA ESPECIFICA,2022,5,6,1,14,TARDE,SIERRA,2,3,GRAVE_MORTALIDAD,1,1
DESPISTE,1,3,1,AYACUCHO,HUAMANGA,CHIARA,RURAL,CARRETERA,NACIONAL,PE-3S,-13.34226175,-74.17256924,DESPEJADO,RURAL,CURVA,INCLINADA,TROCHA,SI,PREVENTIVA (P),SIN_DATO,NO,NEGLIGENCIA DEL CONDUCTOR,OTRO (NEGLIGENCIA DEL CONDUCTOR),2022,5,6,1,17,TARDE,SIERRA,1,3,GRAVE_LESIONADOS,0,1
CHOQUE,1,0,2,CAJAMARCA,CAJAMARCA,CAJAMARCA,URBANA,CARRETERA,NACIONAL,PE-3N,-7.14752309,-78.52239026,DESPEJADO,COMERCIAL,OTRO,SIN_DATO,ASFALTADA,SIN_DATO,SIN_DATO,SIN_DATO,SIN_DATO,EN PROCESO DE INVESTIGACIÓN,NO CUENTA CON CAUSA ESPECIFICA,2022,5,6,1,18,NOCHE,SIERRA,1,0,LEVE,0,0
DESPISTE,1,0,1,PUNO,CHUCUITO,HUACULLANI,RURAL,CARRETERA,NACIONAL,PE-36A,-16.61708505221071,-69.42479615457934,DESPEJADO,RURAL,CURVA,PLANA ,ASFALTADA,SIN_DATO,SIN_DATO,SIN_DATO,SIN_DATO,IMPRUDENCIA DEL CONDUCTOR,OTRO (IMPRUDENCIA DEL CONDUCTOR),2022,5,6,1,18,NOCHE,SIERRA,1,0,LEVE,0,0
DESPISTE,2,0,1,AREQUIPA,ISLAY,DEAN VALDIVIA,RURAL,CARRETERA,NACIONAL,PE-1SD,-17.144423,-71.829075,DESPEJADO,RURAL,CURVA,PLANA ,ASFALTADA,SI,REGULADORA (R),SIN_DATO,SI,EN PROCESO DE INVESTIGACIÓN,NO CUENTA CON CAUSA ESPECIFICA,2022,5,6,1,22,NOCHE,COSTA,2,0,GRAVE_MORTALIDAD,1,0
ATROPELLO FUGA,1,0,1,JUNIN,HUANCAYO,VIQUES,RURAL,CARRETERA,NACIONAL,PE-3S,-12.154393,-75.217452,DESPEJADO,RURAL,TRAMO RECTO,PLANA ,ASFALTADA,SIN_DATO,SIN_DATO,SIN_DATO,SIN_DATO,IMPRUDENCIA DEL CONDUCTOR,EXCESO DE VELOCIDAD,2022,5,6,1,22,NOCHE,SIERRA,1,0,LEVE,0,0
DESPISTE,1,0,1,JUNIN,SATIPO,PANGOA,RURAL,CARRETERA,SIN CLASIFICAR,SIN CLASIFICAR,-11.815478348930611,-74.31420486382191,SIN_DATO,SIN_DATO,SIN_DATO,SIN_DATO,SIN_DATO,SIN_DATO,SIN_DATO,SIN_DATO,SIN_DATO,EN PROCESO DE INVESTIGACIÓN,NO CUENTA CON CAUSA ESPECIFICA,2022,5,0,0,1,MADRUGADA,SIERRA,1,0,LEVE,0,0
DESPISTE,2,0,1,CUSCO,CHUMBIVILCAS,LIVITACA,RURAL,CARRETERA,PROVINCIAL,CU-1589,-14.170324,-71.558414,DESPEJADO,RURAL,CURVA,INCLINADA,TROCHA,SIN_DATO,SIN_DATO,SIN_DATO,SIN_DATO,IMPRUDENCIA DEL CONDUCTOR,CONDUCIR EN ESTADO DE EBRIEDAD Y/O DROGADICCIÓN,2022,5,0,0,2,MADRUGADA,SIERRA,2,0,GRAVE_MORTALIDAD,1,0
ATROPELLO,1,0,1,LIMA,CAÑETE,CHILCA,URBANA,CARRETERA,NACIONAL,PE-1S,-12.478985,-76.74743,DESPEJADO,INDUSTRIAL,TRAMO RECTO,PLANA ,ASFALTADA,SIN_DATO,SIN_DATO,SIN_DATO,SIN_DATO,EN PROCESO DE INVESTIGACIÓN,NO CUENTA CON CAUSA ESPECIFICA,2022,5,0,0,5,MADRUGADA,COSTA,1,0,LEVE,0,0
VOLCADURA,2,0,2,ICA,CHINCHA,ALTO LARAN,RURAL,CARRETERA,NACIONAL,PE-1S,-13.461462,-76.136362,DESPEJADO,RURAL,TRAMO RECTO,PLANA ,ASFALTADA,SIN_DATO,SIN_DATO,SIN_DATO,SIN_DATO,IMPRUDENCIA DEL CONDUCTOR,OTRO (IMPRUDENCIA DEL CONDUCTOR),2022,5,0,0,6,MAÑANA,COSTA,2,0,GRAVE_MORTALIDAD,1,0
ATROPELLO,1,0,1,ANCASH,YUNGAY,MANCOS,URBANA,CARRETERA,NACIONAL,PE-3N,-9.22590221023343,-77.6851273339738,DESPEJADO,RURAL,TRAMO RECTO,INCLINADA,ASFALTADA,SI,PREVENTIVA (P),SIN_DATO,SI,EN PROCESO DE INVESTIGACIÓN,NO CUENTA CON CAUSA ESPECIFICA,2022,5,0,0,7,MAÑANA,SIERRA,1,0,LEVE,0,0
ATROPELLO,1,0,0,LIMA,LIMA,LOS OLIVOS,URBANA,AVENIDA,URBANO,NO CORRESPONDE,-12.012219,-77.078756795,DESPEJADO,COMERCIAL,TRAMO RECTO,PLANA ,ASFALTADA,SIN_DATO,SIN_DATO,SIN_DATO,SIN_DATO,EN PROCESO DE INVESTIGACIÓN,NO CUENTA CON CAUSA ESPECIFICA,2022,5,0,0,15,TARDE,COSTA,1,0,LEVE,0,0
DESPISTE,1,0,1,LIMA,LIMA,SANTA ANITA,URBANA,AVENIDA,URBANO,NO CORRESPONDE,-12.040892,-76.961945,DESPEJADO,RESIDENCIAL,TRAMO RECTO,PLANA ,ASFALTADA,SIN_DATO,SIN_DATO,SIN_DATO,SIN_DATO,EN PROCESO DE INVESTIGACIÓN,NO CUENTA CON CAUSA ESPECIFICA,2022,5,0,0,15,TARDE,COSTA,1,0,LEVE,0,0
CAÍDA DE PASAJERO,1,0,1,LA LIBERTAD,PACASMAYO,SAN PEDRO DE LLOC,RURAL,CARRETERA,PROVINCIAL,LI-602,-7.451538,-79.505745,DESPEJADO,RURAL,TRAMO RECTO,PLANA ,AFIRMADO,SIN_DATO,SIN_DATO,SIN_DATO,SIN_DATO,EN PROCESO DE INVESTIGACIÓN,NO CUENTA CON CAUSA ESPECIFICA,2022,5,0,0,16,TARDE,COSTA,1,0,LEVE,0,0
CHOQUE,1,0,2,AREQUIPA,CAYLLOMA,MAJES,RURAL,CARRETERA,SIN CLASIFICAR,SIN CLASIFICAR,-16.318779,-72.213037,DESPEJADO,RURAL,TRAMO RECTO,PLANA ,ASFALTADA,NO,SIN_DATO,SIN_DATO,SI,EN PROCESO DE INVESTIGACIÓN,NO CUENTA CON CAUSA ESPECIFICA,2022,5,0,0,17,TARDE,COSTA,1,0,LEVE,0,0
CHOQUE,1,0,0,LIMA,YAUYOS,TANTA,URBANA,AVENIDA,URBANO,NO CORRESPONDE,-12.098821,-76.046904,DESPEJADO,RESIDENCIAL,INTERSECCIÓN,PLANA ,ASFALTADA,SIN_DATO,SIN_DATO,SIN_DATO,SIN_DATO,EN PROCESO DE INVESTIGACIÓN,NO CUENTA CON CAUSA ESPECIFICA,2022,5,0,0,19,NOCHE,COSTA,1,0,LEVE,0,0
ATROPELLO FUGA,1,0,0,PUNO,SAN ROMAN,SAN MIGUEL,RURAL,CARRETERA,NACIONAL,PE-3S,-15.436021334732173,-70.14045229836972,SOLEADO,RURAL,TRAMO RECTO,PLANA ,ASFALTADA,SIN_DATO,SIN_DATO,SIN_DATO,SIN_DATO,EN PROCESO DE INVESTIGACIÓN,NO CUENTA CON CAUSA ESPECIFICA,2022,5,0,0,22,NOCHE,SIERRA,1,0,LEVE,0,0
DESPISTE,2,1,1,ANCASH,BOLOGNESI,CHIQUIAN,RURAL,CARRETERA,NACIONAL,PE-3N,-10.1349697561606,-77.1566121102087,DESPEJADO,RURAL,CURVA,INCLINADA,ASFALTADA,SIN_DATO,SIN_DATO,SIN_DATO,SIN_DATO,EN PROCESO DE INVESTIGACIÓN,NO CUENTA CON CAUSA ESPECIFICA,2022,5,0,0,23,NOCHE,SIERRA,2,1,GRAVE_MORTALIDAD,1,0
CHOQUE,1,0,2,CAJAMARCA,CAJABAMBA,CAJABAMBA,URBANA,CARRETERA,NACIONAL,PE-3N,-7.61033042,-78.06769556,DESPEJADO,RURAL,OTRO,PLANA ,ASFALTADA,SIN_DATO,SIN_DATO,SIN_DATO,SIN_DATO,EN PROCESO DE INVESTIGACIÓN,NO CUENTA CON CAUSA ESPECIFICA,2022,5,0,0,23,NOCHE,SIERRA,1,0,LEVE,0,0
CHOQUE,1,1,2,LA LIBERTAD,ASCOPE,CHOCOPE,RURAL,CARRETERA,NACIONAL,PE-1N,-7.791920466724055,-79.21250134887943,DESPEJADO,RURAL,ÓVALO,INCLINADA,ASFALTADA,SIN_DATO,SIN_DATO,SIN_DATO,SIN_DATO,EN PROCESO DE INVESTIGACIÓN,NO CUENTA CON CAUSA ESPECIFICA,2022,5,1,0,0,MADRUGADA,COSTA,1,1,LEVE,0,0
DESPISTE,1,1,1,JUNIN,CHANCHAMAYO,CHANCHAMAYO,RURAL,CARRETERA,NACIONAL,PE-22B,-10.993944704481336,-75.31311423121596,SIN_DATO,SIN_DATO,SIN_DATO,SIN_DATO,SIN_DATO,SIN_DATO,SIN_DATO,SIN_DATO,SIN_DATO,EN PROCESO DE INVESTIGACIÓN,NO CUENTA CON CAUSA ESPECIFICA,2022,5,1,0,1,MADRUGADA,SIERRA,1,1,LEVE,0,0
CHOQUE,1,0,1,PUNO,EL COLLAO,ILAVE,RURAL,CARRETERA,NACIONAL,PE-3S,-16.147482407028615,-69.56467858031846,SIN_DATO,SIN_DATO,SIN_DATO,SIN_DATO,SIN_DATO,SIN_DATO,SIN_DATO,SIN_DATO,SIN_DATO,EN PROCESO DE INVESTIGACIÓN,NO CUENTA CON CAUSA ESPECIFICA,2022,5,1,0,9,MAÑANA,SIERRA,1,0,LEVE,0,0
DESPISTE,1,0,1,ANCASH,SANTA,CHIMBOTE,RURAL,CARRETERA,NACIONAL,PE-12,-8.832204318417629,-78.55520393642605,DESPEJADO,RURAL,TRAMO RECTO,PLANA ,ASFALTADA,SIN_DATO,SIN_DATO,SIN_DATO,SIN_DATO,IMPRUDENCIA DEL CONDUCTOR,CONDUCIR EN ESTADO DE EBRIEDAD Y/O DROGADICCIÓN,2022,5,1,0,14,TARDE,SIERRA,1,0,LEVE,0,0
CHOQUE,1,0,2,AREQUIPA,CAYLLOMA,MAJES,RURAL,CARRETERA,NACIONAL,PE-1S,-16.369883,-72.167225,DESPEJADO,RURAL,TRAMO RECTO,PLANA ,ASFALTADA,SIN_DATO,SIN_DATO,SIN_DATO,SIN_DATO,EN PROCESO DE INVESTIGACIÓN,NO CUENTA CON CAUSA ESPECIFICA,2022,5,1,0,23,NOCHE,COSTA,1,0,LEVE,0,0
DESPISTE,1,2,1,AREQUIPA,AREQUIPA,SAN JUAN DE TARUCANI,RURAL,CARRETERA,SIN CLASIFICAR,SIN CLASIFICAR,-16.045963,-76.92045476347974,DESPEJADO,RURAL,TRAMO RECTO,PLANA ,ASFALTADA,NO,SIN_DATO,SIN_DATO,SI,EN PROCESO DE INVESTIGACIÓN,NO CUENTA CON CAUSA ESPECIFICA,2022,5,2,0,6,MAÑANA,COSTA,1,2,LEVE,0,0
ATROPELLO,1,0,1,LA LIBERTAD,VIRU,VIRU,RURAL,AVENIDA,URBANO,NO CORRESPONDE,-8.422400143215972,-78.77826779271766,DESPEJADO,RURAL,TRAMO RECTO,PLANA ,ASFALTADA,SIN_DATO,SIN_DATO,SIN_DATO,SIN_DATO,EN PROCESO DE INVESTIGACIÓN,NO CUENTA CON CAUSA ESPECIFICA,2022,5,2,0,6,MAÑANA,COSTA,1,0,LEVE,0,0
ATROPELLO,1,0,1,TUMBES,ZARUMILLA,PAPAYAL,RURAL,CARRETERA,DEPARTAMENTAL,TU-101,-3.536057896835726,-80.23428615936854,DESPEJADO,RURAL,TRAMO RECTO,PLANA ,ASFALTADA,SIN_DATO,SIN_DATO,SIN_DATO,SIN_DATO,IMPRUDENCIA DEL CONDUCTOR,OTRO (IMPRUDENCIA DEL CONDUCTOR),2022,5,2,0,11,MAÑANA,COSTA,1,0,LEVE,0,0
ATROPELLO,1,0,1,CALLAO,CALLAO,VENTANILLA,URBANA,CARRETERA,SIN CLASIFICAR,SIN CLASIFICAR,-11.9031767,-77.130385417,DESPEJADO,INDUSTRIAL,SINUOSA,INCLINADA,AFIRMADO,SI,REGULADORA (R),SIN_DATO,NO,IMPRUDENCIA DEL CONDUCTOR,FATIGA Y/O CANSANCIO,2022,5,2,0,15,TARDE,COSTA,1,0,LEVE,0,0
ATROPELLO,1,0,1,AREQUIPA,AREQUIPA,CAYMA,URBANA,AVENIDA,URBANO,NO CORRESPONDE,-16.34696,-71.545261,DESPEJADO,RESIDENCIAL,INTERSECCIÓN,PLANA ,ASFALTADA,NO,SIN_DATO,SIN_DATO,SI,EN PROCESO DE INVESTIGACIÓN,NO CUENTA CON CAUSA ESPECIFICA,2022,5,2,0,17,TARDE,COSTA,1,0,LEVE,0,0
ATROPELLO,1,0,1,CALLAO,CALLAO,CALLAO,URBANA,AVENIDA,URBANO,NO CORRESPONDE,-12.053316673590334,-77.1339958472227,DESPEJADO,COMERCIAL,TRAMO RECTO,PLANA ,ASFALTADA,SIN_DATO,SIN_DATO,SIN_DATO,SIN_DATO,NEGLIGENCIA DEL CONDUCTOR,OTRO (NEGLIGENCIA DEL CONDUCTOR),2022,5,2,0,20,NOCHE,COSTA,1,0,LEVE,0,0
DESPISTE,2,1,1,PUNO,SANDIA,CUYOCUYO,RURAL,CARRETERA,NACIONAL,PE-34H,-14.43080725205699,-69.51307720131344,DESPEJADO,RURAL,TRAMO RECTO,PLANA ,ASFALTADA,SIN_DATO,SIN_DATO,SIN_DATO,SIN_DATO,IMPRUDENCIA DEL CONDUCTOR,EXCESO DE VELOCIDAD,2022,5,3,0,3,MADRUGADA,SIERRA,2,1,GRAVE_MORTALIDAD,1,0
CHOQUE,1,2,2,CAJAMARCA,CUTERVO,CUTERVO,RURAL,CARRETERA,NACIONAL,PE-3ND,-6.36504833,-78.79028,DESPEJADO,RURAL,OTRO,PLANA ,ASFALTADA,SIN_DATO,SIN_DATO,SIN_DATO,SIN_DATO,EN PROCESO DE INVESTIGACIÓN,NO CUENTA CON CAUSA ESPECIFICA,2022,5,3,0,5,MADRUGADA,SIERRA,1,2,LEVE,0,0
CHOQUE,1,0,2,CUSCO,ESPINAR,PALLPATA,RURAL,CARRETERA,DEPARTAMENTAL,CU-133,-14.869255,-71.212616,DESPEJADO,RURAL,TRAMO RECTO,PLANA ,ASFALTADA,SI,INFORMATIVA (I),SIN_DATO,SI,IMPRUDENCIA DEL CONDUCTOR,GIRAR IMPRUDENTEMENTE,2022,5,3,0,6,MAÑANA,SIERRA,1,0,LEVE,0,0
ATROPELLO FUGA,1,0,1,AREQUIPA,AREQUIPA,JOSE LUIS BUSTAMANTE Y RIVERO,URBANA,AVENIDA,URBANO,NO CORRESPONDE,-16.429616,-71.526843,DESPEJADO,COMERCIAL,TRAMO RECTO,PLANA ,ASFALTADA,NO,SIN_DATO,SIN_DATO,SI,EN PROCESO DE INVESTIGACIÓN,NO CUENTA CON CAUSA ESPECIFICA,2022,5,3,0,10,MAÑANA,COSTA,1,0,LEVE,0,0
ATROPELLO FUGA,1,0,1,CUSCO,ANTA,CACHIMAYO,URBANA,CARRETERA,NACIONAL,PE-3S,-13.48311,-72.078307,DESPEJADO,COMERCIAL,TRAMO RECTO,PLANA ,ASFALTADA,SIN_DATO,SIN_DATO,SIN_DATO,SIN_DATO,IMPRUDENCIA DEL PEATÓN,ESTADO DE EBRIEDAD Y/O DROGADICCIÓN,2022,5,3,0,23,NOCHE,SIERRA,1,0,LEVE,0,0