CLASE SINIESTRO,CANTIDAD DE FALLECIDOS,CANTIDAD DE LESIONADOS,CANTIDAD DE VEHICULOS DAÑADOS,DEPARTAMENTO,PROVINCIA,DISTRITO,ZONA,TIPO DE VÍA,RED VIAL,COD CARRETERA,COORDENADAS LATITUD,COORDENADAS  LONGITUD,CONDICIÓN CLIMÁTICA,ZONIFICACIÓN,CARACTERÍSTICAS DE VÍA,PERFIL LONGITUDINAL VÍA,SUPERFICIE DE CALZADA,¿EXISTE SEÑAL VERTICAL?,CLASIFICACIÓN DE LA SEÑAL VERTICAL Nº 1,CLASIFICACIÓN DE LA SEÑAL VERTICAL Nº 2,¿EXISTE SEÑAL HORIZONTAL?,CAUSA FACTOR PRINCIPAL,CAUSA ESPECÍFICA,AÑO,MES,DIA_SEMANA,ES_FIN_SEMANA,HORA_NUM,FRANJA_HORARIA,REGION_NATURAL,FALLECIDOS,LESIONADOS,CATEGORIA_SEVERIDAD,MORTALIDAD_MULTIPLE,LESION_MULTIPLE
DESPISTE,1,6,1,PIURA,HUANCABAMBA,HUARMACA,RURAL,CARRETERA,NACIONAL,PE-3N,-5.787842,-79.445615,DESPEJADO,RURAL,CURVA,INCLINADA,TROCHA,SI,PREVENTIVA (P),SIN_DATO,NO,IMPRUDENCIA DEL CONDUCTOR,FATIGA Y/O CANSANCIO,2022,6,0,0,20,NOCHE,COSTA,1,6,GRAVE_LESIONADOS,0,1
DESPISTE,1,0,1,ICA,ICA,ICA,URBANA,AVENIDA,URBANO,NO CORRESPONDE,-14.069268,-75.735427,DESPEJADO,RESIDENCIAL,TRAMO RECTO,PLANA ,ASFALTADA,SIN_DATO,SIN_DATO,SIN_DATO,SIN_DATO,EN PROCESO DE INVESTIGACIÓN,NO CUENTA CON CAUSA ESPECIFICA,2022,6,0,0,20,NOCHE,COSTA,1,0,LEVE,0,0
ATROPELLO FUGA,1,0,1,LIMA,LIMA,SAN JUAN DE MIRAFLORES,URBANA,CARRETERA,NACIONAL,PE-1S,-12.14478,-76.98172,DESPEJADO,INDUSTRIAL,TRAMO RECTO,PLANA ,ASFALTADA,SIN_DATO,SIN_DATO,SIN_DATO,SIN_DATO,EN PROCESO DE INVESTIGACIÓN,NO CUENTA CON CAUSA ESPECIFICA,2022,6,1,0,0,MADRUGADA,COSTA,1,0,LEVE,0,0
DESPISTE,1,0,1,LA LIBERTAD,TRUJILLO,LA ESPERANZA,URBANA,AVENIDA,URBANO,NO CORRESPONDE,-8.060037,-79.053188,DESPEJADO,COMERCIAL,TRAMO RECTO,PLANA ,ASFALTADA,SIN_DATO,SIN_DATO,SIN_DATO,SIN_DATO,EN PROCESO DE INVESTIGACIÓN,NO CUENTA CON CAUSA ESPECIFICA,2022,6,1,0,1,MADRUGADA,COSTA,1,0,LEVE,0,0
DESPISTE,1,0,1,LIMA,LIMA,LOS OLIVOS,URBANA,AVENIDA,URBANO,NO CORRESPONDE,-11.94995811643136,-77.0840424083373,DESPEJADO,COMERCIAL,TRAMO RECTO,PLANA ,ASFALTADA,SIN_DATO,SIN_DATO,SIN_DATO,SIN_DATO,EN PROCESO DE INVESTIGACIÓN,NO CUENTA CON CAUSA ESPECIFICA,2022,6,1,0,6,MAÑANA,COSTA,1,0,LEVE,0,0
DESPISTE,1,0,1,PIURA,MORROPON,CHALACO,RURAL,CARRETERA,NACIONAL,PE-1NR,-5.021568,-79.734421,DESPEJADO,RURAL,TRAMO RECTO,INCLINADA,ASFALTADA,SI,REGULADORA (R),SIN_DATO,NO,IMPRUDENCIA DEL CONDUCTOR,FATIGA Y/O CANSANCIO,2022,6,1,0,7,MAÑANA,COSTA,1,0,LEVE,0,0
VOLCADURA,1,0,1,CAJAMARCA,CONTUMAZA,CHILETE,URBANA,CARRETERA,NACIONAL,PE-1NF,-7.226389,-78.838611,DESPEJADO,RURAL,TRAMO RECTO,INCLINADA,CONCRETO,SIN_DATO,SIN_DATO,SIN_DATO,SIN_DATO,EN PROCESO DE INVESTIGACIÓN,NO CUENTA CON CAUSA ESPECIFICA,2022,6,1,0,8,MAÑANA,SIERRA,1,0,LEVE,0,0
DESPISTE,4,0,1,CAJAMARCA,CHOTA,QUEROCOTO,RURAL,CARRETERA,PROVINCIAL,CA-827,-6.40471946,-79.04229594,DESPEJADO,RURAL,CURVA,INCLINADA,AFIRMADO,SIN_DATO,SIN_DATO,SIN_DATO,SIN_DATO,EN PROCESO DE INVESTIGACIÓN,NO CUENTA CON CAUSA ESPECIFICA,2022,6,1,0,13,TARDE,SIERRA,4,0,GRAVE_MORTALIDAD,1,0
CHOQUE,1,0,2,AREQUIPA,AREQUIPA,CERRO COLORADO,URBANA,AVENIDA,URBANO,NO CORRESPONDE,-16.393908,-71.570324,SOLEADO,RESIDENCIAL,INTERSECCIÓN,PLANA ,ASFALTADA,SI,REGULADORA (R),PREVENTIVA (P),NO,EN PROCESO DE INVESTIGACIÓN,NO CUENTA CON CAUSA ESPECIFICA,2022,6,1,0,14,TARDE,COSTA,1,0,LEVE,0,0
CHOQUE,1,4,1,LIMA,LIMA,LOS OLIVOS,URBANA,AVENIDA,URBANO,NO CORRESPONDE,-11.962558666624766,-77.08060381638019,DESPEJADO,ESCOLAR,TRAMO RECTO,PLANA ,ASFALTADA,SIN_DATO,SIN_DATO,SIN_DATO,SIN_DATO,EN PROCESO DE INVESTIGACIÓN,NO CUENTA CON CAUSA ESPECIFICA,2022,6,1,0,15,TARDE,COSTA,1,4,GRAVE_LESIONADOS,0,1
ATROPELLO,1,1,1,LIMA,HUAURA,HUALMAY,URBANA,AVENIDA,URBANO,NO CORRESPONDE,-11.10017,-77.59648,DESPEJADO,RESIDENCIAL,TRAMO RECTO,PLANA ,ASFALTADA,SIN_DATO,SIN_DATO,SIN_DATO,SIN_DATO,IMPRUDENCIA DEL PEATÓN,CRUCE INDEBIDO POR LA CALZADA,2022,6,1,0,19,NOCHE,COSTA,1,1,LEVE,0,0
ATROPELLO,1,0,1,ICA,PISCO,TUPAC AMARU INCA,URBANA,CARRETERA,NACIONAL,PE-1S,-13.711096,-76.152763,DESPEJADO,RURAL,TRAMO RECTO,PLANA ,ASFALTADA,NO,SIN_DATO,SIN_DATO,NO,EN PROCESO DE INVESTIGACIÓN,NO CUENTA CON CAUSA ESPECIFICA,2022,6,1,0,21,NOCHE,COSTA,1,0,LEVE,0,0
VOLCADURA,1,0,1,JUNIN,CHANCHAMAYO,SAN RAMON,RURAL,CARRETERA,NACIONAL,PE-22B,-11.165122927351826,-75.42829321203547,DESPEJADO,RURAL,CURVA,PLANA ,ASFALTADA,SIN_DATO,SIN_DATO,SIN_DATO,SIN_DATO,IMPRUDENCIA DEL CONDUCTOR,FATIGA Y/O CANSANCIO,2022,6,2,0,5,MADRUGADA,SIERRA,1,0,LEVE,0,0
ATROPELLO FUGA,1,0,1,PIURA,SECHURA,BERNAL,URBANA,CARRETERA,PROVINCIAL,PI-1040,-5.44840666,-80.739346,DESPEJADO,ESCOLAR,TRAMO RECTO,PLANA ,ASFALTADA,SIN_DATO,SIN_DATO,SIN_DATO,SIN_DATO,IMPRUDENCIA DEL CONDUCTOR,EXCESO DE VELOCIDAD,2022,6,2,0,19,NOCHE,COSTA,1,0,LEVE,0,0
CHOQUE,1,0,1,PIURA,SECHURA,SECHURA,URBANA,CARRETERA,PROVINCIAL,PI-1058,-5.56785432265989,-80.8144296580371,DESPEJADO,RURAL,INTERSECCIÓN,PLANA ,ASFALTADA,NO,SIN_DATO,SIN_DATO,SI,IMPRUDENCIA DEL CONDUCTOR,OTRO (IMPRUDENCIA DEL CONDUCTOR),2022,6,2,0,21,NOCHE,COSTA,1,0,LEVE,0,0
DESPISTE,1,1,1,ICA,PISCO,PISCO,URBANA,AVENIDA,URBANO,NO CORRESPONDE,-13.717682,-76.194882,DESPEJADO,COMERCIAL,CURVA,PLANA ,ASFALTADA,SIN_DATO,SIN_DATO,SIN_DATO,SIN_DATO,EN PROCESO DE INVESTIGACIÓN,NO CUENTA CON CAUSA ESPECIFICA,2022,6,3,0,1,MADRUGADA,COSTA,1,1,LEVE,0,0
CHOQUE,1,0,0,PUNO,EL COLLAO,PILCUYO,RURAL,CARRETERA,DEPARTAMENTAL,PU-127,-16.098306,-69.547939,DESPEJADO,RURAL,TRAMO RECTO,PLANA ,ASFALTADA,SIN_DATO,SIN_DATO,SIN_DATO,SIN_DATO,IMPRUDENCIA DEL CONDUCTOR,CONDUCIR EN SENTIDO CONTRARIO,2022,6,3,0,6,MAÑANA,SIERRA,1,0,LEVE,0,0
DESPISTE,1,1,1,PIURA,PIURA,CURA MORI,RURAL,CARRETERA,NACIONAL,PE-1N,-5.39432110512937,-80.6138139425431,DESPEJADO,RURAL,TRAMO RECTO,PLANA ,AFIRMADO,SIN_DATO,SIN_DATO,SIN_DATO,SIN_DATO,EN PROCESO DE INVESTIGACIÓN,NO CUENTA CON CAUSA ESPECIFICA,2022,6,3,0,6,MAÑANA,COSTA,1,1,LEVE,0,0
CHOQUE,1,0,1,PIURA,PIURA,PIURA,URBANA,CARRETERA,NACIONAL,PE-1N,-5.208412,-80.649925,DESPEJADO,COMERCIAL,TRAMO RECTO,PLANA ,ASFALTADA,SIN_DATO,SIN_DATO,SIN_DATO,SIN_DATO,EN PROCESO DE INVESTIGACIÓN,NO CUENTA CON CAUSA ESPECIFICA,2022,6,3,0,13,TARDE,COSTA,1,0,LEVE,0,0
ATROPELLO,1,0,1,LA LIBERTAD,TRUJILLO,TRUJILLO,URBANA,AVENIDA,URBANO,NO CORRESPONDE,-8.093435,-78.996373,DESPEJADO,COMERCIAL,INTERSECCIÓN,PLANA ,ASFALTADA,SIN_DATO,SIN_DATO,SIN_DATO,SIN_DATO,EN PROCESO DE INVESTIGACIÓN,NO CUENTA CON CAUSA ESPECIFICA,2022,6,3,0,21,NOCHE,COSTA,1,0,LEVE,0,0
ATROPELLO FUGA,1,0,1,ICA,ICA,SALAS,URBANA,CARRETERA,NACIONAL,PE-1S,-13.971264,-75.77885,NIEBLA,RESIDENCIAL,TRAMO RECTO,PLANA ,ASFALTADA,SIN_DATO,SIN_DATO,SIN_DATO,SIN_DATO,EN PROCESO DE INVESTIGACIÓN,NO CUENTA CON CAUSA ESPECIFICA,2022,6,4,0,1,MADRUGADA,COSTA,1,0,LEVE,0,0
DESPISTE,1,1,1,PIURA,MORROPON,CHULUCANAS,RURAL,CARRETERA,SIN CLASIFICAR,SIN CLASIFICAR,-5.240558,-80.21436,DESPEJADO,RURAL,TRAMO RECTO,PLANA ,AFIRMADO,SIN_DATO,SIN_DATO,SIN_DATO,SIN_DATO,EN PROCESO DE INVESTIGACIÓN,NO CUENTA CON CAUSA ESPECIFICA,2022,6,4,0,5,MADRUGADA,COSTA,1,1,LEVE,0,0
ATROPELLO,1,0,1,CAJAMARCA,CAJAMARCA,CAJAMARCA,URBANA,CARRETERA,SIN CLASIFICAR,SIN CLASIFICAR,-7.21902332,-78.48628345,DESPEJADO,RURAL,CURVA,INCLINADA,AFIRMADO,SIN_DATO,SIN_DATO,SIN_DATO,SIN_DATO,EN PROCESO DE INVESTIGACIÓN,NO CUENTA CON CAUSA ESPECIFICA,2022,6,4,0,6,MAÑANA,SIERRA,1,0,LEVE,0,0
DESPISTE,1,0,1,APURIMAC,CHINCHEROS,OCOBAMBA,RURAL,CARRETERA,DEPARTAMENTAL,AP-102,-13.5485149,-73.4865364,SOLEADO,RURAL,TRAMO RECTO,INCLINADA,AFIRMADO,SIN_DATO,SIN_DATO,SIN_DATO,SIN_DATO,IMPRUDENCIA DEL CONDUCTOR,FATIGA Y/O CANSANCIO,2022,6,4,0,17,TARDE,SIERRA,1,0,LEVE,0,0
ATROPELLO,1,0,1,AYACUCHO,HUANTA,HUANTA,URBANA,JIRÓN,URBANO,NO CORRESPONDE,-12.93499336,-74.24935113,DESPEJADO,RESIDENCIAL,INTERSECCIÓN,INCLINADA,ASFALTADA,SIN_DATO,SIN_DATO,SIN_DATO,SIN_DATO,IMPRUDENCIA DEL CONDUCTOR,OTRO (IMPRUDENCIA DEL CONDUCTOR),2022,6,4,0,17,TARDE,SIERRA,1,0,LEVE,0,0
DESPISTE,1,0,1,LAMBAYEQUE,LAMBAYEQUE,MOTUPE,RURAL,CARRETERA,NACIONAL,PE-1NJ,-6.24051,-79.71961,DESPEJADO,RURAL,TRAMO RECTO,PLANA ,ASFALTADA,SIN_DATO,SIN_DATO,SIN_DATO,SIN_DATO,EN PROCESO DE INVESTIGACIÓN,NO CUENTA CON CAUSA ESPECIFICA,2022,6,4,0,18,NOCHE,COSTA,1,0,LEVE,0,0
VOLCADURA,1,1,1,LAMBAYEQUE,FERREÑAFE,PITIPO,RURAL,CARRETERA,SIN CLASIFICAR,SIN CLASIFICAR,-6.465464,-79.646114,LLUVIOSO,RURAL,TRAMO RECTO,PLANA ,AFIRMADO,SIN_DATO,SIN_DATO,SIN_DATO,SIN_DATO,EN PROCESO DE INVESTIGACIÓN,NO CUENTA CON CAUSA ESPECIFICA,2022,6,4,0,19,NOCHE,COSTA,1,1,LEVE,0,0
ATROPELLO,2,0,1,ANCASH,CASMA,CASMA,URBANA,CARRETERA,NACIONAL,PE-1N,-9.47635125904905,-78.30329085854329,DESPEJADO,COMERCIAL,INTERSECCIÓN,PLANA ,ASFALTADA,SIN_DATO,SIN_DATO,SIN_DATO,SIN_DATO,EN PROCESO DE INVESTIGACIÓN,NO CUENTA CON CAUSA ESPECIFICA,2022,6,4,0,20,NOCHE,SIERRA,2,0,GRAVE_MORTALIDAD,1,0
DESPISTE,1,3,1,CUSCO,CUSCO,SAN JERONIMO,URBANA,AVENIDA,URBANO,NO CORRESPONDE,-13.5574245,-71.861211116,DESPEJADO,RESIDENCIAL,TRAMO RECTO,PLANA ,ASFALTADA,SI,PREVENTIVA (P),REGULADORA (R),SI,IMPRUDENCIA DEL CONDUCTOR,CONDUCIR EN ESTADO DE EBRIEDAD Y/O DROGADICCIÓN,2022,6,5,1,4,MADRUGADA,SIERRA,1,3,GRAVE_LESIONADOS,0,1
DESPISTE,1,0,1,PUNO,YUNGUYO,CUTURAPI,RURAL,CARRETERA,DEPARTAMENTAL,PU-130,-16.270169,-69.193323,DESPEJADO,RURAL,TRAMO RECTO,PLANA ,AFIRMADO,SIN_DATO,SIN_DATO,SIN_DATO,SIN_DATO,IMPRUDENCIA DEL CONDUCTOR,EXCESO DE VELOCIDAD,2022,6,5,1,8,MAÑANA,SIERRA,1,0,LEVE,0,0
DESPISTE,1,0,1,JUNIN,YAULI,LA OROYA,RURAL,CARRETERA,NACIONAL,PE-3S,-11.737881,-75.743432,DESPEJADO,RURAL,TRAMO RECTO,PLANA ,ASFALTADA,SIN_DATO,SIN_DATO,SIN_DATO,SIN_DATO,IMPRUDENCIA DEL CONDUCTOR,CONDUCIR EN ESTADO DE EBRIEDAD Y/O DROGADICCIÓN,2022,6,5,1,8,MAÑANA,SIERRA,1,0,LEVE,0,0
ATROPELLO,1,0,1,LIMA,LIMA,ATE,URBANA,AVENIDA,URBANO,NO CORRESPONDE,-12.034891553811542,-76.93168221232975,DESPEJADO,COMERCIAL,TRAMO RECTO,PLANA ,ASFALTADA,SIN_DATO,SIN_DATO,SIN_DATO,SIN_DATO,EN PROCESO DE INVESTIGACIÓN,NO CUENTA CON CAUSA ESPECIFICA,2022,6,5,1,12,TARDE,COSTA,1,0,LEVE,0,0
DESPISTE,2,32,1,ANCASH,MARISCAL LUZURIAGA,PISCOBAMBA,RURAL,CARRETERA,NACIONAL,PE-14C,-8.865947605991478,-77.35329340112088,DESPEJADO,RURAL,SINUOSA,INCLINADA,AFIRMADO,SIN_DATO,SIN_DATO,SIN_DATO,SIN_DATO,NEGLIGENCIA DEL CONDUCTOR,CONDUCIR CON FALLAS DE DIRECCIÓN,2022,6,5,1,13,TARDE,SIERRA,2,32,GRAVE_MORTALIDAD,1,1
CHOQUE,1,0,1,LA LIBERTAD,PACASMAYO,SAN PEDRO DE LLOC,RURAL,CARRETERA,NACIONAL,PE-1N,-7.460453,-79.451174,DESPEJADO,RURAL,TRAMO RECTO,PLANA ,ASFALTADA,SIN_DATO,SIN_DATO,SIN_DATO,SIN_DATO,IMPRUDENCIA DEL CONDUCTOR,OTRO (IMPRUDENCIA DEL CONDUCTOR),2022,6,5,1,16,TARDE,COSTA,1,0,LEVE,0,0
CHOQUE,1,0,2,CAJAMARCA,CAJAMARCA,CAJAMARCA,RURAL,CARRETERA,NACIONAL,PE-3N,-6.98808840400377,-78.57384583881584,DESPEJADO,RURAL,CURVA,INCLINADA,ASFALTADA,NO,SIN_DATO,SIN_DATO,NO,IMPRUDENCIA DEL CONDUCTOR,EXCESO DE VELOCIDAD,2022,6,5,1,16,TARDE,SIERRA,1,0,LEVE,0,0
DESPISTE,1,0,1,CAJAMARCA,CELENDIN,CELENDIN,RURAL,CARRETERA,NACIONAL,PE-08B,-6.88766667,-78.11678167,DESPEJADO,RURAL,TRAMO RECTO,INCLINADA,ASFALTADA,SIN_DATO,SIN_DATO,SIN_DATO,SIN_DATO,EN PROCESO DE INVESTIGACIÓN,NO CUENTA CON CAUSA ESPECIFICA,2022,6,5,1,18,NOCHE,SIERRA,1,0,LEVE,0,0
CHOQUE,1,0,2,TACNA,TACNA,SAMA,RURAL,CARRETERA,NACIONAL,PE-1S,-17.838756623536323,-70.52637650366653,DESPEJADO,RURAL,INTERSECCIÓN,PLANA ,ASFALTADA,SIN_DATO,SIN_DATO,SIN_DATO,SIN_DATO,IMPRUDENCIA DEL CONDUCTOR,NO ESTABLECER EL DERECHO DE PASO,2022,6,5,1,18,NOCHE,COSTA,1,0,LEVE,0,0
CHOQUE,1,0,2,TACNA,TACNA,CORONEL GREGORIO ALBARRACIN LANCHIPA,URBANA,AVENIDA,URBANO,NO CORRESPONDE,-18.04112442669799,-70.26041407300062,NUBLADO,RESIDENCIAL,TRAMO RECTO,PLANA ,ASFALTADA,NO,SIN_DATO,SIN_DATO,SI,IMPRUDENCIA DEL CONDUCTOR,GIRAR IMPRUDENTEMENTE,2022,6,5,1,19,NOCHE,COSTA,1,0,LEVE,0,0
ATROPELLO FUGA,1,0,1,ICA,PISCO,INDEPENDENCIA,URBANA,CARRETERA,NACIONAL,PE-28A,-13.683217,-76.064119,DESPEJADO,ESCOLAR,TRAMO RECTO,PLANA ,ASFALTADA,SIN_DATO,SIN_DATO,SIN_DATO,SIN_DATO,EN PROCESO DE INVESTIGACIÓN,NO CUENTA CON CAUSA ESPECIFICA,2022,6,5,1,23,NOCHE,COSTA,1,0,LEVE,0,0
CHOQUE,1,0,2,UCAYALI,CORONEL PORTILLO,CALLERIA,RURAL,CARRETERA,NACIONAL,PE-18C,-8.40348,-74.625249,DESPEJADO,RURAL,TRAMO RECTO,PLANA ,ASFALTADA,SIN_DATO,SIN_DATO,SIN_DATO,SIN_DATO,IMPRUDENCIA DEL CONDUCTOR,CONDUCIR EN SENTIDO CONTRARIO,2022,6,5,1,23,NOCHE,SELVA,1,0,LEVE,0,0
ATROPELLO FUGA,1,0,1,LAMBAYEQUE,CHICLAYO,POMALCA,URBANA,CARRETERA,PROVINCIAL,LA-816,-6.770087,-79.778726,DESPEJADO,RURAL,TRAMO RECTO,PLANA ,ASFALTADA,SIN_DATO,SIN_DATO,SIN_DATO,SIN_DATO,EN PROCESO DE INVESTIGACIÓN,NO CUENTA CON CAUSA ESPECIFICA,2022,6,6,1,5,MADRUGADA,COSTA,1,0,LEVE,0,0
DESPISTE,2,0,1,LA LIBERTAD,PATAZ,PARCOY,RURAL,CARRETERA,SIN CLASIFICAR,SIN CLASIFICAR,-8.006153756652473,-77.4926367684348,DESPEJADO,RURAL,TRAMO RECTO,PLANA ,AFIRMADO,SIN_DATO,SIN_DATO,SIN_DATO,SIN_DATO,EN PROCESO DE INVESTIGACIÓN,NO CUENTA CON CAUSA ESPECIFICA,2022,6,6,1,8,MAÑANA,COSTA,2,0,GRAVE_MORTALIDAD,1,0
CHOQUE,1,0,2,TACNA,TACNA,CORONEL GREGORIO ALBARRACIN LANCHIPA,URBANA,AVENIDA,URBANO,NO CORRESPONDE,-18.087743500251914,-70.27674053177542,DESPEJADO,RESIDENCIAL,TRAMO RECTO,PLANA ,ASFALTADA,NO,SIN_DATO,SIN_DATO,SI,IMPRUDENCIA DEL CONDUCTOR,GIRAR IMPRUDENTEMENTE,2022,6,6,1,9,MAÑANA,COSTA,1,0,LEVE,0,0
CHOQUE,1,0,2,JUNIN,CHUPACA,SAN JUAN DE ISCOS,RURAL,CARRETERA,PROVINCIAL,JU-909,-12.103180975361571,-75.27531547056573,DESPEJADO,RURAL,TRAMO RECTO,PLANA ,ASFALTADA,SIN_DATO,SIN_DATO,SIN_DATO,SIN_DATO,IMPRUDENCIA DEL CONDUCTOR,EXCESO DE VELOCIDAD,2022,6,6,1,10,MAÑANA,SIERRA,1,0,LEVE,0,0
ATROPELLO,1,1,1,MADRE DE DIOS,TAMBOPATA,TAMBOPATA,URBANA,JIRÓN,URBANO,NO CORRESPONDE,-12.585664,-69.199273,SIN_DATO,SIN_DATO,SIN_DATO,SIN_DATO,SIN_DATO,SIN_DATO,SIN_DATO,SIN_DATO,SIN_DATO,EN PROCESO DE INVESTIGACIÓN,NO CUENTA CON CAUSA ESPECIFICA,2022,6,6,1,10,MAÑANA,SELVA,1,1,LEVE,0,0
ESPECIAL,1,0,1,PIURA,MORROPON,CHULUCANAS,RURAL,CARRETERA,SIN CLASIFICAR,SIN CLASIFICAR,-5.063142,-80.145299,DESPEJADO,RURAL,OTRO,INCLINADA,AFIRMADO,SIN_DATO,SIN_DATO,SIN_DATO,SIN_DATO,EN PROCESO DE INVESTIGACIÓN,NO CUENTA CON CAUSA ESPECIFICA,2022,6,6,1,17,TARDE,COSTA,1,0,LEVE,0,0
DESPISTE,1,0,1,CUSCO,CANCHIS,MARANGANI,RURAL,CARRETERA,NACIONAL,PE-3S,-14.395139,-71.134351,DESPEJADO,RURAL,TRAMO RECTO,PLANA ,ASFALTADA,SI,PREVENTIVA (P),SIN_DATO,SI,IMPRUDENCIA DEL CONDUCTOR,CONDUCIR EN ESTADO DE EBRIEDAD Y/O DROGADICCIÓN,2022,6,6,1,18,NOCHE,SIERRA,1,0,LEVE,0,0
ATROPELLO,1,0,1,LIMA,LIMA,SAN JUAN DE MIRAFLORES,URBANA,CARRETERA,NACIONAL,PE-1S,-12.175225937648378,-76.97774592276338,DESPEJADO,COMERCIAL,TRAMO RECTO,PLANA ,ASFALTADA,SIN_DATO,SIN_DATO,SIN_DATO,SIN_DATO,EN PROCESO DE INVESTIGACIÓN,NO CUENTA CON CAUSA ESPECIFICA,2022,6,6,1,18,NOCHE,COSTA,1,0,LEVE,0,0
CHOQUE,1,0,2,LIMA,BARRANCA,PARAMONGA,RURAL,CARRETERA,NACIONAL,PE-16,-10.64214973136169,-77.80167817048151,DESPEJADO,RURAL,TRAMO RECTO,PLANA ,ASFALTADA,SIN_DATO,SIN_DATO,SIN_DATO,SIN_DATO,EN PROCESO DE INVESTIGACIÓN,NO CUENTA CON CAUSA ESPECIFICA,2022,6,6,1,21,NOCHE,COSTA,1,0,LEVE,0,0
CHOQUE,1,0,1,MADRE DE DIOS,TAHUAMANU,TAHUAMANU,RURAL,CARRETERA,NACIONAL,PE-30C,-11.811876,-69.180757,SIN_DATO,SIN_DATO,SIN_DATO,SIN_DATO,SIN_DATO,SIN_DATO,SIN_DATO,SIN_DATO,SIN_DATO,EN PROCESO DE INVESTIGACIÓN,NO CUENTA CON CAUSA ESPECIFICA,2022,6,6,1,21,NOCHE,SELVA,1,0,LEVE,0,0
CHOQUE,1,0,2,LA LIBERTAD,CHEPEN,PACANGA,RURAL,CARRETERA,NACIONAL,PE-1N,-7.13939,-79.463869,DESPEJADO,RURAL,TRAMO RECTO,PLANA ,ASFALTADA,SIN_DATO,SIN_DATO,SIN_DATO,SIN_DATO,IMPRUDENCIA DEL CONDUCTOR,CONDUCIR EN ESTADO DE EBRIEDAD Y/O DROGADICCIÓN,2022,6,6,1,23,NOCHE,COSTA,1,0,LEVE,0,0
ATROPELLO FUGA,1,0,1,LIMA,LIMA,EL AGUSTINO,RURAL,CARRETERA,NACIONAL,PE-22,-12.03186857113612,-76.98848593151921,DESPEJADO,RURAL,TRAMO RECTO,PLANA ,ASFALTADA,SIN_DATO,SIN_DATO,SIN_DATO,SIN_DATO,EN PROCESO DE INVESTIGACIÓN,NO CUENTA CON CAUSA ESPECIFICA,2022,6,0,0,1,MADRUGADA,COSTA,1,0,LEVE,0,0
DESPISTE,1,0,1,LIMA,LIMA,CHACLACAYO,URBANA,CARRETERA,NACIONAL,PE-22,-11.978427911890416,-76.78207926382203,DESPEJADO,INDUSTRIAL,TRAMO RECTO,PLANA ,ASFALTADA,SIN_DATO,SIN_DATO,SIN_DATO,SIN_DATO,EN PROCESO DE INVESTIGACIÓN,NO CUENTA CON CAUSA ESPECIFICA,2022,6,0,0,2,MADRUGADA,COSTA,1,0,LEVE,0,0
DESPISTE,1,1,1,LIMA,LIMA,SAN BORJA,URBANA,AVENIDA,URBANO,NO CORRESPONDE,-12.111403465270996,-76.99590301513672,DESPEJADO,COMERCIAL,TRAMO RECTO,PLANA ,ASFALTADA,SIN_DATO,SIN_DATO,SIN_DATO,SIN_DATO,EN PROCESO DE INVESTIGACIÓN,NO CUENTA CON CAUSA ESPECIFICA,2022,6,0,0,3,MADRUGADA,COSTA,1,1,LEVE,0,0
DESPISTE,1,0,1,PUNO,LAMPA,SANTA LUCIA,RURAL,CARRETERA,NACIONAL,PE-34A,-15.6880311,-70.8102044,DESPEJADO,RURAL,CURVA,PLANA ,ASFALTADA,NO,SIN_DATO,SIN_DATO,SI,IMPRUDENCIA DEL CONDUCTOR,EXCESO DE VELOCIDAD,2022,6,0,0,4,MADRUGADA,SIERRA,1,0,LEVE,0,0
DESPISTE,1,0,1,LAMBAYEQUE,LAMBAYEQUE,LAMBAYEQUE,RURAL,CARRETERA,NACIONAL,PE-1N,-6.648391,-79.942871,DESPEJADO,RURAL,TRAMO RECTO,PLANA ,ASFALTADA,SIN_DATO,SIN_DATO,SIN_DATO,SIN_DATO,EN PROCESO DE INVESTIGACIÓN,NO CUENTA CON CAUSA ESPECIFICA,2022,6,0,0,6,MAÑANA,COSTA,1,0,LEVE,0,0
DESPISTE,1,2,1,AYACUCHO,HUANCA SANCOS,CARAPO,RURAL,CARRETERA,NACIONAL,PE-30D,-13.7773756952253,-74.3259621976569,DESPEJADO,RURAL,CURVA,INCLINADA,AFIRMADO,SI,PREVENTIVA (P),SIN_DATO,NO,NEGLIGENCIA DEL CONDUCTOR,CONDUCIR CON FALLAS DE FRENOS,2022,6,0,0,18,NOCHE,SIERRA,1,2,LEVE,0,0
CHOQUE,1,0,2,LA LIBERTAD,SANTIAGO DE CHUCO,QUIRUVILCA,RURAL,CARRETERA,NACIONAL,PE-3N,-7.998345,-78.307615,DESPEJADO,RURAL,TRAMO RECTO,PLANA ,ASFALTADA,SIN_DATO,SIN_DATO,SIN_DATO,SIN_DATO,EN PROCESO DE INVESTIGACIÓN,NO CUENTA CON CAUSA ESPECIFICA,2022,6,0,0,18,NOCHE,COSTA,1,0,LEVE,0,0
ATROPELLO,1,0,1,JUNIN,HUANCAYO,HUALHUAS,RURAL,CARRETERA,NACIONAL,PE-3S,-11.982411,-75.262406,DESPEJADO,RURAL,TRAMO RECTO,PLANA ,ASFALTADA,SIN_DATO,SIN_DATO,SIN_DATO,SIN_DATO,IMPRUDENCIA DEL PEATÓN,CRUCE INDEBIDO POR LA CALZADA,2022,6,0,0,19,NOCHE,SIERRA,1,0,LEVE,0,0