CLASE SINIESTRO,CANTIDAD DE FALLECIDOS,CANTIDAD DE LESIONADOS,CANTIDAD DE VEHICULOS DAÑADOS,DEPARTAMENTO,PROVINCIA,DISTRITO,ZONA,TIPO DE VÍA,RED VIAL,COD CARRETERA,COORDENADAS LATITUD,COORDENADAS  LONGITUD,CONDICIÓN CLIMÁTICA,ZONIFICACIÓN,CARACTERÍSTICAS DE VÍA,PERFIL LONGITUDINAL VÍA,SUPERFICIE DE CALZADA,¿EXISTE SEÑAL VERTICAL?,CLASIFICACIÓN DE LA SEÑAL VERTICAL Nº 1,CLASIFICACIÓN DE LA SEÑAL VERTICAL Nº 2,¿EXISTE SEÑAL HORIZONTAL?,CAUSA FACTOR PRINCIPAL,CAUSA ESPECÍFICA,AÑO,MES,DIA_SEMANA,ES_FIN_SEMANA,HORA_NUM,FRANJA_HORARIA,REGION_NATURAL,FALLECIDOS,LESIONADOS,CATEGORIA_SEVERIDAD,MORTALIDAD_MULTIPLE,LESION_MULTIPLE
DESPISTE,1,0,1,CAJAMARCA,CAJAMARCA,COSPAN,URBANA,CARRETERA,SIN CLASIFICAR,SIN CLASIFICAR,-7.47553218,-78.48339357,DESPEJADO,RURAL,TRAMO RECTO,PLANA ,ASFALTADA,SIN_DATO,SIN_DATO,SIN_DATO,SIN_DATO,EN PROCESO DE INVESTIGACIÓN,NO CUENTA CON CAUSA ESPECIFICA,2022,7,6,1,16,TARDE,SIERRA,1,0,LEVE,0,0
CHOQUE,2,2,4,JUNIN,HUANCAYO,PILCOMAYO,URBANA,AVENIDA,URBANO,NO CORRESPONDE,-12.05565008644459,-75.26356563031626,DESPEJADO,COMERCIAL,TRAMO RECTO,PLANA ,ASFALTADA,SIN_DATO,SIN_DATO,SIN_DATO,SIN_DATO,IMPRUDENCIA DEL CONDUCTOR,CONDUCIR EN ESTADO DE EBRIEDAD Y/O DROGADICCIÓN,2022,7,6,1,18,NOCHE,SIERRA,2,2,GRAVE_MORTALIDAD,1,0
ATROPELLO,1,2,1,PUNO,PUNO,PUNO,URBANA,CARRETERA,PROVINCIAL,PU-1093,-15.827552011713063,-70.0399982042656,DESPEJADO,COMERCIAL,TRAMO RECTO,PLANA ,ASFALTADA,SIN_DATO,SIN_DATO,SIN_DATO,SIN_DATO,IMPRUDENCIA DEL PEATÓN,ESTADO DE EBRIEDAD Y/O DROGADICCIÓN,2022,7,6,1,18,NOCHE,SIERRA,1,2,LEVE,0,0
ATROPELLO FUGA,1,0,1,LIMA,LIMA,VILLA EL SALVADOR,URBANA,CARRETERA,NACIONAL,PE-1S,-12.195246,-76.972876,DESPEJADO,COMERCIAL,TRAMO RECTO,PLANA ,ASFALTADA,SIN_DATO,SIN_DATO,SIN_DATO,SIN_DATO,EN PROCESO DE INVESTIGACIÓN,NO CUENTA CON CAUSA ESPECIFICA,2022,7,0,0,4,MADRUGADA,COSTA,1,0,LEVE,0,0
CHOQUE,1,0,2,SAN MARTIN,RIOJA,RIOJA,RURAL,CARRETERA,NACIONAL,PE-5N,-6.035245,-77.199399,NUBLADO,RURAL,TRAMO RECTO,PLANA ,ASFALTADA,SIN_DATO,SIN_DATO,SIN_DATO,SIN_DATO,IMPRUDENCIA DEL CONDUCTOR,OTRO (IMPRUDENCIA DEL CONDUCTOR),2022,7,0,0,5,MADRUGADA,SELVA,1,0,LEVE,0,0
DESPISTE,2,3,1,HUANCAVELICA,HUANCAVELICA,ACORIA,RURAL,CARRETERA,SIN CLASIFICAR,SIN CLASIFICAR,-12.602246,-74.89356,DESPEJADO,RURAL,CURVA,INCLINADA,AFIRMADO,SIN_DATO,SIN_DATO,SIN_DATO,SIN_DATO,EN PROCESO DE INVESTIGACIÓN,NO CUENTA CON CAUSA ESPECIFICA,2022,7,0,0,8,MAÑANA,SIERRA,2,3,GRAVE_MORTALIDAD,1,1
DESPISTE,1,2,1,HUANCAVELICA,ANGARAES,HUANCA-HUANCA,RURAL,CARRETERA,DEPARTAMENTAL,HV-108,-12.92037,-74.60971,DESPEJADO,RURAL,CURVA,INCLINADA,CASCAJO/RIPIO,SIN_DATO,SIN_DATO,SIN_DATO,SIN_DATO,EN PROCESO DE INVESTIGACIÓN,NO CUENTA CON CAUSA ESPECIFICA,2022,7,0,0,10,MAÑANA,SIERRA,1,2,LEVE,0,0
ATROPELLO,1,2,1,CUSCO,ANTA,ANCAHUASI,RURAL,CARRETERA,NACIONAL,PE-3S,-13.4625344678638,-72.2872897292519,DESPEJADO,RURAL,TRAMO RECTO,INCLINADA,ASFALTADA,SI,REGULADORA (R),SIN_DATO,SI,IMPRUDENCIA DEL PEATÓN,ESTADO DE EBRIEDAD Y/O DROGADICCIÓN,2022,7,0,0,18,NOCHE,SIERRA,1,2,LEVE,0,0
ATROPELLO,1,0,1,PUNO,PUNO,PAUCARCOLLA,RURAL,CARRETERA,NACIONAL,PE-3S,-15.6436849,-70.0829097,SOLEADO,RURAL,TRAMO RECTO,PLANA ,ASFALTADA,SIN_DATO,SIN_DATO,SIN_DATO,SIN_DATO,IMPRUDENCIA DEL PEATÓN,CRUCE INDEBIDO POR LA CALZADA,2022,7,0,0,20,NOCHE,SIERRA,1,0,LEVE,0,0
DESPISTE,1,0,1,PUNO,CHUCUITO,PISACOMA,RURAL,CARRETERA,DEPARTAMENTAL,PU-152,-16.84497,-69.320417,DESPEJADO,RURAL,TRAMO RECTO,PLANA ,ASFALTADA,SIN_DATO,SIN_DATO,SIN_DATO,SIN_DATO,IMPRUDENCIA DEL CONDUCTOR,EXCESO DE VELOCIDAD,2022,7,1,0,3,MADRUGADA,SIERRA,1,0,LEVE,0,0
DESPISTE,2,2,1,LA LIBERTAD,SANCHEZ CARRION,CHUGAY,RURAL,CARRETERA,PROVINCIAL,LI-901,-7.894453,-77.737723,DESPEJADO,RURAL,TRAMO RECTO,PLANA ,TROCHA,SIN_DATO,SIN_DATO,SIN_DATO,SIN_DATO,IMPRUDENCIA DEL CONDUCTOR,OTRO (IMPRUDENCIA DEL CONDUCTOR),2022,7,1,0,9,MAÑANA,COSTA,2,2,GRAVE_MORTALIDAD,1,0
ATROPELLO,1,0,1,JUNIN,CHANCHAMAYO,PICHANAQUI,URBANA,JIRÓN,URBANO,NO CORRESPONDE,-10.925326459463628,-74.86886498178698,SIN_DATO,SIN_DATO,SIN_DATO,SIN_DATO,SIN_DATO,SIN_DATO,SIN_DATO,SIN_DATO,SIN_DATO,EN PROCESO DE INVESTIGACIÓN,NO CUENTA CON CAUSA ESPECIFICA,2022,7,1,0,9,MAÑANA,SIERRA,1,0,LEVE,0,0
ATROPELLO FUGA,1,0,1,LIMA,LIMA,SANTA ANITA,URBANA,AVENIDA,URBANO,NO CORRESPONDE,-12.042063440615488,-76.96575702002707,DESPEJADO,COMERCIAL,TRAMO RECTO,PLANA ,ASFALTADA,SIN_DATO,SIN_DATO,SIN_DATO,SIN_DATO,EN PROCESO DE INVESTIGACIÓN,NO CUENTA CON CAUSA ESPECIFICA,2022,7,1,0,20,NOCHE,COSTA,1,0,LEVE,0,0
CHOQUE,1,0,2,LIMA,HUAURA,HUACHO,URBANA,CARRETERA,NACIONAL,PE-1N,-11.120190190215116,-77.59397243294644,DESPEJADO,RESIDENCIAL,INTERSECCIÓN,PLANA ,ASFALTADA,SI,REGULADORA (R),PREVENTIVA (P),NO,IMPRUDENCIA DEL CONDUCTOR,NO ESTABLECER EL DERECHO DE PASO,2022,7,2,0,5,MADRUGADA,COSTA,1,0,LEVE,0,0
ATROPELLO,1,0,1,LIMA,LIMA,SAN JUAN DE MIRAFLORES,URBANA,AVENIDA,URBANO,NO CORRESPONDE,-12.16751676734652,-76.97859942866633,DESPEJADO,COMERCIAL,TRAMO RECTO,PLANA ,ASFALTADA,SI,PREVENTIVA (P),SIN_DATO,NO,EN PROCESO DE INVESTIGACIÓN,NO CUENTA CON CAUSA ESPECIFICA,2022,7,2,0,11,MAÑANA,COSTA,1,0,LEVE,0,0
ATROPELLO,1,0,1,JUNIN,HUANCAYO,EL TAMBO,RURAL,CARRETERA,NACIONAL,PE-3S,-12.053836,-75.224944,DESPEJADO,COMERCIAL,TRAMO RECTO,PLANA ,ASFALTADA,SIN_DATO,SIN_DATO,SIN_DATO,SIN_DATO,IMPRUDENCIA DEL PEATÓN,CRUCE INDEBIDO POR LA CALZADA,2022,7,2,0,12,TARDE,SIERRA,1,0,LEVE,0,0
DESPISTE,1,0,1,CUSCO,LA CONVENCION,SANTA TERESA,RURAL,CARRETERA,DEPARTAMENTAL,CU-109,-13.2786957,-72.6506313,DESPEJADO,RURAL,CURVA,INCLINADA,AFIRMADO,SIN_DATO,SIN_DATO,SIN_DATO,SIN_DATO,IMPRUDENCIA DEL CONDUCTOR,OTRO (IMPRUDENCIA DEL CONDUCTOR),2022,7,2,0,15,TARDE,SIERRA,1,0,LEVE,0,0
CHOQUE,1,0,2,UCAYALI,CORONEL PORTILLO,CALLERIA,RURAL,CARRETERA,NACIONAL,PE-18C,-8.395968,-74.595744,DESPEJADO,RURAL,TRAMO RECTO,PLANA ,ASFALTADA,SIN_DATO,SIN_DATO,SIN_DATO,SIN_DATO,IMPRUDENCIA DEL CONDUCTOR,ADELANTAR INDEBIDAMENTE,2022,7,2,0,16,TARDE,SELVA,1,0,LEVE,0,0
CHOQUE,1,1,2,ICA,PISCO,SAN CLEMENTE,RURAL,CARRETERA,NACIONAL,PE-1SE,-13.654171,-76.17378,DESPEJADO,RURAL,TRAMO RECTO,PLANA ,ASFALTADA,SIN_DATO,SIN_DATO,SIN_DATO,SIN_DATO,IMPRUDENCIA DEL CONDUCTOR,ADELANTAR INDEBIDAMENTE,2022,7,2,0,17,TARDE,COSTA,1,1,LEVE,0,0
CHOQUE,1,0,2,CUSCO,ESPINAR,OCORURO,RURAL,CARRETERA,NACIONAL,PE-34J,-15.1313954,-71.1118835,DESPEJADO,RURAL,TRAMO RECTO,PLANA ,ASFALTADA,SIN_DATO,SIN_DATO,SIN_DATO,SIN_DATO,IMPRUDENCIA DEL CONDUCTOR,EXCESO DE VELOCIDAD,2022,7,2,0,19,NOCHE,SIERRA,1,0,LEVE,0,0
CHOQUE,1,0,2,CUSCO,ESPINAR,ESPINAR,RURAL,CARRETERA,NACIONAL,PE-3SW,-14.821055,-71.44522,DESPEJADO,RURAL,TRAMO RECTO,PLANA ,ASFALTADA,SIN_DATO,SIN_DATO,SIN_DATO,SIN_DATO,IMPRUDENCIA DEL CONDUCTOR,INVASIÓN DE CARRIL,2022,7,2,0,20,NOCHE,SIERRA,1,0,LEVE,0,0
CHOQUE,1,0,1,ANCASH,CASMA,CASMA,RURAL,CARRETERA,NACIONAL,PE-1N,-9.498109,-78.27814,DESPEJADO,RURAL,TRAMO RECTO,PLANA ,ASFALTADA,SIN_DATO,SIN_DATO,SIN_DATO,SIN_DATO,EN PROCESO DE INVESTIGACIÓN,NO CUENTA CON CAUSA ESPECIFICA,2022,7,2,0,22,NOCHE,SIERRA,1,0,LEVE,0,0
ATROPELLO,1,0,1,PIURA,PIURA,CATACAOS,RURAL,CARRETERA,NACIONAL,PE-1NK,-5.271768,-80.673933,DESPEJADO,RURAL,TRAMO RECTO,PLANA ,ASFALTADA,SIN_DATO,SIN_DATO,SIN_DATO,SIN_DATO,EN PROCESO DE INVESTIGACIÓN,NO CUENTA CON CAUSA ESPECIFICA,2022,7,2,0,23,NOCHE,COSTA,1,0,LEVE,0,0
CHOQUE,1,0,1,PUNO,HUANCANE,HUANCANE,RURAL,CARRETERA,NACIONAL,PE-34H,-15.1432686,-69.8198488,DESPEJADO,RURAL,TRAMO RECTO,PLANA ,ASFALTADA,SIN_DATO,SIN_DATO,SIN_DATO,SIN_DATO,IMPRUDENCIA DEL CONDUCTOR,EXCESO DE VELOCIDAD,2022,7,2,0,23,NOCHE,SIERRA,1,0,LEVE,0,0
CHOQUE,1,1,2,ICA,PISCO,SAN ANDRES,URBANA,CARRETERA,NACIONAL,PE-1S,-13.721737021950393,-76.15562898657214,DESPEJADO,RURAL,TRAMO RECTO,PLANA ,ASFALTADA,SIN_DATO,SIN_DATO,SIN_DATO,SIN_DATO,IMPRUDENCIA DEL CONDUCTOR,ADELANTAR INDEBIDAMENTE,2022,7,3,0,5,MADRUGADA,COSTA,1,1,LEVE,0,0
CHOQUE,1,0,2,PUNO,CHUCUITO,HUACULLANI,RURAL,CARRETERA,NACIONAL,PE-36A,-16.593188,-69.377548,DESPEJADO,RURAL,TRAMO RECTO,PLANA ,ASFALTADA,SIN_DATO,SIN_DATO,SIN_DATO,SIN_DATO,IMPRUDENCIA DEL CONDUCTOR,FATIGA Y/O CANSANCIO,2022,7,3,0,8,MAÑANA,SIERRA,1,0,LEVE,0,0
CHOQUE,2,1,2,AYACUCHO,HUAMANGA,CARMEN ALTO,RURAL,CARRETERA,NACIONAL,PE-3S,-13.209896264100284,-74.22590733364764,DESPEJADO,RURAL,CURVA,INCLINADA,ASFALTADA,SIN_DATO,SIN_DATO,SIN_DATO,SIN_DATO,IMPRUDENCIA DEL CONDUCTOR,EXCESO DE VELOCIDAD,2022,7,3,0,15,TARDE,SIERRA,2,1,GRAVE_MORTALIDAD,1,0
CHOQUE,1,0,3,PUNO,SAN ROMAN,JULIACA,RURAL,CARRETERA,DEPARTAMENTAL,PU-124,-15.4304877,-70.3009436,DESPEJADO,RURAL,TRAMO RECTO,PLANA ,ASFALTADA,SIN_DATO,SIN_DATO,SIN_DATO,SIN_DATO,IMPRUDENCIA DEL CONDUCTOR,CONDUCIR EN ESTADO DE EBRIEDAD Y/O DROGADICCIÓN,2022,7,4,0,18,NOCHE,SIERRA,1,0,LEVE,0,0
ATROPELLO FUGA,1,0,1,ANCASH,SANTA,CHIMBOTE,URBANA,AVENIDA,URBANO,NO CORRESPONDE,-9.074447982735784,-78.57710554635807,DESPEJADO,COMERCIAL,TRAMO RECTO,PLANA ,ASFALTADA,SIN_DATO,SIN_DATO,SIN_DATO,SIN_DATO,EN PROCESO DE INVESTIGACIÓN,NO CUENTA CON CAUSA ESPECIFICA,2022,7,4,0,20,NOCHE,SIERRA,1,0,LEVE,0,0
ATROPELLO,1,0,1,LA LIBERTAD,TRUJILLO,VICTOR LARCO HERRERA,URBANA,CARRETERA,NACIONAL,PE-1N,-8.143138,-79.049077,DESPEJADO,RESIDENCIAL,TRAMO RECTO,PLANA ,ASFALTADA,SIN_DATO,SIN_DATO,SIN_DATO,SIN_DATO,NEGLIGENCIA DEL CONDUCTOR,OTRO (NEGLIGENCIA DEL CONDUCTOR),2022,7,4,0,20,NOCHE,COSTA,1,0,LEVE,0,0
DESPISTE,1,0,1,LIMA,LIMA,CARABAYLLO,URBANA,AVENIDA,URBANO,NO CORRESPONDE,-11.856792824116663,-77.04370578717374,DESPEJADO,RESIDENCIAL,TRAMO RECTO,PLANA ,ASFALTADA,NO,SIN_DATO,SIN_DATO,SI,EN PROCESO DE INVESTIGACIÓN,NO CUENTA CON CAUSA ESPECIFICA,2022,7,5,1,16,TARDE,COSTA,1,0,LEVE,0,0
DESPISTE,1,2,1,JUNIN,YAULI,LA OROYA,URBANA,CARRETERA,NACIONAL,PE-3S,-11.530042812309487,-75.89507774491513,DESPEJADO,COMERCIAL,TRAMO RECTO,PLANA ,ASFALTADA,NO,SIN_DATO,SIN_DATO,SI,IMPRUDENCIA DEL CONDUCTOR,EXCESO DE VELOCIDAD,2022,7,5,1,17,TARDE,SIERRA,1,2,LEVE,0,0
DESPISTE,1,0,1,LAMBAYEQUE,CHICLAYO,PIMENTEL,RURAL,CARRETERA,SIN CLASIFICAR,SIN CLASIFICAR,-6.826392,-79.936177,DESPEJADO,RURAL,TRAMO RECTO,PLANA ,TROCHA,SIN_DATO,SIN_DATO,SIN_DATO,SIN_DATO,EN PROCESO DE INVESTIGACIÓN,NO CUENTA CON CAUSA ESPECIFICA,2022,7,5,1,22,NOCHE,COSTA,1,0,LEVE,0,0
CHOQUE FUGA,1,1,2,LA LIBERTAD,VIRU,VIRU,RURAL,CARRETERA,NACIONAL,PE-1N,-8.405742,-78.826346,DESPEJADO,RURAL,TRAMO RECTO,PLANA ,ASFALTADA,SIN_DATO,SIN_DATO,SIN_DATO,SIN_DATO,IMPRUDENCIA DEL CONDUCTOR,OTRO (IMPRUDENCIA DEL CONDUCTOR),2022,7,5,1,23,NOCHE,COSTA,1,1,LEVE,0,0
ATROPELLO,1,0,1,MADRE DE DIOS,TAHUAMANU,IBERIA,URBANA,AVENIDA,URBANO,NO CORRESPONDE,-11.405563,-69.490785,SIN_DATO,SIN_DATO,SIN_DATO,SIN_DATO,SIN_DATO,SIN_DATO,SIN_DATO,SIN_DATO,SIN_DATO,EN PROCESO DE INVESTIGACIÓN,NO CUENTA CON CAUSA ESPECIFICA,2022,7,5,1,23,NOCHE,SELVA,1,0,LEVE,0,0
CHOQUE,1,1,2,LA LIBERTAD,VIRU,VIRU,RURAL,CARRETERA,NACIONAL,PE-1N,-8.41160984395962,-78.8027982981897,DESPEJADO,RURAL,TRAMO RECTO,PLANA ,ASFALTADA,SIN_DATO,SIN_DATO,SIN_DATO,SIN_DATO,EN PROCESO DE INVESTIGACIÓN,NO CUENTA CON CAUSA ESPECIFICA,2022,7,6,1,2,MADRUGADA,COSTA,1,1,LEVE,0,0
DESPISTE,1,0,1,LORETO,LORETO,NAUTA,URBANA,CARRETERA,DEPARTAMENTAL,LO-103,-4.49912742815901,-73.5906953690642,DESPEJADO,RURAL,TRAMO RECTO,PLANA ,ASFALTADA,SIN_DATO,SIN_DATO,SIN_DATO,SIN_DATO,IMPRUDENCIA DEL CONDUCTOR,CONDUCIR EN ESTADO DE EBRIEDAD Y/O DROGADICCIÓN,2022,7,6,1,2,MADRUGADA,SELVA,1,0,LEVE,0,0
CHOQUE,2,0,2,CAJAMARCA,JAEN,JAEN,RURAL,CARRETERA,NACIONAL,PE-5N,-5.67933,-78.781723,DESPEJADO,RURAL,TRAMO RECTO,PLANA ,ASFALTADA,SIN_DATO,SIN_DATO,SIN_DATO,SIN_DATO,EN PROCESO DE INVESTIGACIÓN,NO CUENTA CON CAUSA ESPECIFICA,2022,7,6,1,2,MADRUGADA,SIERRA,2,0,GRAVE_MORTALIDAD,1,0
ATROPELLO,1,0,1,JUNIN,CHANCHAMAYO,CHANCHAMAYO,RURAL,CARRETERA,NACIONAL,PE-22B,-11.05921439028324,-75.33461923908422,DESPEJADO,COMERCIAL,INTERSECCIÓN,PLANA ,ASFALTADA,SIN_DATO,SIN_DATO,SIN_DATO,SIN_DATO,IMPRUDENCIA DEL PEATÓN,CRUCE INDEBIDO POR LA CALZADA,2022,7,6,1,4,MADRUGADA,SIERRA,1,0,LEVE,0,0
DESPISTE,1,0,1,LIMA,HUAURA,SANTA MARIA,RURAL,CARRETERA,NACIONAL,PE-1N,-11.07249,-77.58434,DESPEJADO,RURAL,TRAMO RECTO,PLANA ,ASFALTADA,SIN_DATO,SIN_DATO,SIN_DATO,SIN_DATO,EN PROCESO DE INVESTIGACIÓN,NO CUENTA CON CAUSA ESPECIFICA,2022,7,6,1,6,MAÑANA,COSTA,1,0,LEVE,0,0
ATROPELLO FUGA,1,0,1,LA LIBERTAD,TRUJILLO,TRUJILLO,URBANA,AVENIDA,URBANO,NO CORRESPONDE,-8.101958,-79.010376,DESPEJADO,COMERCIAL,TRAMO RECTO,PLANA ,ASFALTADA,SIN_DATO,SIN_DATO,SIN_DATO,SIN_DATO,IMPRUDENCIA DEL CONDUCTOR,ADELANTAR INDEBIDAMENTE,2022,7,6,1,9,MAÑANA,COSTA,1,0,LEVE,0,0
DESPISTE,1,0,1,LIMA,LIMA,SANTA ROSA,URBANA,AVENIDA,URBANO,NO CORRESPONDE,-11.820243826335124,-77.16471071632888,DESPEJADO,RESIDENCIAL,TRAMO RECTO,INCLINADA,ASFALTADA,SIN_DATO,SIN_DATO,SIN_DATO,SIN_DATO,EN PROCESO DE INVESTIGACIÓN,NO CUENTA CON CAUSA ESPECIFICA,2022,7,6,1,17,TARDE,COSTA,1,0,LEVE,0,0
ATROPELLO,1,0,1,LAMBAYEQUE,LAMBAYEQUE,MOTUPE,URBANA,CARRETERA,PROVINCIAL,LA-554,-6.31295,-79.76329,DESPEJADO,RESIDENCIAL,OTRO,PLANA ,AFIRMADO,SIN_DATO,SIN_DATO,SIN_DATO,SIN_DATO,EN PROCESO DE INVESTIGACIÓN,NO CUENTA CON CAUSA ESPECIFICA,2022,7,6,1,17,TARDE,COSTA,1,0,LEVE,0,0
CHOQUE,1,0,2,CUSCO,LA CONVENCION,SANTA ANA,RURAL,CARRETERA,NACIONAL,PE-28B,-12.8943499,-72.685834,DESPEJADO,RURAL,CURVA,INCLINADA,ASFALTADA,SI,PREVENTIVA (P),SIN_DATO,SI,IMPRUDENCIA DEL CONDUCTOR,INVASIÓN DE CARRIL,2022,7,6,1,18,NOCHE,SIERRA,1,0,LEVE,0,0
ATROPELLO,1,0,0,LIMA,LIMA,VILLA EL SALVADOR,URBANA,AVENIDA,URBANO,NO CORRESPONDE,-12.213319275793808,-76.93667170357406,DESPEJADO,COMERCIAL,INTERSECCIÓN,PLANA ,ASFALTADA,SIN_DATO,SIN_DATO,SIN_DATO,SIN_DATO,EN PROCESO DE INVESTIGACIÓN,NO CUENTA CON CAUSA ESPECIFICA,2022,7,6,1,20,NOCHE,COSTA,1,0,LEVE,0,0
CHOQUE,1,0,2,PIURA,PIURA,PIURA,RURAL,CARRETERA,SIN CLASIFICAR,SIN CLASIFICAR,-5.15771,-80.62398,DESPEJADO,RURAL,TRAMO RECTO,PLANA ,ASFALTADA,SIN_DATO,SIN_DATO,SIN_DATO,SIN_DATO,IMPRUDENCIA DEL CONDUCTOR,EXCESO DE VELOCIDAD,2022,7,6,1,20,NOCHE,COSTA,1,0,LEVE,0,0
ATROPELLO FUGA,1,0,1,LIMA,HUAURA,HUAURA,RURAL,CARRETERA,NACIONAL,PE-1N,-11.06574,-77.58729,DESPEJADO,RURAL,TRAMO RECTO,PLANA ,ASFALTADA,SIN_DATO,SIN_DATO,SIN_DATO,SIN_DATO,IMPRUDENCIA DEL PEATÓN,ESTADO DE EBRIEDAD Y/O DROGADICCIÓN,2022,7,6,1,20,NOCHE,COSTA,1,0,LEVE,0,0
ATROPELLO,1,0,0,ICA,ICA,ICA,URBANA,AVENIDA,URBANO,NO CORRESPONDE,-14.064776916467514,-75.7333472156861,DESPEJADO,ESCOLAR,TRAMO RECTO,PLANA ,ASFALTADA,SIN_DATO,SIN_DATO,SIN_DATO,SIN_DATO,IMPRUDENCIA DEL PEATÓN,OTRO (IMPRUDENCIA DEL PEATÓN),2022,7,0,0,3,MADRUGADA,COSTA,1,0,LEVE,0,0
CHOQUE,1,1,2,TUMBES,ZARUMILLA,ZARUMILLA,RURAL,CARRETERA,NACIONAL,PE-1NO,-3.5042908551342644,-80.28501209300856,DESPEJADO,RURAL,TRAMO RECTO,PLANA ,ASFALTADA,SIN_DATO,SIN_DATO,SIN_DATO,SIN_DATO,IMPRUDENCIA DEL CONDUCTOR,CONDUCIR EN SENTIDO CONTRARIO,2022,7,0,0,5,MADRUGADA,COSTA,1,1,LEVE,0,0
CHOQUE,1,0,1,PIURA,MORROPON,LA MATANZA,RURAL,CARRETERA,NACIONAL,PE-1NJ,-5.199792,-80.125745,DESPEJADO,RURAL,TRAMO RECTO,PLANA ,ASFALTADA,SIN_DATO,SIN_DATO,SIN_DATO,SIN_DATO,EN PROCESO DE INVESTIGACIÓN,NO CUENTA CON CAUSA ESPECIFICA,2022,7,0,0,5,MADRUGADA,COSTA,1,0,LEVE,0,0
CHOQUE,1,1,2,CUSCO,ESPINAR,COPORAQUE,RURAL,CARRETERA,NACIONAL,PE-3SW,-14.798321,-71.523037,DESPEJADO,RURAL,TRAMO RECTO,INCLINADA,ASFALTADA,SIN_DATO,SIN_DATO,SIN_DATO,SIN_DATO,EN PROCESO DE INVESTIGACIÓN,NO CUENTA CON CAUSA ESPECIFICA,2022,7,0,0,9,MAÑANA,SIERRA,1,1,LEVE,0,0
CHOQUE,1,0,2,PIURA,TALARA,PARIÑAS,URBANA,AVENIDA,URBANO,NO CORRESPONDE,-4.577032524280168,-81.26445314319194,DESPEJADO,RURAL,TRAMO RECTO,PLANA ,ASFALTADA,SIN_DATO,SIN_DATO,SIN_DATO,SIN_DATO,IMPRUDENCIA DEL CONDUCTOR,OTRO (IMPRUDENCIA DEL CONDUCTOR),2022,7,0,0,10,MAÑANA,COSTA,1,0,LEVE,0,0
DESPISTE,1,0,1,PIURA,PIURA,VEINTISEIS DE OCTUBRE,URBANA,AVENIDA,URBANO,NO CORRESPONDE,-5.180676,-80.663611,DESPEJADO,ESCOLAR,TRAMO RECTO,PLANA ,ASFALTADA,SI,REGULADORA (R),SIN_DATO,NO,EN PROCESO DE INVESTIGACIÓN,NO CUENTA CON CAUSA ESPECIFICA,2022,7,0,0,17,TARDE,COSTA,1,0,LEVE,0,0
ATROPELLO,1,0,1,CUSCO,ANTA,CACHIMAYO,RURAL,CARRETERA,NACIONAL,PE-28F,-13.4868578,-72.05602,DESPEJADO,RURAL,TRAMO RECTO,INCLINADA,ASFALTADA,SI,REGULADORA (R),SIN_DATO,SI,IMPRUDENCIA DEL PEATÓN,ESTADO DE EBRIEDAD Y/O DROGADICCIÓN,2022,7,0,0,19,NOCHE,SIERRA,1,0,LEVE,0,0
ATROPELLO FUGA,1,0,1,CUSCO,CANCHIS,MARANGANI,RURAL,CARRETERA,NACIONAL,PE-3S,-14.402531,-71.133024,DESPEJADO,RURAL,TRAMO RECTO,PLANA ,ASFALTADA,SIN_DATO,SIN_DATO,SIN_DATO,SIN_DATO,EN PROCESO DE INVESTIGACIÓN,NO CUENTA CON CAUSA ESPECIFICA,2022,7,0,0,19,NOCHE,SIERRA,1,0,LEVE,0,0
CHOQUE FUGA,1,0,2,TUMBES,ZARUMILLA,ZARUMILLA,RURAL,CARRETERA,NACIONAL,PE-1N,-3.5140786247308133,-80.25758482125407,DESPEJADO,RURAL,TRAMO RECTO,PLANA ,ASFALTADA,SIN_DATO,SIN_DATO,SIN_DATO,SIN_DATO,IMPRUDENCIA DEL CONDUCTOR,INVASIÓN DE CARRIL,2022,7,0,0,23,NOCHE,COSTA,1,0,LEVE,0,0
CHOQUE,1,3,1,AYACUCHO,HUANTA,LURICOCHA,RURAL,CARRETERA,NACIONAL,PE-3S,-12.90620418,-74.31250074,DESPEJADO,RURAL,SINUOSA,INCLINADA,ASFALTADA,SI,PREVENTIVA (P),SIN_DATO,SI,IMPRUDENCIA DEL CONDUCTOR,EXCESO DE VELOCIDAD,2022,7,1,0,6,MAÑANA,SIERRA,1,3,GRAVE_LESIONADOS,0,1
DESPISTE,1,0,1,PIURA,SULLANA,LANCONES,RURAL,CARRETERA,NACIONAL,PE-1NN,-4.512467200096413,-80.44880933132615,DESPEJADO,RURAL,TRAMO RECTO,PLANA ,ASFALTADA,SIN_DATO,SIN_DATO,SIN_DATO,SIN_DATO,EN PROCESO DE INVESTIGACIÓN,NO CUENTA CON CAUSA ESPECIFICA,2022,7,1,0,10,MAÑANA,COSTA,1,0,LEVE,0,0
CHOQUE,1,0,2,LIMA,LIMA,SAN MARTIN DE PORRES,URBANA,AVENIDA,URBANO,NO CORRESPONDE,-11.963909184597515,-77.09262688356262,DESPEJADO,RESIDENCIAL,TRAMO RECTO,PLANA ,ASFALTADA,SIN_DATO,SIN_DATO,SIN_DATO,SIN_DATO,EN PROCESO DE INVESTIGACIÓN,NO CUENTA CON CAUSA ESPECIFICA,2022,7,1,0,14,TARDE,COSTA,1,0,LEVE,0,0
ATROPELLO,1,0,0,CUSCO,CUSCO,CUSCO,URBANA,AVENIDA,URBANO,NO CORRESPONDE,-13.5106128,-71.9943181,DESPEJADO,COMERCIAL,TRAMO RECTO,INCLINADA,ASFALTADA,SI,INFORMATIVA (I),PREVENTIVA (P),SI,IMPRUDENCIA DEL PEATÓN,ESTADO DE EBRIEDAD Y/O DROGADICCIÓN,2022,7,1,0,19,NOCHE,SIERRA,1,0,LEVE,0,0