CLASE SINIESTRO,CANTIDAD DE FALLECIDOS,CANTIDAD DE LESIONADOS,CANTIDAD DE VEHICULOS DAÑADOS,DEPARTAMENTO,PROVINCIA,DISTRITO,ZONA,TIPO DE VÍA,RED VIAL,COD CARRETERA,COORDENADAS LATITUD,COORDENADAS  LONGITUD,CONDICIÓN CLIMÁTICA,ZONIFICACIÓN,CARACTERÍSTICAS DE VÍA,PERFIL LONGITUDINAL VÍA,SUPERFICIE DE CALZADA,¿EXISTE SEÑAL VERTICAL?,CLASIFICACIÓN DE LA SEÑAL VERTICAL Nº 1,CLASIFICACIÓN DE LA SEÑAL VERTICAL Nº 2,¿EXISTE SEÑAL HORIZONTAL?,CAUSA FACTOR PRINCIPAL,CAUSA ESPECÍFICA,AÑO,MES,DIA_SEMANA,ES_FIN_SEMANA,HORA_NUM,FRANJA_HORARIA,REGION_NATURAL,FALLECIDOS,LESIONADOS,CATEGORIA_SEVERIDAD,MORTALIDAD_MULTIPLE,LESION_MULTIPLE
DESPISTE,1,0,1,PUNO,CHUCUITO,JULI,RURAL,CARRETERA,DEPARTAMENTAL,PU-129,-16.379705,-69.458217,DESPEJADO,RURAL,TRAMO RECTO,PLANA ,ASFALTADA,SIN_DATO,SIN_DATO,SIN_DATO,SIN_DATO,IMPRUDENCIA DEL CONDUCTOR,OTRO (IMPRUDENCIA DEL CONDUCTOR),2022,8,2,0,16,TARDE,SIERRA,1,0,LEVE,0,0
CHOQUE,1,3,2,PUNO,SAN ROMAN,CABANILLAS,RURAL,CARRETERA,NACIONAL,PE-34A,-15.6790683,-70.4039444,DESPEJADO,RURAL,TRAMO RECTO,PLANA ,ASFALTADA,SIN_DATO,SIN_DATO,SIN_DATO,SIN_DATO,IMPRUDENCIA DEL CONDUCTOR,EXCESO DE VELOCIDAD,2022,8,2,0,17,TARDE,SIERRA,1,3,GRAVE_LESIONADOS,0,1
DESPISTE,1,1,1,CAJAMARCA,CAJABAMBA,CACHACHI,RURAL,CARRETERA,DEPARTAMENTAL,CA-111,-7.67072728566203,-78.1956085437724,DESPEJADO,RURAL,CURVA,INCLINADA,AFIRMADO,SIN_DATO,SIN_DATO,SIN_DATO,SIN_DATO,EN PROCESO DE INVESTIGACIÓN,NO CUENTA CON CAUSA ESPECIFICA,2022,8,2,0,20,NOCHE,SIERRA,1,1,LEVE,0,0
DESPISTE,1,2,1,ICA,ICA,SALAS,URBANA,CARRETERA,NACIONAL,PE-1S,-13.934904228274034,-75.86539410116751,DESPEJADO,COMERCIAL,TRAMO RECTO,PLANA ,ASFALTADA,SIN_DATO,SIN_DATO,SIN_DATO,SIN_DATO,EN PROCESO DE INVESTIGACIÓN,NO CUENTA CON CAUSA ESPECIFICA,2022,8,2,0,22,NOCHE,COSTA,1,2,LEVE,0,0
ATROPELLO FUGA,1,0,1,LIMA,BARRANCA,SUPE PUERTO,RURAL,CARRETERA,DEPARTAMENTAL,LM-100,-10.788253249457956,-77.7418373172005,LLUVIOSO,RURAL,TRAMO RECTO,PLANA ,ASFALTADA,SIN_DATO,SIN_DATO,SIN_DATO,SIN_DATO,EN PROCESO DE INVESTIGACIÓN,NO CUENTA CON CAUSA ESPECIFICA,2022,8,3,0,3,MADRUGADA,COSTA,1,0,LEVE,0,0
CHOQUE,1,0,2,PASCO,PASCO,HUARIACA,URBANA,CARRETERA,NACIONAL,PE-3N,-10.43900461819994,-76.19083504719426,DESPEJADO,COMERCIAL,SINUOSA,INCLINADA,ASFALTADA,SI,INFORMATIVA (I),SIN_DATO,SI,EN PROCESO DE INVESTIGACIÓN,NO CUENTA CON CAUSA ESPECIFICA,2022,8,3,0,9,MAÑANA,SIERRA,1,0,LEVE,0,0
DESPISTE,1,1,1,JUNIN,JAUJA,CURICACA,RURAL,CARRETERA,NACIONAL,PE-3S,-11.79082920119049,-75.6894009748328,DESPEJADO,RURAL,TRAMO RECTO,PLANA ,ASFALTADA,SIN_DATO,SIN_DATO,SIN_DATO,SIN_DATO,IMPRUDENCIA DEL CONDUCTOR,EXCESO DE VELOCIDAD,2022,8,3,0,13,TARDE,SIERRA,1,1,LEVE,0,0
DESPISTE,1,0,1,CUSCO,CUSCO,SANTIAGO,URBANA,CALLE,URBANO,NO CORRESPONDE,-13.5556578,-71.993234,DESPEJADO,RURAL,CURVA,PLANA ,AFIRMADO,SIN_DATO,SIN_DATO,SIN_DATO,SIN_DATO,IMPRUDENCIA DEL CONDUCTOR,CONDUCIR EN ESTADO DE EBRIEDAD Y/O DROGADICCIÓN,2022,8,3,0,15,TARDE,SIERRA,1,0,LEVE,0,0
VOLCADURA,1,0,2,JUNIN,SATIPO,SATIPO,URBANA,AVENIDA,URBANO,NO CORRESPONDE,-11.246691446130065,-74.63410193442701,DESPEJADO,COMERCIAL,INTERSECCIÓN,PLANA ,ASFALTADA,SIN_DATO,SIN_DATO,SIN_DATO,SIN_DATO,IMPRUDENCIA DEL CONDUCTOR,EXCESO DE VELOCIDAD,2022,8,3,0,17,TARDE,SIERRA,1,0,LEVE,0,0
VOLCADURA,1,0,1,CAJAMARCA,CAJAMARCA,LOS BAÑOS DEL INCA,RURAL,CARRETERA,NACIONAL,PE-08B,-7.16498167,-78.475735,DESPEJADO,RURAL,TRAMO RECTO,PLANA ,ASFALTADA,SIN_DATO,SIN_DATO,SIN_DATO,SIN_DATO,EN PROCESO DE INVESTIGACIÓN,NO CUENTA CON CAUSA ESPECIFICA,2022,8,3,0,23,NOCHE,SIERRA,1,0,LEVE,0,0
CHOQUE,1,0,2,LIMA,LIMA,LOS OLIVOS,URBANA,AVENIDA,URBANO,NO CORRESPONDE,-11.971734808491217,-77.07560017434432,DESPEJADO,COMERCIAL,TRAMO RECTO,PLANA ,ASFALTADA,SIN_DATO,SIN_DATO,SIN_DATO,SIN_DATO,EN PROCESO DE INVESTIGACIÓN,NO CUENTA CON CAUSA ESPECIFICA,2022,8,4,0,3,MADRUGADA,COSTA,1,0,LEVE,0,0
ATROPELLO,1,0,0,CUSCO,QUISPICANCHI,OCONGATE,RURAL,CARRETERA,PROVINCIAL,CU-1393,-13.6672,-71.3583,DESPEJADO,RURAL,TRAMO RECTO,PLANA ,TROCHA,SIN_DATO,SIN_DATO,SIN_DATO,SIN_DATO,EN PROCESO DE INVESTIGACIÓN,NO CUENTA CON CAUSA ESPECIFICA,2022,8,4,0,12,TARDE,SIERRA,1,0,LEVE,0,0
CAÍDA DE PASAJERO,1,0,0,LIMA,LIMA,ATE,URBANA,CALLE,URBANO,NO CORRESPONDE,-12.030552652994867,-76.9258725420437,DESPEJADO,COMERCIAL,TRAMO RECTO,PLANA ,ASFALTADA,SIN_DATO,SIN_DATO,SIN_DATO,SIN_DATO,EN PROCESO DE INVESTIGACIÓN,NO CUENTA CON CAUSA ESPECIFICA,2022,8,4,0,15,TARDE,COSTA,1,0,LEVE,0,0
CHOQUE,2,0,2,PUNO,SAN ROMAN,SAN MIGUEL,RURAL,CARRETERA,NACIONAL,PE-3S,-15.4107567,-70.149596,DESPEJADO,RURAL,TRAMO RECTO,PLANA ,ASFALTADA,SIN_DATO,SIN_DATO,SIN_DATO,SIN_DATO,NEGLIGENCIA DEL CONDUCTOR,OTRO (NEGLIGENCIA DEL CONDUCTOR),2022,8,5,1,2,MADRUGADA,SIERRA,2,0,GRAVE_MORTALIDAD,1,0
VOLCADURA,1,0,1,PUNO,SAN ROMAN,SAN MIGUEL,URBANA,CARRETERA,NACIONAL,PE-34H,-15.47996,-70.11978,DESPEJADO,COMERCIAL,INTERSECCIÓN,PLANA ,ASFALTADA,SIN_DATO,SIN_DATO,SIN_DATO,SIN_DATO,IMPRUDENCIA DEL CONDUCTOR,EXCESO DE VELOCIDAD,2022,8,5,1,18,NOCHE,SIERRA,1,0,LEVE,0,0
DESPISTE,1,0,1,LIMA,LIMA,SAN JUAN DE LURIGANCHO,URBANA,AVENIDA,URBANO,NO CORRESPONDE,-11.962938955843736,-76.98168801296968,DESPEJADO,RESIDENCIAL,TRAMO RECTO,PLANA ,ASFALTADA,SIN_DATO,SIN_DATO,SIN_DATO,SIN_DATO,EN PROCESO DE INVESTIGACIÓN,NO CUENTA CON CAUSA ESPECIFICA,2022,8,5,1,18,NOCHE,COSTA,1,0,LEVE,0,0
DESPISTE,1,1,1,ANCASH,HUARI,HUANTAR,RURAL,CARRETERA,NACIONAL,PE-14A,-9.45038473266791,-77.17980723488128,DESPEJADO,RURAL,TRAMO RECTO,PLANA ,TROCHA,SIN_DATO,SIN_DATO,SIN_DATO,SIN_DATO,EN PROCESO DE INVESTIGACIÓN,NO CUENTA CON CAUSA ESPECIFICA,2022,8,5,1,18,NOCHE,SIERRA,1,1,LEVE,0,0
ATROPELLO,1,0,1,LA LIBERTAD,CHEPEN,PACANGA,RURAL,CARRETERA,NACIONAL,PE-1N,-7.080469,-79.543838,DESPEJADO,RURAL,TRAMO RECTO,PLANA ,ASFALTADA,SIN_DATO,SIN_DATO,SIN_DATO,SIN_DATO,EN PROCESO DE INVESTIGACIÓN,NO CUENTA CON CAUSA ESPECIFICA,2022,8,5,1,20,NOCHE,COSTA,1,0,LEVE,0,0
VOLCADURA,1,0,1,PUNO,AZANGARO,ARAPA,RURAL,CARRETERA,DEPARTAMENTAL,PU-113,-15.192898,-70.109596,DESPEJADO,RURAL,TRAMO RECTO,PLANA ,ASFALTADA,SIN_DATO,SIN_DATO,SIN_DATO,SIN_DATO,IMPRUDENCIA DEL CONDUCTOR,EXCESO DE VELOCIDAD,2022,8,6,1,7,MAÑANA,SIERRA,1,0,LEVE,0,0
CHOQUE,1,2,1,LORETO,MAYNAS,SAN JUAN BAUTISTA,RURAL,CARRETERA,PROVINCIAL,LO-528,-4.238342,-73.487453,DESPEJADO,RURAL,CURVA,PLANA ,ASFALTADA,SIN_DATO,SIN_DATO,SIN_DATO,SIN_DATO,IMPRUDENCIA DEL CONDUCTOR,CONDUCIR EN ESTADO DE EBRIEDAD Y/O DROGADICCIÓN,2022,8,6,1,12,TARDE,SELVA,1,2,LEVE,0,0
CHOQUE,1,4,2,CAJAMARCA,CAJABAMBA,CACHACHI,RURAL,CARRETERA,DEPARTAMENTAL,CA-111,-7.66647,-78.189343,DESPEJADO,RURAL,TRAMO RECTO,PLANA ,ASFALTADA,SIN_DATO,SIN_DATO,SIN_DATO,SIN_DATO,EN PROCESO DE INVESTIGACIÓN,NO CUENTA CON CAUSA ESPECIFICA,2022,8,6,1,16,TARDE,SIERRA,1,4,GRAVE_LESIONADOS,0,1
ATROPELLO FUGA,1,0,1,LIMA,LIMA,LOS OLIVOS,URBANA,AVENIDA,URBANO,NO CORRESPONDE,-11.966786844074283,-77.07867906365713,DESPEJADO,RESIDENCIAL,TRAMO RECTO,PLANA ,ASFALTADA,SIN_DATO,SIN_DATO,SIN_DATO,SIN_DATO,EN PROCESO DE INVESTIGACIÓN,NO CUENTA CON CAUSA ESPECIFICA,2022,8,6,1,18,NOCHE,COSTA,1,0,LEVE,0,0
DESPISTE,1,5,1,CUSCO,LA CONVENCION,MARANURA,RURAL,CARRETERA,DEPARTAMENTAL,CU-107,-13.00493,-72.62902,DESPEJADO,RURAL,TRAMO RECTO,INCLINADA,TROCHA,SIN_DATO,SIN_DATO,SIN_DATO,SIN_DATO,IMPRUDENCIA DEL CONDUCTOR,FATIGA Y/O CANSANCIO,2022,8,6,1,18,NOCHE,SIERRA,1,5,GRAVE_LESIONADOS,0,1
ATROPELLO,1,0,1,UCAYALI,CORONEL PORTILLO,CAMPOVERDE,RURAL,CARRETERA,NACIONAL,PE-18C,-8.462914202544406,-74.79043359000752,DESPEJADO,RURAL,TRAMO RECTO,PLANA ,ASFALTADA,SIN_DATO,SIN_DATO,SIN_DATO,SIN_DATO,IMPRUDENCIA DEL PEATÓN,ESTADO DE EBRIEDAD Y/O DROGADICCIÓN,2022,8,6,1,19,NOCHE,SELVA,1,0,LEVE,0,0
DESPISTE,4,17,1,CUSCO,LA CONVENCION,HUAYOPATA,RURAL,CARRETERA,NACIONAL,PE-28B,-13.134524372311049,-72.30551066918457,LLUVIOSO,RURAL,CURVA,INCLINADA,ASFALTADA,SI,PREVENTIVA (P),SIN_DATO,SI,IMPRUDENCIA DEL CONDUCTOR,OTRO (IMPRUDENCIA DEL CONDUCTOR),2022,8,6,1,19,NOCHE,SIERRA,4,17,GRAVE_MORTALIDAD,1,1
DESPISTE,1,0,1,ICA,ICA,PUEBLO NUEVO,URBANA,CARRETERA,NACIONAL,PE-1S,-14.123743,-75.716513,DESPEJADO,INDUSTRIAL,CURVA,PLANA ,ASFALTADA,SIN_DATO,SIN_DATO,SIN_DATO,SIN_DATO,EN PROCESO DE INVESTIGACIÓN,NO CUENTA CON CAUSA ESPECIFICA,2022,8,6,1,19,NOCHE,COSTA,1,0,LEVE,0,0
ATROPELLO FUGA,1,0,1,LA LIBERTAD,TRUJILLO,MOCHE,RURAL,CARRETERA,NACIONAL,PE-1N,-8.172859,-78.999754,DESPEJADO,RURAL,TRAMO RECTO,PLANA ,ASFALTADA,SIN_DATO,SIN_DATO,SIN_DATO,SIN_DATO,EN PROCESO DE INVESTIGACIÓN,NO CUENTA CON CAUSA ESPECIFICA,2022,8,6,1,20,NOCHE,COSTA,1,0,LEVE,0,0
ATROPELLO FUGA,1,0,1,HUANUCO,LEONCIO PRADO,LUYANDO,URBANA,CARRETERA,NACIONAL,PE-18A,-9.236276,-75.990074,DESPEJADO,COMERCIAL,TRAMO RECTO,PLANA ,ASFALTADA,SIN_DATO,SIN_DATO,SIN_DATO,SIN_DATO,EN PROCESO DE INVESTIGACIÓN,NO CUENTA CON CAUSA ESPECIFICA,2022,8,6,1,21,NOCHE,SIERRA,1,0,LEVE,0,0
ATROPELLO FUGA,1,0,1,PUNO,PUNO,PLATERIA,RURAL,CARRETERA,NACIONAL,PE-3S,-15.941423923055954,-69.8608213651606,DESPEJADO,RURAL,TRAMO RECTO,PLANA ,ASFALTADA,SIN_DATO,SIN_DATO,SIN_DATO,SIN_DATO,IMPRUDENCIA DEL CONDUCTOR,OTRO (IMPRUDENCIA DEL CONDUCTOR),2022,8,0,0,0,MADRUGADA,SIERRA,1,0,LEVE,0,0
CHOQUE,1,0,1,LA LIBERTAD,VIRU,GUADALUPITO,RURAL,CARRETERA,NACIONAL,PE-1N,-8.966218,-78.621979,DESPEJADO,RURAL,PUENTE,PLANA ,ASFALTADA,SIN_DATO,SIN_DATO,SIN_DATO,SIN_DATO,EN PROCESO DE INVESTIGACIÓN,NO CUENTA CON CAUSA ESPECIFICA,2022,8,0,0,6,MAÑANA,COSTA,1,0,LEVE,0,0
DESPISTE,1,0,1,HUANCAVELICA,HUANCAVELICA,YAULI,RURAL,CARRETERA,DEPARTAMENTAL,HV-112,-12.783613,-74.878034,DESPEJADO,RURAL,CURVA,PLANA ,AFIRMADO,SIN_DATO,SIN_DATO,SIN_DATO,SIN_DATO,EN PROCESO DE INVESTIGACIÓN,NO CUENTA CON CAUSA ESPECIFICA,2022,8,0,0,11,MAÑANA,SIERRA,1,0,LEVE,0,0
DESPISTE,2,0,1,CUSCO,CHUMBIVILCAS,COLQUEMARCA,RURAL,CARRETERA,SIN CLASIFICAR,SIN CLASIFICAR,-14.17791178,-72.072791,DESPEJADO,RURAL,CURVA,INCLINADA,TROCHA,SIN_DATO,SIN_DATO,SIN_DATO,SIN_DATO,IMPRUDENCIA DEL CONDUCTOR,CONDUCIR EN ESTADO DE EBRIEDAD Y/O DROGADICCIÓN,2022,8,0,0,12,TARDE,SIERRA,2,0,GRAVE_MORTALIDAD,1,0
CHOQUE,1,1,2,LA LIBERTAD,VIRU,VIRU,RURAL,CARRETERA,NACIONAL,PE-1N,-8.364427,-78.870685,DESPEJADO,RURAL,TRAMO RECTO,PLANA ,ASFALTADA,SIN_DATO,SIN_DATO,SIN_DATO,SIN_DATO,IMPRUDENCIA DEL CONDUCTOR,INVASIÓN DE CARRIL,2022,8,0,0,15,TARDE,COSTA,1,1,LEVE,0,0
CHOQUE,1,1,2,ICA,CHINCHA,ALTO LARAN,RURAL,CARRETERA,PROVINCIAL,IC-514,-13.453583,-76.086533,DESPEJADO,RURAL,CURVA,PLANA ,ASFALTADA,SIN_DATO,SIN_DATO,SIN_DATO,SIN_DATO,EN PROCESO DE INVESTIGACIÓN,NO CUENTA CON CAUSA ESPECIFICA,2022,8,0,0,17,TARDE,COSTA,1,1,LEVE,0,0
CHOQUE,1,3,2,ICA,NASCA,MARCONA,URBANA,CARRETERA,NACIONAL,PE-30,-15.294279,-75.129566,DESPEJADO,RURAL,TRAMO RECTO,PLANA ,ASFALTADA,SIN_DATO,SIN_DATO,SIN_DATO,SIN_DATO,EN PROCESO DE INVESTIGACIÓN,NO CUENTA CON CAUSA ESPECIFICA,2022,8,0,0,19,NOCHE,COSTA,1,3,GRAVE_LESIONADOS,0,1
CHOQUE,1,0,2,ICA,CHINCHA,PUEBLO NUEVO,URBANA,CARRETERA,DEPARTAMENTAL,IC-100,-13.401391490523103,-76.12882723875794,DESPEJADO,RESIDENCIAL,INTERSECCIÓN,PLANA ,ASFALTADA,SIN_DATO,SIN_DATO,SIN_DATO,SIN_DATO,IMPRUDENCIA DEL CONDUCTOR,OTRO (IMPRUDENCIA DEL CONDUCTOR),2022,8,0,0,20,NOCHE,COSTA,1,0,LEVE,0,0
CHOQUE,1,0,1,PUNO,CHUCUITO,DESAGUADERO,RURAL,CARRETERA,NACIONAL,PE-36A,-16.592826040394534,-69.07447273556632,DESPEJADO,RURAL,TRAMO RECTO,PLANA ,ASFALTADA,SIN_DATO,SIN_DATO,SIN_DATO,SIN_DATO,IMPRUDENCIA DEL CONDUCTOR,VEHÍCULO MAL ESTACIONADO,2022,8,0,0,21,NOCHE,SIERRA,1,0,LEVE,0,0
VOLCADURA,1,0,1,CALLAO,CALLAO,VENTANILLA,URBANA,AVENIDA,URBANO,NO CORRESPONDE,-11.9198928,-77.132012817,DESPEJADO,INDUSTRIAL,TRAMO RECTO,PLANA ,ASFALTADA,SI,REGULADORA (R),INFORMATIVA (I),SI,IMPRUDENCIA DEL CONDUCTOR,EXCESO DE VELOCIDAD,2022,8,1,0,8,MAÑANA,COSTA,1,0,LEVE,0,0
CHOQUE,3,3,4,AREQUIPA,AREQUIPA,UCHUMAYO,RURAL,CARRETERA,NACIONAL,PE-34A,-16.430772,-71.69295,SOLEADO,RURAL,TRAMO RECTO,PLANA ,ASFALTADA,NO,SIN_DATO,SIN_DATO,SI,EN PROCESO DE INVESTIGACIÓN,NO CUENTA CON CAUSA ESPECIFICA,2022,8,1,0,11,MAÑANA,COSTA,3,3,GRAVE_MORTALIDAD,1,1
CHOQUE,1,0,2,PUNO,MELGAR,ORURILLO,URBANA,CARRETERA,PROVINCIAL,PU-647,-14.71019465391884,-70.53411479331245,DESPEJADO,RURAL,TRAMO RECTO,PLANA ,TROCHA,SIN_DATO,SIN_DATO,SIN_DATO,SIN_DATO,IMPRUDENCIA DEL CONDUCTOR,INVASIÓN DE CARRIL,2022,8,1,0,12,TARDE,SIERRA,1,0,LEVE,0,0
CHOQUE,1,0,1,LIMA,LIMA,EL AGUSTINO,URBANA,CARRETERA,NACIONAL,PE-1N,-12.03010121507606,-77.00158913661262,DESPEJADO,COMERCIAL,TRAMO RECTO,PLANA ,ASFALTADA,SIN_DATO,SIN_DATO,SIN_DATO,SIN_DATO,EN PROCESO DE INVESTIGACIÓN,NO CUENTA CON CAUSA ESPECIFICA,2022,8,1,0,13,TARDE,COSTA,1,0,LEVE,0,0
CHOQUE,1,0,2,AREQUIPA,AREQUIPA,VITOR,RURAL,CARRETERA,NACIONAL,PE-1S,-16.481673,-71.902491,DESPEJADO,RURAL,TRAMO RECTO,PLANA ,ASFALTADA,SI,REGULADORA (R),SIN_DATO,SI,EN PROCESO DE INVESTIGACIÓN,NO CUENTA CON CAUSA ESPECIFICA,2022,8,1,0,18,NOCHE,COSTA,1,0,LEVE,0,0
ATROPELLO,1,0,1,LA LIBERTAD,CHEPEN,PACANGA,RURAL,CARRETERA,NACIONAL,PE-1N,-7.153337,-79.447408,DESPEJADO,RURAL,TRAMO RECTO,PLANA ,ASFALTADA,SIN_DATO,SIN_DATO,SIN_DATO,SIN_DATO,IMPRUDENCIA DEL CONDUCTOR,OTRO (IMPRUDENCIA DEL CONDUCTOR),2022,8,1,0,19,NOCHE,COSTA,1,0,LEVE,0,0
CHOQUE,3,4,2,APURIMAC,CHINCHEROS,OCOBAMBA,RURAL,CARRETERA,DEPARTAMENTAL,AP-102,-13.53668,-73.505308,DESPEJADO,RURAL,CURVA,INCLINADA,AFIRMADO,SIN_DATO,SIN_DATO,SIN_DATO,SIN_DATO,IMPRUDENCIA DEL CONDUCTOR,EXCESO DE VELOCIDAD,2022,8,2,0,6,MAÑANA,SIERRA,3,4,GRAVE_MORTALIDAD,1,1
CHOQUE,2,0,2,JUNIN,SATIPO,SATIPO,RURAL,CARRETERA,NACIONAL,PE-5S,-11.236908688363789,-74.59163535621825,DESPEJADO,RURAL,TRAMO RECTO,PLANA ,ASFALTADA,SIN_DATO,SIN_DATO,SIN_DATO,SIN_DATO,IMPRUDENCIA DEL CONDUCTOR,EXCESO DE VELOCIDAD,2022,8,2,0,18,NOCHE,SIERRA,2,0,GRAVE_MORTALIDAD,1,0
ATROPELLO,1,0,1,PIURA,MORROPON,BUENOS AIRES,RURAL,CARRETERA,NACIONAL,PE-02A,-5.244092,-79.983219,DESPEJADO,RURAL,TRAMO RECTO,PLANA ,ASFALTADA,SIN_DATO,SIN_DATO,SIN_DATO,SIN_DATO,EN PROCESO DE INVESTIGACIÓN,NO CUENTA CON CAUSA ESPECIFICA,2022,8,2,0,19,NOCHE,COSTA,1,0,LEVE,0,0
ATROPELLO,1,0,1,ANCASH,HUARAZ,HUARAZ,URBANA,CARRETERA,NACIONAL,PE-3N,-9.542900409793337,-77.53353210762585,DESPEJADO,COMERCIAL,TRAMO RECTO,PLANA ,ASFALTADA,SIN_DATO,SIN_DATO,SIN_DATO,SIN_DATO,EN PROCESO DE INVESTIGACIÓN,NO CUENTA CON CAUSA ESPECIFICA,2022,8,2,0,19,NOCHE,SIERRA,1,0,LEVE,0,0
DESPISTE,1,0,1,LAMBAYEQUE,LAMBAYEQUE,OLMOS,RURAL,CARRETERA,NACIONAL,PE-1NJ,-5.982158,-79.743202,DESPEJADO,RURAL,TRAMO RECTO,PLANA ,ASFALTADA,SIN_DATO,SIN_DATO,SIN_DATO,SIN_DATO,EN PROCESO DE INVESTIGACIÓN,NO CUENTA CON CAUSA ESPECIFICA,2022,8,3,0,1,MADRUGADA,COSTA,1,0,LEVE,0,0
CHOQUE CON OBJETO FIJO,1,0,1,MADRE DE DIOS,TAMBOPATA,TAMBOPATA,URBANA,JIRÓN,URBANO,NO CORRESPONDE,-12.588639,-69.188366,DESPEJADO,COMERCIAL,TRAMO RECTO,PLANA ,CONCRETO,SIN_DATO,SIN_DATO,SIN_DATO,SIN_DATO,IMPRUDENCIA DEL CONDUCTOR,CONDUCIR EN ESTADO DE EBRIEDAD Y/O DROGADICCIÓN,2022,8,3,0,6,MAÑANA,SELVA,1,0,LEVE,0,0
CHOQUE,1,3,2,LAMBAYEQUE,CHICLAYO,LA VICTORIA,URBANA,CALLE,URBANO,NO CORRESPONDE,-6.798853,-79.83346,DESPEJADO,RESIDENCIAL,INTERSECCIÓN,PLANA ,ASFALTADA,SIN_DATO,SIN_DATO,SIN_DATO,SIN_DATO,EN PROCESO DE INVESTIGACIÓN,NO CUENTA CON CAUSA ESPECIFICA,2022,8,3,0,8,MAÑANA,COSTA,1,3,GRAVE_LESIONADOS,0,1
ATROPELLO,1,0,1,LIMA,LIMA,ATE,URBANA,CARRETERA,NACIONAL,PE-22,-12.01224672467052,-76.8780904627646,DESPEJADO,COMERCIAL,TRAMO RECTO,PLANA ,ASFALTADA,SIN_DATO,SIN_DATO,SIN_DATO,SIN_DATO,EN PROCESO DE INVESTIGACIÓN,NO CUENTA CON CAUSA ESPECIFICA,2022,8,3,0,9,MAÑANA,COSTA,1,0,LEVE,0,0
CHOQUE,1,0,2,PUNO,PUNO,HUATA,RURAL,CARRETERA,DEPARTAMENTAL,PU-118,-15.614025766263527,-69.98175674185632,DESPEJADO,RURAL,TRAMO RECTO,PLANA ,ASFALTADA,SIN_DATO,SIN_DATO,SIN_DATO,SIN_DATO,IMPRUDENCIA DEL CONDUCTOR,GIRAR IMPRUDENTEMENTE,2022,8,3,0,10,MAÑANA,SIERRA,1,0,LEVE,0,0
CHOQUE,2,0,2,PUNO,SAN ROMAN,CARACOTO,RURAL,CARRETERA,NACIONAL,PE-3S,-15.5541218,-70.106811,DESPEJADO,RURAL,TRAMO RECTO,PLANA ,ASFALTADA,SIN_DATO,SIN_DATO,SIN_DATO,SIN_DATO,IMPRUDENCIA DEL CONDUCTOR,OTRO (IMPRUDENCIA DEL CONDUCTOR),2022,8,3,0,18,NOCHE,SIERRA,2,0,GRAVE_MORTALIDAD,1,0
CHOQUE,1,0,1,JUNIN,JUNIN,CARHUAMAYO,URBANA,CARRETERA,NACIONAL,PE-3N,-10.920776904776764,-76.06148025523774,DESPEJADO,RURAL,TRAMO RECTO,PLANA ,ASFALTADA,NO,SIN_DATO,SIN_DATO,SI,IMPRUDENCIA DEL CONDUCTOR,CONDUCIR EN ESTADO DE EBRIEDAD Y/O DROGADICCIÓN,2022,8,3,0,20,NOCHE,SIERRA,1,0,LEVE,0,0
CAÍDA DE PASAJERO,1,0,0,ICA,CHINCHA,TAMBO DE MORA,RURAL,CARRETERA,NACIONAL,PE-1SE,-13.417491,-76.189702,DESPEJADO,RURAL,TRAMO RECTO,PLANA ,ASFALTADA,SIN_DATO,SIN_DATO,SIN_DATO,SIN_DATO,EN PROCESO DE INVESTIGACIÓN,NO CUENTA CON CAUSA ESPECIFICA,2022,8,3,0,23,NOCHE,COSTA,1,0,LEVE,0,0
CHOQUE,1,0,1,LIMA,LIMA,SAN MARTIN DE PORRES,URBANA,AVENIDA,URBANO,NO CORRESPONDE,-12.02945217,-77.06436898,DESPEJADO,COMERCIAL,CURVA,PLANA ,ASFALTADA,SIN_DATO,SIN_DATO,SIN_DATO,SIN_DATO,IMPRUDENCIA DEL CONDUCTOR,OTRO (IMPRUDENCIA DEL CONDUCTOR),2022,8,4,0,4,MADRUGADA,COSTA,1,0,LEVE,0,0
DESPISTE,1,0,1,CUSCO,CANCHIS,CHECACUPE,RURAL,CARRETERA,PROVINCIAL,CU-1454,-14.0305661,-71.3410491,DESPEJADO,RURAL,TRAMO RECTO,INCLINADA,TROCHA,SIN_DATO,SIN_DATO,SIN_DATO,SIN_DATO,EN PROCESO DE INVESTIGACIÓN,NO CUENTA CON CAUSA ESPECIFICA,2022,8,4,0,10,MAÑANA,SIERRA,1,0,LEVE,0,0
CHOQUE,1,2,2,ICA,PISCO,SAN ANDRES,URBANA,CARRETERA,NACIONAL,PE-1SG,-13.75241922372558,-76.23002256284606,DESPEJADO,INDUSTRIAL,TRAMO RECTO,PLANA ,ASFALTADA,SIN_DATO,SIN_DATO,SIN_DATO,SIN_DATO,IMPRUDENCIA DEL CONDUCTOR,GIRAR IMPRUDENTEMENTE,2022,8,4,0,15,TARDE,COSTA,1,2,LEVE,0,0
CHOQUE,1,0,2,PUNO,MELGAR,SANTA ROSA,RURAL,CARRETERA,NACIONAL,PE-3S,-14.511090871386196,-70.92338917480916,DESPEJADO,RURAL,TRAMO RECTO,PLANA ,ASFALTADA,SIN_DATO,SIN_DATO,SIN_DATO,SIN_DATO,IMPRUDENCIA DEL CONDUCTOR,INVASIÓN DE CARRIL,2022,8,4,0,17,TARDE,SIERRA,1,0,LEVE,0,0