CLASE SINIESTRO,CANTIDAD DE FALLECIDOS,CANTIDAD DE LESIONADOS,CANTIDAD DE VEHICULOS DAÑADOS,DEPARTAMENTO,PROVINCIA,DISTRITO,ZONA,TIPO DE VÍA,RED VIAL,COD CARRETERA,COORDENADAS LATITUD,COORDENADAS  LONGITUD,CONDICIÓN CLIMÁTICA,ZONIFICACIÓN,CARACTERÍSTICAS DE VÍA,PERFIL LONGITUDINAL VÍA,SUPERFICIE DE CALZADA,¿EXISTE SEÑAL VERTICAL?,CLASIFICACIÓN DE LA SEÑAL VERTICAL Nº 1,CLASIFICACIÓN DE LA SEÑAL VERTICAL Nº 2,¿EXISTE SEÑAL HORIZONTAL?,CAUSA FACTOR PRINCIPAL,CAUSA ESPECÍFICA,AÑO,MES,DIA_SEMANA,ES_FIN_SEMANA,HORA_NUM,FRANJA_HORARIA,REGION_NATURAL,FALLECIDOS,LESIONADOS,CATEGORIA_SEVERIDAD,MORTALIDAD_MULTIPLE,LESION_MULTIPLE
DESPISTE,1,2,1,ANCASH,HUARI,HUARI,RURAL,CARRETERA,SIN CLASIFICAR,SIN CLASIFICAR,-9.350030592725403,-77.18241985849733,NUBLADO,RURAL,TRAMO RECTO,INCLINADA,CONCRETO,SIN_DATO,SIN_DATO,SIN_DATO,SIN_DATO,EN PROCESO DE INVESTIGACIÓN,NO CUENTA CON CAUSA ESPECIFICA,2022,9,2,0,13,TARDE,SIERRA,1,2,LEVE,0,0
CHOQUE,1,2,1,PASCO,OXAPAMPA,CHONTABAMBA,RURAL,CARRETERA,DEPARTAMENTAL,PA-106,-10.603233521241323,-75.41952227157061,SOLEADO,RURAL,CURVA,PLANA ,ASFALTADA,NO,SIN_DATO,SIN_DATO,SI,IMPRUDENCIA DEL CONDUCTOR,OTRO (IMPRUDENCIA DEL CONDUCTOR),2022,9,2,0,14,TARDE,SIERRA,1,2,LEVE,0,0
CHOQUE FUGA,1,0,2,PUNO,EL COLLAO,ILAVE,RURAL,CARRETERA,NACIONAL,PE-3S,-16.0746542,-69.6659172,DESPEJADO,RURAL,TRAMO RECTO,PLANA ,ASFALTADA,SIN_DATO,SIN_DATO,SIN_DATO,SIN_DATO,IMPRUDENCIA DEL CONDUCTOR,EXCESO DE VELOCIDAD,2022,9,2,0,18,NOCHE,SIERRA,1,0,LEVE,0,0
DESPISTE,1,0,1,HUANUCO,HUANUCO,SANTA MARIA DEL VALLE,RURAL,CARRETERA,NACIONAL,PE-18A,-9.880419524313712,-76.19139227887348,DESPEJADO,RURAL,TRAMO RECTO,PLANA ,AFIRMADO,SIN_DATO,SIN_DATO,SIN_DATO,SIN_DATO,IMPRUDENCIA DEL CONDUCTOR,EXCESO DE VELOCIDAD,2022,9,2,0,19,NOCHE,SIERRA,1,0,LEVE,0,0
CHOQUE,1,1,1,LORETO,MAYNAS,SAN JUAN BAUTISTA,URBANA,CARRETERA,DEPARTAMENTAL,LO-103,-3.7779235,-73.2921401,DESPEJADO,COMERCIAL,TRAMO RECTO,PLANA ,ASFALTADA,SIN_DATO,SIN_DATO,SIN_DATO,SIN_DATO,IMPRUDENCIA DEL CONDUCTOR,ADELANTAR INDEBIDAMENTE,2022,9,2,0,20,NOCHE,SELVA,1,1,LEVE,0,0
DESPISTE,1,3,1,CAJAMARCA,CAJAMARCA,CAJAMARCA,URBANA,CARRETERA,NACIONAL,PE-08,-7.145457,-78.517004,DESPEJADO,RESIDENCIAL,CURVA,PLANA ,ASFALTADA,SI,PREVENTIVA (P),REGULADORA (R),SI,EN PROCESO DE INVESTIGACIÓN,NO CUENTA CON CAUSA ESPECIFICA,2022,9,3,0,3,MADRUGADA,SIERRA,1,3,GRAVE_LESIONADOS,0,1
VOLCADURA,4,15,1,CUSCO,QUISPICANCHI,QUIQUIJANA,RURAL,CARRETERA,NACIONAL,PE-3S,-13.779691,-71.5721246,DESPEJADO,RURAL,CURVA,PLANA ,ASFALTADA,SIN_DATO,SIN_DATO,SIN_DATO,SIN_DATO,IMPRUDENCIA DEL CONDUCTOR,EXCESO DE VELOCIDAD,2022,9,3,0,5,MADRUGADA,SIERRA,4,15,GRAVE_MORTALIDAD,1,1
DESPISTE,5,12,1,CUSCO,QUISPICANCHI,URCOS,RURAL,CARRETERA,NACIONAL,PE-30C,-13.682981,-71.601747,DESPEJADO,RURAL,CURVA,INCLINADA,ASFALTADA,SI,PREVENTIVA (P),PREVENTIVA (P),NO,IMPRUDENCIA DEL CONDUCTOR,EXCESO DE VELOCIDAD,2022,9,3,0,12,TARDE,SIERRA,5,12,GRAVE_MORTALIDAD,1,1
CHOQUE,1,0,2,TACNA,JORGE BASADRE,ITE,RURAL,CARRETERA,NACIONAL,PE-1SD,-17.89004252231127,-70.97987672251102,DESPEJADO,RURAL,TRAMO RECTO,PLANA ,ASFALTADA,SIN_DATO,SIN_DATO,SIN_DATO,SIN_DATO,IMPRUDENCIA DEL CONDUCTOR,EXCESO DE VELOCIDAD,2022,9,4,0,0,MADRUGADA,COSTA,1,0,LEVE,0,0
DESPISTE,1,0,1,TACNA,TACNA,TACNA,URBANA,AVENIDA,URBANO,NO CORRESPONDE,-18.01749141925637,-70.25418869431164,DESPEJADO,COMERCIAL,TRAMO RECTO,PLANA ,ASFALTADA,SIN_DATO,SIN_DATO,SIN_DATO,SIN_DATO,IMPRUDENCIA DEL CONDUCTOR,CONDUCIR EN ESTADO DE EBRIEDAD Y/O DROGADICCIÓN,2022,9,4,0,2,MADRUGADA,COSTA,1,0,LEVE,0,0
CHOQUE,3,0,2,CAJAMARCA,JAEN,POMAHUACA,RURAL,CARRETERA,NACIONAL,PE-3N,-5.927889,-79.301348,DESPEJADO,RURAL,CURVA,INCLINADA,ASFALTADA,NO,SIN_DATO,SIN_DATO,SI,EN PROCESO DE INVESTIGACIÓN,NO CUENTA CON CAUSA ESPECIFICA,2022,9,4,0,5,MADRUGADA,SIERRA,3,0,GRAVE_MORTALIDAD,1,0
ATROPELLO,1,0,1,ICA,CHINCHA,CHINCHA BAJA,RURAL,CARRETERA,NACIONAL,PE-1SE,-13.4971638773255,-76.1402541059521,DESPEJADO,RURAL,TRAMO RECTO,PLANA ,ASFALTADA,SIN_DATO,SIN_DATO,SIN_DATO,SIN_DATO,EN PROCESO DE INVESTIGACIÓN,NO CUENTA CON CAUSA ESPECIFICA,2022,9,4,0,18,NOCHE,COSTA,1,0,LEVE,0,0
CHOQUE,1,1,1,LIMA,LIMA,CIENEGUILLA,RURAL,AVENIDA,URBANO,NO CORRESPONDE,-12.12782265661004,-76.82059050697266,SOLEADO,RURAL,TRAMO RECTO,PLANA ,ASFALTADA,SIN_DATO,SIN_DATO,SIN_DATO,SIN_DATO,EN PROCESO DE INVESTIGACIÓN,NO CUENTA CON CAUSA ESPECIFICA,2022,10,5,1,4,MADRUGADA,COSTA,1,1,LEVE,0,0
ATROPELLO FUGA,1,0,1,PIURA,SECHURA,VICE,RURAL,CARRETERA,NACIONAL,PE-1NK,-5.487949563690543,-80.82341722911619,DESPEJADO,RURAL,TRAMO RECTO,PLANA ,ASFALTADA,SIN_DATO,SIN_DATO,SIN_DATO,SIN_DATO,IMPRUDENCIA DEL PEATÓN,ESTADO DE EBRIEDAD Y/O DROGADICCIÓN,2022,10,5,1,4,MADRUGADA,COSTA,1,0,LEVE,0,0
CHOQUE,1,1,1,LIMA,BARRANCA,PATIVILCA,RURAL,CARRETERA,NACIONAL,PE-16A,-10.66644,-77.736418,DESPEJADO,RURAL,TRAMO RECTO,PLANA ,ASFALTADA,SIN_DATO,SIN_DATO,SIN_DATO,SIN_DATO,EN PROCESO DE INVESTIGACIÓN,NO CUENTA CON CAUSA ESPECIFICA,2022,10,5,1,5,MADRUGADA,COSTA,1,1,LEVE,0,0
CHOQUE,1,7,2,JUNIN,CHANCHAMAYO,PICHANAQUI,RURAL,CARRETERA,NACIONAL,PE-5S,-10.93326927284781,-74.86730365543939,DESPEJADO,RURAL,TRAMO RECTO,PLANA ,ASFALTADA,SIN_DATO,SIN_DATO,SIN_DATO,SIN_DATO,IMPRUDENCIA DEL CONDUCTOR,EXCESO DE VELOCIDAD,2022,10,5,1,11,MAÑANA,SIERRA,1,7,GRAVE_LESIONADOS,0,1
ATROPELLO,1,0,1,ICA,ICA,SALAS,URBANA,CARRETERA,NACIONAL,PE-1S,-14.000404,-75.76811,SOLEADO,RESIDENCIAL,TRAMO RECTO,PLANA ,ASFALTADA,SIN_DATO,SIN_DATO,SIN_DATO,SIN_DATO,EN PROCESO DE INVESTIGACIÓN,NO CUENTA CON CAUSA ESPECIFICA,2022,10,5,1,11,MAÑANA,COSTA,1,0,LEVE,0,0
DESPISTE,3,2,1,ICA,CHINCHA,TAMBO DE MORA,RURAL,CARRETERA,NACIONAL,PE-1SE,-13.42019236,-76.18764161,DESPEJADO,RURAL,TRAMO RECTO,PLANA ,ASFALTADA,SIN_DATO,SIN_DATO,SIN_DATO,SIN_DATO,IMPRUDENCIA DEL CONDUCTOR,FATIGA Y/O CANSANCIO,2022,10,5,1,11,MAÑANA,COSTA,3,2,GRAVE_MORTALIDAD,1,0
CHOQUE,1,0,1,JUNIN,SATIPO,SATIPO,RURAL,CARRETERA,NACIONAL,PE-24A,-11.261780753678371,-74.6378720284313,DESPEJADO,RURAL,TRAMO RECTO,PLANA ,CONCRETO,SIN_DATO,SIN_DATO,SIN_DATO,SIN_DATO,IMPRUDENCIA DEL CONDUCTOR,INVASIÓN DE CARRIL,2022,10,5,1,11,MAÑANA,SIERRA,1,0,LEVE,0,0
ATROPELLO,1,0,1,AREQUIPA,AREQUIPA,MIRAFLORES,URBANA,CALLE,URBANO,NO CORRESPONDE,-16.398576,-71.519627,DESPEJADO,COMERCIAL,TRAMO RECTO,PLANA ,ASFALTADA,SIN_DATO,SIN_DATO,SIN_DATO,SIN_DATO,EN PROCESO DE INVESTIGACIÓN,NO CUENTA CON CAUSA ESPECIFICA,2022,10,5,1,21,NOCHE,COSTA,1,0,LEVE,0,0
ATROPELLO,1,0,1,PIURA,PIURA,PIURA,URBANA,AVENIDA,URBANO,NO CORRESPONDE,-5.18377,-80.631468,DESPEJADO,COMERCIAL,TRAMO RECTO,PLANA ,ASFALTADA,SIN_DATO,SIN_DATO,SIN_DATO,SIN_DATO,IMPRUDENCIA DEL PEATÓN,OTRO (IMPRUDENCIA DEL PEATÓN),2022,10,6,1,9,MAÑANA,COSTA,1,0,LEVE,0,0
ATROPELLO,1,0,1,LA LIBERTAD,ASCOPE,CHICAMA,RURAL,CARRETERA,NACIONAL,PE-1NF,-7.832513,-79.149217,DESPEJADO,RURAL,TRAMO RECTO,PLANA ,AFIRMADO,SIN_DATO,SIN_DATO,SIN_DATO,SIN_DATO,EN PROCESO DE INVESTIGACIÓN,NO CUENTA CON CAUSA ESPECIFICA,2022,10,6,1,9,MAÑANA,COSTA,1,0,LEVE,0,0
CHOQUE,1,0,2,ICA,NASCA,NASCA,URBANA,CARRETERA,NACIONAL,PE-1S,-14.987139011804674,-74.99568299838792,SOLEADO,COMERCIAL,CURVA,PLANA ,ASFALTADA,SIN_DATO,SIN_DATO,SIN_DATO,SIN_DATO,EN PROCESO DE INVESTIGACIÓN,NO CUENTA CON CAUSA ESPECIFICA,2022,10,6,1,14,TARDE,COSTA,1,0,LEVE,0,0
VOLCADURA,1,1,1,JUNIN,HUANCAYO,CULLHUAS,RURAL,CARRETERA,NACIONAL,PE-3S,-12.2073,-75.173784,DESPEJADO,RURAL,CURVA,INCLINADA,ASFALTADA,NO,SIN_DATO,SIN_DATO,SI,IMPRUDENCIA DEL CONDUCTOR,OTRO (IMPRUDENCIA DEL CONDUCTOR),2022,10,6,1,15,TARDE,SIERRA,1,1,LEVE,0,0
DESPISTE,1,4,1,HUANCAVELICA,CHURCAMPA,LOCROJA,RURAL,CARRETERA,PROVINCIAL,HV-730,-12.703873,-74.436193,DESPEJADO,RURAL,CURVA,INCLINADA,AFIRMADO,SI,PREVENTIVA (P),REGULADORA (R),NO,IMPRUDENCIA DEL CONDUCTOR,EXCESO DE VELOCIDAD,2022,10,6,1,18,NOCHE,SIERRA,1,4,GRAVE_LESIONADOS,0,1
DESPISTE,1,0,1,LAMBAYEQUE,CHICLAYO,PICSI,RURAL,CARRETERA,NACIONAL,PE-06A,-6.7411976,-79.7161823,DESPEJADO,RURAL,CURVA,PLANA ,ASFALTADA,SIN_DATO,SIN_DATO,SIN_DATO,SIN_DATO,EN PROCESO DE INVESTIGACIÓN,NO CUENTA CON CAUSA ESPECIFICA,2022,10,6,1,19,NOCHE,COSTA,1,0,LEVE,0,0
CHOQUE,1,33,2,LA LIBERTAD,ASCOPE,CHICAMA,RURAL,CARRETERA,NACIONAL,PE-1NF,-7.832145,-79.149068,DESPEJADO,RURAL,TRAMO RECTO,PLANA ,ASFALTADA,SIN_DATO,SIN_DATO,SIN_DATO,SIN_DATO,IMPRUDENCIA DEL CONDUCTOR,NO ESTABLECER EL DERECHO DE PASO,2022,10,6,1,19,NOCHE,COSTA,1,33,GRAVE_LESIONADOS,0,1
ATROPELLO,1,0,1,CUSCO,LA CONVENCION,MARANURA,RURAL,CARRETERA,NACIONAL,PE-28B,-12.9563698,-72.6736112,DESPEJADO,RURAL,TRAMO RECTO,PLANA ,ASFALTADA,SIN_DATO,SIN_DATO,SIN_DATO,SIN_DATO,IMPRUDENCIA DEL CONDUCTOR,EXCESO DE VELOCIDAD,2022,10,6,1,21,NOCHE,SIERRA,1,0,LEVE,0,0
ATROPELLO,1,0,1,LIMA,LIMA,CHORRILLOS,URBANA,AVENIDA,URBANO,NO CORRESPONDE,-12.182793437982792,-76.99984942508037,DESPEJADO,COMERCIAL,TRAMO RECTO,PLANA ,ASFALTADA,SIN_DATO,SIN_DATO,SIN_DATO,SIN_DATO,EN PROCESO DE INVESTIGACIÓN,NO CUENTA CON CAUSA ESPECIFICA,2022,10,0,0,7,MAÑANA,COSTA,1,0,LEVE,0,0
ATROPELLO,1,0,1,LA LIBERTAD,TRUJILLO,TRUJILLO,URBANA,AVENIDA,URBANO,NO CORRESPONDE,-8.129605,-79.021337,DESPEJADO,COMERCIAL,TRAMO RECTO,PLANA ,ASFALTADA,SIN_DATO,SIN_DATO,SIN_DATO,SIN_DATO,IMPRUDENCIA DEL PEATÓN,ESTADO DE EBRIEDAD Y/O DROGADICCIÓN,2022,10,0,0,12,TARDE,COSTA,1,0,LEVE,0,0
CHOQUE,1,1,2,PASCO,PASCO,YANACANCHA,URBANA,CARRETERA,NACIONAL,PE-3N,-10.542373862227407,-76.18979912470938,DESPEJADO,RURAL,TRAMO RECTO,PLANA ,ASFALTADA,SIN_DATO,SIN_DATO,SIN_DATO,SIN_DATO,EN PROCESO DE INVESTIGACIÓN,NO CUENTA CON CAUSA ESPECIFICA,2022,10,0,0,15,TARDE,SIERRA,1,1,LEVE,0,0
ATROPELLO FUGA,1,0,1,TUMBES,ZARUMILLA,MATAPALO,RURAL,CARRETERA,DEPARTAMENTAL,TU-101,-3.678658379346804,-80.19644125789904,DESPEJADO,RURAL,CURVA,INCLINADA,ASFALTADA,SIN_DATO,SIN_DATO,SIN_DATO,SIN_DATO,EN PROCESO DE INVESTIGACIÓN,NO CUENTA CON CAUSA ESPECIFICA,2022,10,0,0,15,TARDE,COSTA,1,0,LEVE,0,0
DESPISTE,1,0,1,LIMA,LIMA,PUNTA HERMOSA,URBANA,CARRETERA,NACIONAL,PE-1S,-12.3317711172414,-76.8210779708697,SIN_DATO,SIN_DATO,SIN_DATO,SIN_DATO,SIN_DATO,SIN_DATO,SIN_DATO,SIN_DATO,SIN_DATO,EN PROCESO DE INVESTIGACIÓN,NO CUENTA CON CAUSA ESPECIFICA,2022,10,0,0,16,TARDE,COSTA,1,0,LEVE,0,0
DESPISTE,1,0,1,AREQUIPA,CAYLLOMA,CALLALLI,URBANA,AVENIDA,URBANO,NO CORRESPONDE,-15.504957,-71.436949,DESPEJADO,RESIDENCIAL,CURVA,INCLINADA,EMPEDRADO,SIN_DATO,SIN_DATO,SIN_DATO,SIN_DATO,EN PROCESO DE INVESTIGACIÓN,NO CUENTA CON CAUSA ESPECIFICA,2022,10,0,0,16,TARDE,COSTA,1,0,LEVE,0,0
CHOQUE,3,4,4,ICA,PISCO,HUMAY,RURAL,CARRETERA,NACIONAL,PE-28A,-13.728955,-75.910783,DESPEJADO,RURAL,TRAMO RECTO,PLANA ,ASFALTADA,SIN_DATO,SIN_DATO,SIN_DATO,SIN_DATO,EN PROCESO DE INVESTIGACIÓN,NO CUENTA CON CAUSA ESPECIFICA,2022,10,0,0,19,NOCHE,COSTA,3,4,GRAVE_MORTALIDAD,1,1
CHOQUE,1,0,2,TUMBES,TUMBES,CORRALES,RURAL,CARRETERA,NACIONAL,PE-1N,-3.609503953880128,-80.50651960329908,DESPEJADO,RURAL,TRAMO RECTO,PLANA ,ASFALTADA,SIN_DATO,SIN_DATO,SIN_DATO,SIN_DATO,IMPRUDENCIA DEL CONDUCTOR,CONDUCIR EN ESTADO DE EBRIEDAD Y/O DROGADICCIÓN,2022,10,0,0,21,NOCHE,COSTA,1,0,LEVE,0,0
ATROPELLO,1,0,1,LIMA,LIMA,LA MOLINA,URBANA,CARRETERA,DEPARTAMENTAL,LM-117,-12.085930019709732,-76.89798830105987,DESPEJADO,RESIDENCIAL,TRAMO RECTO,PLANA ,ASFALTADA,SIN_DATO,SIN_DATO,SIN_DATO,SIN_DATO,EN PROCESO DE INVESTIGACIÓN,NO CUENTA CON CAUSA ESPECIFICA,2022,10,1,0,17,TARDE,COSTA,1,0,LEVE,0,0
CHOQUE,1,2,1,MADRE DE DIOS,TAMBOPATA,TAMBOPATA,URBANA,AVENIDA,URBANO,NO CORRESPONDE,-12.584593,-69.191509,SIN_DATO,SIN_DATO,SIN_DATO,SIN_DATO,SIN_DATO,SIN_DATO,SIN_DATO,SIN_DATO,SIN_DATO,EN PROCESO DE INVESTIGACIÓN,NO CUENTA CON CAUSA ESPECIFICA,2022,10,1,0,19,NOCHE,SELVA,1,2,LEVE,0,0
CHOQUE,1,0,1,SAN MARTIN,RIOJA,RIOJA,RURAL,CARRETERA,NACIONAL,PE-5N,-6.050985,-77.151191,DESPEJADO,RURAL,TRAMO RECTO,PLANA ,ASFALTADA,SIN_DATO,SIN_DATO,SIN_DATO,SIN_DATO,NEGLIGENCIA DEL CONDUCTOR,OTRO (NEGLIGENCIA DEL CONDUCTOR),2022,10,1,0,20,NOCHE,SELVA,1,0,LEVE,0,0
ATROPELLO FUGA,1,0,1,PUNO,CHUCUITO,ZEPITA,RURAL,CARRETERA,NACIONAL,PE-36A,-16.56978768425826,-69.25715261508257,DESPEJADO,RURAL,TRAMO RECTO,PLANA ,ASFALTADA,SIN_DATO,SIN_DATO,SIN_DATO,SIN_DATO,EN PROCESO DE INVESTIGACIÓN,NO CUENTA CON CAUSA ESPECIFICA,2022,10,1,0,22,NOCHE,SIERRA,1,0,LEVE,0,0
CHOQUE,1,0,2,PIURA,SULLANA,MARCAVELICA,URBANA,CARRETERA,PROVINCIAL,PI-535,-4.877,-80.8,DESPEJADO,RURAL,OTRO,INCLINADA,AFIRMADO,SIN_DATO,SIN_DATO,SIN_DATO,SIN_DATO,IMPRUDENCIA DEL CONDUCTOR,OTRO (IMPRUDENCIA DEL CONDUCTOR),2022,10,2,0,10,MAÑANA,COSTA,1,0,LEVE,0,0
CHOQUE,1,1,2,SAN MARTIN,RIOJA,ELIAS SOPLIN VARGAS,URBANA,CARRETERA,NACIONAL,PE-5N,-5.990655,-77.281353,DESPEJADO,ESCOLAR,TRAMO RECTO,PLANA ,ASFALTADA,SIN_DATO,SIN_DATO,SIN_DATO,SIN_DATO,IMPRUDENCIA DEL CONDUCTOR,OTRO (IMPRUDENCIA DEL CONDUCTOR),2022,10,3,0,18,NOCHE,SELVA,1,1,LEVE,0,0
CHOQUE,1,2,2,PUNO,PUNO,PAUCARCOLLA,RURAL,CARRETERA,NACIONAL,PE-3S,-15.7377667,-70.0565938,DESPEJADO,RURAL,TRAMO RECTO,PLANA ,ASFALTADA,SIN_DATO,SIN_DATO,SIN_DATO,SIN_DATO,IMPRUDENCIA DEL CONDUCTOR,OTRO (IMPRUDENCIA DEL CONDUCTOR),2022,10,3,0,18,NOCHE,SIERRA,1,2,LEVE,0,0
CHOQUE,1,0,1,UCAYALI,CORONEL PORTILLO,CAMPOVERDE,RURAL,CARRETERA,NACIONAL,PE-18C,-8.458604,-74.784945,DESPEJADO,RURAL,TRAMO RECTO,PLANA ,ASFALTADA,SIN_DATO,SIN_DATO,SIN_DATO,SIN_DATO,IMPRUDENCIA DEL CONDUCTOR,CONDUCIR EN ESTADO DE EBRIEDAD Y/O DROGADICCIÓN,2022,10,3,0,21,NOCHE,SELVA,1,0,LEVE,0,0
DESPISTE,1,0,1,AREQUIPA,AREQUIPA,SANTA ISABEL DE SIGUAS,URBANA,CARRETERA,PROVINCIAL,AR-730,-16.342576,-72.12579,DESPEJADO,RESIDENCIAL,TRAMO RECTO,PLANA ,AFIRMADO,SIN_DATO,SIN_DATO,SIN_DATO,SIN_DATO,EN PROCESO DE INVESTIGACIÓN,NO CUENTA CON CAUSA ESPECIFICA,2022,10,4,0,6,MAÑANA,COSTA,1,0,LEVE,0,0
CHOQUE,1,0,1,PIURA,PIURA,CASTILLA,RURAL,CARRETERA,DEPARTAMENTAL,PI-126,-5.100632,-80.596911,DESPEJADO,RURAL,TRAMO RECTO,PLANA ,AFIRMADO,SIN_DATO,SIN_DATO,SIN_DATO,SIN_DATO,EN PROCESO DE INVESTIGACIÓN,NO CUENTA CON CAUSA ESPECIFICA,2022,10,4,0,8,MAÑANA,COSTA,1,0,LEVE,0,0
DESPISTE,1,4,1,PUNO,HUANCANE,HUANCANE,RURAL,CARRETERA,NACIONAL,PE-34H,-15.1974972,-69.8337977,DESPEJADO,RURAL,TRAMO RECTO,PLANA ,ASFALTADA,SIN_DATO,SIN_DATO,SIN_DATO,SIN_DATO,IMPRUDENCIA DEL CONDUCTOR,ADELANTAR INDEBIDAMENTE,2022,10,4,0,16,TARDE,SIERRA,1,4,GRAVE_LESIONADOS,0,1
ATROPELLO,1,0,0,APURIMAC,ANDAHUAYLAS,SANTA MARIA DE CHICMO,URBANA,AVENIDA,URBANO,NO CORRESPONDE,-13.64757,-73.500326,DESPEJADO,RESIDENCIAL,TRAMO RECTO,INCLINADA,AFIRMADO,SIN_DATO,SIN_DATO,SIN_DATO,SIN_DATO,IMPERICIA DEL CONDUCTOR,SIN_DATO,2022,10,4,0,18,NOCHE,SIERRA,1,0,LEVE,0,0
CHOQUE,3,8,2,PUNO,SAN ROMAN,CABANA,RURAL,CARRETERA,NACIONAL,PE-34A,-15.5734434,-70.2555246,DESPEJADO,RURAL,TRAMO RECTO,PLANA ,ASFALTADA,SIN_DATO,SIN_DATO,SIN_DATO,SIN_DATO,IMPRUDENCIA DEL CONDUCTOR,EXCESO DE VELOCIDAD,2022,10,4,0,20,NOCHE,SIERRA,3,8,GRAVE_MORTALIDAD,1,1
DESPISTE,1,0,1,TACNA,TARATA,ESTIQUE,RURAL,CARRETERA,NACIONAL,PE-38,-17.624558,-70.063216,DESPEJADO,RURAL,CURVA,INCLINADA,ASFALTADA,SIN_DATO,SIN_DATO,SIN_DATO,SIN_DATO,IMPRUDENCIA DEL CONDUCTOR,OTRO (IMPRUDENCIA DEL CONDUCTOR),2022,10,5,1,6,MAÑANA,COSTA,1,0,LEVE,0,0
CHOQUE,3,0,2,PASCO,PASCO,YANACANCHA,URBANA,CARRETERA,NACIONAL,PE-3N,-10.62567909407184,-76.1754491504982,DESPEJADO,COMERCIAL,CURVA,INCLINADA,ASFALTADA,SI,REGULADORA (R),SIN_DATO,SI,IMPRUDENCIA DEL CONDUCTOR,EXCESO DE VELOCIDAD,2022,10,5,1,15,TARDE,SIERRA,3,0,GRAVE_MORTALIDAD,1,0
ATROPELLO,1,0,1,LORETO,MAYNAS,SAN JUAN BAUTISTA,URBANA,CARRETERA,DEPARTAMENTAL,LO-103,-4.0918754,-73.4548257,DESPEJADO,RURAL,TRAMO RECTO,PLANA ,ASFALTADA,SIN_DATO,SIN_DATO,SIN_DATO,SIN_DATO,IMPRUDENCIA DEL PEATÓN,ESTADO DE EBRIEDAD Y/O DROGADICCIÓN,2022,10,5,1,19,NOCHE,SELVA,1,0,LEVE,0,0
ATROPELLO,1,0,1,PUNO,PUNO,ACORA,RURAL,CARRETERA,NACIONAL,PE-3S,-15.97023,-69.799618,DESPEJADO,RURAL,TRAMO RECTO,PLANA ,ASFALTADA,SIN_DATO,SIN_DATO,SIN_DATO,SIN_DATO,IMPRUDENCIA DEL PEATÓN,CRUCE INDEBIDO POR LA CALZADA,2022,10,5,1,20,NOCHE,SIERRA,1,0,LEVE,0,0
ATROPELLO,1,0,1,LIMA,LIMA,SAN JUAN DE MIRAFLORES,URBANA,CARRETERA,NACIONAL,PE-1S,-12.18412895251892,-76.9750320403075,DESPEJADO,COMERCIAL,TRAMO RECTO,PLANA ,ASFALTADA,SIN_DATO,SIN_DATO,SIN_DATO,SIN_DATO,EN PROCESO DE INVESTIGACIÓN,NO CUENTA CON CAUSA ESPECIFICA,2022,10,6,1,3,MADRUGADA,COSTA,1,0,LEVE,0,0
ATROPELLO FUGA,2,0,1,ANCASH,SANTA,SANTA,URBANA,CARRETERA,NACIONAL,PE-1N,-8.98506,-78.617104,DESPEJADO,RESIDENCIAL,TRAMO RECTO,PLANA ,ASFALTADA,SIN_DATO,SIN_DATO,SIN_DATO,SIN_DATO,EN PROCESO DE INVESTIGACIÓN,NO CUENTA CON CAUSA ESPECIFICA,2022,10,6,1,5,MADRUGADA,SIERRA,2,0,GRAVE_MORTALIDAD,1,0
DESPISTE,1,1,1,LA LIBERTAD,SANCHEZ CARRION,CHUGAY,RURAL,CARRETERA,NACIONAL,PE-10C,-7.819402,-77.883862,DESPEJADO,RURAL,CURVA,PLANA ,TROCHA,SIN_DATO,SIN_DATO,SIN_DATO,SIN_DATO,EN PROCESO DE INVESTIGACIÓN,NO CUENTA CON CAUSA ESPECIFICA,2022,10,6,1,7,MAÑANA,COSTA,1,1,LEVE,0,0
CHOQUE FUGA,1,0,1,MADRE DE DIOS,TAMBOPATA,INAMBARI,SIN_DATO,CARRETERA,NACIONAL,PE-30C,-12.908503,-69.917314,SIN_DATO,SIN_DATO,SIN_DATO,SIN_DATO,SIN_DATO,SIN_DATO,SIN_DATO,SIN_DATO,SIN_DATO,EN PROCESO DE INVESTIGACIÓN,NO CUENTA CON CAUSA ESPECIFICA,2022,10,6,1,12,TARDE,SELVA,1,0,LEVE,0,0
VOLCADURA,1,0,1,JUNIN,HUANCAYO,PUCARA,RURAL,CARRETERA,NACIONAL,PE-3SC,-12.18702,-75.137475363,DESPEJADO,RURAL,CURVA,INCLINADA,ASFALTADA,SIN_DATO,SIN_DATO,SIN_DATO,SIN_DATO,IMPRUDENCIA DEL CONDUCTOR,CONDUCIR EN ESTADO DE EBRIEDAD Y/O DROGADICCIÓN,2022,10,6,1,15,TARDE,SIERRA,1,0,LEVE,0,0
DESPISTE,1,0,1,CUSCO,LA CONVENCION,ECHARATE,RURAL,CARRETERA,SIN CLASIFICAR,SIN CLASIFICAR,-12.648293445410893,-72.56421178579332,DESPEJADO,RURAL,OTRO,PLANA ,TROCHA,SIN_DATO,SIN_DATO,SIN_DATO,SIN_DATO,IMPRUDENCIA DEL CONDUCTOR,CONDUCIR EN ESTADO DE EBRIEDAD Y/O DROGADICCIÓN,2022,10,6,1,17,TARDE,SIERRA,1,0,LEVE,0,0