CLASE SINIESTRO,CANTIDAD DE FALLECIDOS,CANTIDAD DE LESIONADOS,CANTIDAD DE VEHICULOS DAÑADOS,DEPARTAMENTO,PROVINCIA,DISTRITO,ZONA,TIPO DE VÍA,RED VIAL,COD CARRETERA,COORDENADAS LATITUD,COORDENADAS  LONGITUD,CONDICIÓN CLIMÁTICA,ZONIFICACIÓN,CARACTERÍSTICAS DE VÍA,PERFIL LONGITUDINAL VÍA,SUPERFICIE DE CALZADA,¿EXISTE SEÑAL VERTICAL?,CLASIFICACIÓN DE LA SEÑAL VERTICAL Nº 1,CLASIFICACIÓN DE LA SEÑAL VERTICAL Nº 2,¿EXISTE SEÑAL HORIZONTAL?,CAUSA FACTOR PRINCIPAL,CAUSA ESPECÍFICA,AÑO,MES,DIA_SEMANA,ES_FIN_SEMANA,HORA_NUM,FRANJA_HORARIA,REGION_NATURAL,FALLECIDOS,LESIONADOS,CATEGORIA_SEVERIDAD,MORTALIDAD_MULTIPLE,LESION_MULTIPLE
DESPISTE,1,0,1,LA LIBERTAD,TRUJILLO,MOCHE,URBANA,CARRETERA,PROVINCIAL,LI-1102,-8.1776853,-79.0122907,DESPEJADO,COMERCIAL,TRAMO RECTO,PLANA ,ASFALTADA,SIN_DATO,SIN_DATO,SIN_DATO,SIN_DATO,EN PROCESO DE INVESTIGACIÓN,NO CUENTA CON CAUSA ESPECIFICA,2023,3,6,1,4,MADRUGADA,COSTA,1,0,LEVE,0,0
DESPISTE,1,0,1,LA LIBERTAD,TRUJILLO,TRUJILLO,URBANA,AVENIDA,URBANO,NO CORRESPONDE,-8.1280498,-79.0407257,DESPEJADO,COMERCIAL,TRAMO RECTO,PLANA ,ASFALTADA,SIN_DATO,SIN_DATO,SIN_DATO,SIN_DATO,EN PROCESO DE INVESTIGACIÓN,NO CUENTA CON CAUSA ESPECIFICA,2023,3,6,1,4,MADRUGADA,COSTA,1,0,LEVE,0,0
CHOQUE,1,0,2,AREQUIPA,ISLAY,COCACHACRA,RURAL,CARRETERA,NACIONAL,PE-1NA,-17.0885637,-71.7546942,DESPEJADO,RURAL,TRAMO RECTO,PLANA ,ASFALTADA,SIN_DATO,SIN_DATO,SIN_DATO,SIN_DATO,EN PROCESO DE INVESTIGACIÓN,NO CUENTA CON CAUSA ESPECIFICA,2023,3,6,1,6,MAÑANA,COSTA,1,0,LEVE,0,0
CHOQUE,1,0,2,AREQUIPA,ISLAY,MEJIA,RURAL,CARRETERA,PROVINCIAL,AR-815,-17.0880411783032,-71.9052503318667,DESPEJADO,RURAL,CURVA,PLANA ,ASFALTADA,SI,REGULADORA (R),SIN_DATO,SI,EN PROCESO DE INVESTIGACIÓN,NO CUENTA CON CAUSA ESPECIFICA,2023,3,6,1,6,MAÑANA,COSTA,1,0,LEVE,0,0
DESPISTE,1,2,1,ANCASH,SANTA,SAMANCO,RURAL,CARRETERA,PROVINCIAL,AN-933,-9.290535,-78.483732,DESPEJADO,RURAL,TRAMO RECTO,PLANA ,ASFALTADA,SIN_DATO,SIN_DATO,SIN_DATO,SIN_DATO,IMPRUDENCIA DEL CONDUCTOR,CONDUCIR EN ESTADO DE EBRIEDAD Y/O DROGADICCIÓN,2023,3,6,1,7,MAÑANA,SIERRA,1,2,LEVE,0,0
ATROPELLO,1,0,1,AYACUCHO,LUCANAS,PUQUIO,URBANA,JIRÓN,URBANO,NO CORRESPONDE,-14.6954415666746,-74.1206954840495,DESPEJADO,RESIDENCIAL,TRAMO RECTO,INCLINADA,ASFALTADA,SI,INFORMATIVA (I),INFORMATIVA (I),NO,IMPRUDENCIA DEL CONDUCTOR,OTRO (IMPRUDENCIA DEL CONDUCTOR),2023,3,6,1,11,MAÑANA,SIERRA,1,0,LEVE,0,0
CHOQUE,1,2,1,LIMA,LIMA,CHORRILLOS,URBANA,AVENIDA,URBANO,NO CORRESPONDE,-12.19529584,-77.00127544,DESPEJADO,COMERCIAL,INTERSECCIÓN,PLANA ,ASFALTADA,SIN_DATO,SIN_DATO,SIN_DATO,SIN_DATO,IMPRUDENCIA DEL CONDUCTOR,OTRO (IMPRUDENCIA DEL CONDUCTOR),2023,3,6,1,12,TARDE,COSTA,1,2,LEVE,0,0
CHOQUE,2,2,2,LA LIBERTAD,VIRU,VIRU,RURAL,CARRETERA,NACIONAL,PE-1N,-8.4369753,-78.7622822,DESPEJADO,RURAL,TRAMO RECTO,PLANA ,ASFALTADA,SIN_DATO,SIN_DATO,SIN_DATO,SIN_DATO,IMPRUDENCIA DEL CONDUCTOR,FATIGA Y/O CANSANCIO,2023,3,6,1,18,NOCHE,COSTA,2,2,GRAVE_MORTALIDAD,1,0
CHOQUE,1,0,2,LAMBAYEQUE,CHICLAYO,PATAPO,RURAL,CARRETERA,NACIONAL,PE-06A,-6.7363369,-79.5400284,DESPEJADO,RURAL,TRAMO RECTO,PLANA ,ASFALTADA,SIN_DATO,SIN_DATO,SIN_DATO,SIN_DATO,EN PROCESO DE INVESTIGACIÓN,NO CUENTA CON CAUSA ESPECIFICA,2023,3,6,1,19,NOCHE,COSTA,1,0,LEVE,0,0
ATROPELLO FUGA,1,0,1,LA LIBERTAD,PACASMAYO,SAN JOSE,RURAL,CARRETERA,PROVINCIAL,LI-571,-7.349489734513459,-79.4571160111886,DESPEJADO,RURAL,TRAMO RECTO,PLANA ,ASFALTADA,SIN_DATO,SIN_DATO,SIN_DATO,SIN_DATO,EN PROCESO DE INVESTIGACIÓN,NO CUENTA CON CAUSA ESPECIFICA,2023,3,0,0,5,MADRUGADA,COSTA,1,0,LEVE,0,0
DESPISTE,1,6,1,TACNA,TACNA,SAMA,RURAL,CARRETERA,NACIONAL,PE-1SD,-18.141939,-70.691846,DESPEJADO,RURAL,TRAMO RECTO,PLANA ,ASFALTADA,SIN_DATO,SIN_DATO,SIN_DATO,SIN_DATO,IMPERICIA DEL CONDUCTOR,SIN_DATO,2023,3,0,0,10,MAÑANA,COSTA,1,6,GRAVE_LESIONADOS,0,1
DESPISTE,1,1,1,LA LIBERTAD,PATAZ,PARCOY,RURAL,CARRETERA,NACIONAL,PE-10C,-7.909212,-77.57818,DESPEJADO,RURAL,CURVA,INCLINADA,TROCHA,SIN_DATO,SIN_DATO,SIN_DATO,SIN_DATO,EN PROCESO DE INVESTIGACIÓN,NO CUENTA CON CAUSA ESPECIFICA,2023,3,0,0,14,TARDE,COSTA,1,1,LEVE,0,0
CHOQUE,1,0,1,PIURA,PIURA,CASTILLA,RURAL,CARRETERA,DEPARTAMENTAL,PI-126,-5.128833374424404,-80.60548655869412,DESPEJADO,RURAL,TRAMO RECTO,PLANA ,ASFALTADA,SIN_DATO,SIN_DATO,SIN_DATO,SIN_DATO,IMPRUDENCIA DEL CONDUCTOR,EXCESO DE VELOCIDAD,2023,3,1,0,5,MADRUGADA,COSTA,1,0,LEVE,0,0
CHOQUE,1,0,1,LIMA,LIMA,SAN MARTIN DE PORRES,URBANA,AVENIDA,URBANO,NO CORRESPONDE,-11.98905394,-77.10535899,DESPEJADO,COMERCIAL,INTERSECCIÓN,PLANA ,ASFALTADA,SIN_DATO,SIN_DATO,SIN_DATO,SIN_DATO,EN PROCESO DE INVESTIGACIÓN,NO CUENTA CON CAUSA ESPECIFICA,2023,3,1,0,5,MADRUGADA,COSTA,1,0,LEVE,0,0
DESPISTE,1,0,1,HUANCAVELICA,HUAYTARA,CORDOVA,RURAL,CARRETERA,PROVINCIAL,HV-1008,-14.04027,-75.18409,DESPEJADO,RURAL,OTRO,PLANA ,TROCHA,SIN_DATO,SIN_DATO,SIN_DATO,SIN_DATO,EN PROCESO DE INVESTIGACIÓN,NO CUENTA CON CAUSA ESPECIFICA,2023,3,1,0,16,TARDE,SIERRA,1,0,LEVE,0,0
CHOQUE,1,0,1,CAJAMARCA,CAJAMARCA,CAJAMARCA,URBANA,JIRÓN,URBANO,NO CORRESPONDE,-7.15959,-78.514515,LLUVIOSO,COMERCIAL,INTERSECCIÓN,INCLINADA,AFIRMADO,SI,REGULADORA (R),SIN_DATO,SI,IMPRUDENCIA DEL CONDUCTOR,CONDUCIR EN ESTADO DE EBRIEDAD Y/O DROGADICCIÓN,2023,3,2,0,4,MADRUGADA,SIERRA,1,0,LEVE,0,0
CHOQUE FUGA,1,0,1,CUSCO,CANCHIS,SICUANI,RURAL,CARRETERA,NACIONAL,PE-3S,-14.2263873,-71.282296,DESPEJADO,RURAL,TRAMO RECTO,PLANA ,ASFALTADA,SIN_DATO,SIN_DATO,SIN_DATO,SIN_DATO,EN PROCESO DE INVESTIGACIÓN,NO CUENTA CON CAUSA ESPECIFICA,2023,3,2,0,6,MAÑANA,SIERRA,1,0,LEVE,0,0
ATROPELLO,1,0,0,HUANCAVELICA,HUANCAVELICA,HUANDO,URBANA,AVENIDA,URBANO,NO CORRESPONDE,-12.56733320410152,-74.94995344023523,DESPEJADO,ESCOLAR,TRAMO RECTO,PLANA ,ASFALTADA,SIN_DATO,SIN_DATO,SIN_DATO,SIN_DATO,EN PROCESO DE INVESTIGACIÓN,NO CUENTA CON CAUSA ESPECIFICA,2023,3,2,0,9,MAÑANA,SIERRA,1,0,LEVE,0,0
DESPISTE,2,3,1,PIURA,PIURA,CASTILLA,RURAL,CARRETERA,NACIONAL,PE-1NU,-5.139239044625019,-80.44386807118774,DESPEJADO,RURAL,TRAMO RECTO,PLANA ,ASFALTADA,SIN_DATO,SIN_DATO,SIN_DATO,SIN_DATO,NEGLIGENCIA DEL CONDUCTOR,CONDUCIR CON FALLAS DE NEUMÁTICOS,2023,3,2,0,14,TARDE,COSTA,2,3,GRAVE_MORTALIDAD,1,1
CHOQUE,1,0,1,LIMA,LIMA,LURIN,URBANA,CARRETERA,NACIONAL,PE-1S,-12.24646301046602,-76.93613311515227,DESPEJADO,INDUSTRIAL,TRAMO RECTO,PLANA ,ASFALTADA,SIN_DATO,SIN_DATO,SIN_DATO,SIN_DATO,IMPRUDENCIA DEL CONDUCTOR,OTRO (IMPRUDENCIA DEL CONDUCTOR),2023,3,2,0,15,TARDE,COSTA,1,0,LEVE,0,0
ATROPELLO,1,0,1,APURIMAC,COTABAMBAS,TAMBOBAMBA,RURAL,CARRETERA,PROVINCIAL,AP-940,-14.001840472222597,-72.2451444188574,SIN_DATO,SIN_DATO,SIN_DATO,SIN_DATO,SIN_DATO,SIN_DATO,SIN_DATO,SIN_DATO,SIN_DATO,EN PROCESO DE INVESTIGACIÓN,NO CUENTA CON CAUSA ESPECIFICA,2023,3,2,0,21,NOCHE,SIERRA,1,0,LEVE,0,0
CHOQUE,1,2,3,CAJAMARCA,CHOTA,CHOTA,URBANA,JIRÓN,URBANO,NO CORRESPONDE,-6.567786,-78.648946,SOLEADO,RESIDENCIAL,TRAMO RECTO,INCLINADA,CONCRETO,SIN_DATO,SIN_DATO,SIN_DATO,SIN_DATO,EN PROCESO DE INVESTIGACIÓN,NO CUENTA CON CAUSA ESPECIFICA,2023,3,3,0,10,MAÑANA,SIERRA,1,2,LEVE,0,0
ATROPELLO,1,0,1,LIMA,LIMA,COMAS,URBANA,AVENIDA,URBANO,NO CORRESPONDE,-11.94773263399341,-77.04965790805825,DESPEJADO,COMERCIAL,TRAMO RECTO,PLANA ,ASFALTADA,SIN_DATO,SIN_DATO,SIN_DATO,SIN_DATO,IMPRUDENCIA DEL CONDUCTOR,EXCESO DE VELOCIDAD,2023,3,3,0,11,MAÑANA,COSTA,1,0,LEVE,0,0
CHOQUE,1,1,1,LIMA,LIMA,SAN JUAN DE LURIGANCHO,URBANA,AVENIDA,URBANO,NO CORRESPONDE,-12.01803437,-77.00198335,DESPEJADO,COMERCIAL,INTERSECCIÓN,PLANA ,ASFALTADA,SIN_DATO,SIN_DATO,SIN_DATO,SIN_DATO,IMPRUDENCIA DEL CONDUCTOR,OTRO (IMPRUDENCIA DEL CONDUCTOR),2023,3,3,0,13,TARDE,COSTA,1,1,LEVE,0,0
ATROPELLO FUGA,1,0,1,LIMA,LIMA,SAN JUAN DE LURIGANCHO,URBANA,AVENIDA,URBANO,NO CORRESPONDE,-12.01920608,-76.98685732,DESPEJADO,RESIDENCIAL,TRAMO RECTO,PLANA ,ASFALTADA,SIN_DATO,SIN_DATO,SIN_DATO,SIN_DATO,IMPRUDENCIA DEL PEATÓN,OTRO (IMPRUDENCIA DEL PEATÓN),2023,3,3,0,14,TARDE,COSTA,1,0,LEVE,0,0
CHOQUE,1,0,2,CUSCO,ANTA,ANTA,URBANA,CARRETERA,NACIONAL,PE-3S,-13.477006,-72.120795,DESPEJADO,COMERCIAL,CURVA,INCLINADA,ASFALTADA,SI,PREVENTIVA (P),SIN_DATO,SI,IMPRUDENCIA DEL CONDUCTOR,GIRAR IMPRUDENTEMENTE,2023,3,3,0,14,TARDE,SIERRA,1,0,LEVE,0,0
DESPISTE,2,1,1,LA LIBERTAD,SANCHEZ CARRION,COCHORCO,RURAL,CARRETERA,NACIONAL,PE-10C,-7.774657,-77.776896,DESPEJADO,RURAL,CURVA,PLANA ,AFIRMADO,SIN_DATO,SIN_DATO,SIN_DATO,SIN_DATO,EN PROCESO DE INVESTIGACIÓN,NO CUENTA CON CAUSA ESPECIFICA,2023,3,3,0,17,TARDE,COSTA,2,1,GRAVE_MORTALIDAD,1,0
ATROPELLO,1,0,1,TACNA,TACNA,LA YARADA LOS PALOS,URBANA,CARRETERA,PROVINCIAL,TA-644,-18.28434,-70.4373,DESPEJADO,COMERCIAL,TRAMO RECTO,PLANA ,ASFALTADA,SIN_DATO,SIN_DATO,SIN_DATO,SIN_DATO,IMPRUDENCIA DEL PEATÓN,CRUCE INDEBIDO POR LA CALZADA,2023,3,4,0,18,NOCHE,COSTA,1,0,LEVE,0,0
VOLCADURA,1,0,1,LORETO,MAYNAS,SAN JUAN BAUTISTA,RURAL,CALLE,URBANO,NO CORRESPONDE,-3.767798,-73.291104,DESPEJADO,RURAL,INTERSECCIÓN,PLANA ,AFIRMADO,SIN_DATO,SIN_DATO,SIN_DATO,SIN_DATO,IMPRUDENCIA DEL CONDUCTOR,OTRO (IMPRUDENCIA DEL CONDUCTOR),2023,3,4,0,19,NOCHE,SELVA,1,0,LEVE,0,0
CHOQUE,1,0,2,ICA,PISCO,INDEPENDENCIA,RURAL,CARRETERA,NACIONAL,PE-28A,-13.71068482,-75.982976,VENTARRÓN,RURAL,TRAMO RECTO,PLANA ,ASFALTADA,SIN_DATO,SIN_DATO,SIN_DATO,SIN_DATO,EN PROCESO DE INVESTIGACIÓN,NO CUENTA CON CAUSA ESPECIFICA,2023,3,4,0,20,NOCHE,COSTA,1,0,LEVE,0,0
ATROPELLO FUGA,1,0,1,LA LIBERTAD,PACASMAYO,SAN PEDRO DE LLOC,RURAL,CARRETERA,NACIONAL,PE-1N,-7.5310834,-79.3937702,DESPEJADO,RURAL,TRAMO RECTO,PLANA ,ASFALTADA,SIN_DATO,SIN_DATO,SIN_DATO,SIN_DATO,IMPRUDENCIA DEL CONDUCTOR,OTRO (IMPRUDENCIA DEL CONDUCTOR),2023,3,5,1,5,MADRUGADA,COSTA,1,0,LEVE,0,0
ATROPELLO,1,0,1,JUNIN,HUANCAYO,HUANCAYO,URBANA,CARRETERA,NACIONAL,PE-3S,-12.071543,-75.214018,DESPEJADO,RURAL,INTERSECCIÓN,PLANA ,ASFALTADA,SI,REGULADORA (R),SIN_DATO,SI,IMPRUDENCIA DEL PEATÓN,CRUCE INDEBIDO POR LA CALZADA,2023,3,5,1,12,TARDE,SIERRA,1,0,LEVE,0,0
DESPISTE,1,0,1,LA LIBERTAD,VIRU,CHAO,RURAL,CARRETERA,DEPARTAMENTAL,LI-122,-8.479337840485625,-78.57308145229328,DESPEJADO,RURAL,TRAMO RECTO,PLANA ,ASFALTADA,SIN_DATO,SIN_DATO,SIN_DATO,SIN_DATO,EN PROCESO DE INVESTIGACIÓN,NO CUENTA CON CAUSA ESPECIFICA,2023,3,5,1,17,TARDE,COSTA,1,0,LEVE,0,0
DESPISTE,1,3,1,LA LIBERTAD,VIRU,VIRU,RURAL,CARRETERA,NACIONAL,PE-1N,-8.4587126,-78.7252153,DESPEJADO,RURAL,TRAMO RECTO,PLANA ,ASFALTADA,SIN_DATO,SIN_DATO,SIN_DATO,SIN_DATO,IMPRUDENCIA DEL CONDUCTOR,EXCESO DE VELOCIDAD,2023,3,5,1,22,NOCHE,COSTA,1,3,GRAVE_LESIONADOS,0,1
ATROPELLO FUGA,1,0,1,LAMBAYEQUE,LAMBAYEQUE,LAMBAYEQUE,RURAL,CARRETERA,NACIONAL,PE-1N,-6.6889868,-79.9037983,DESPEJADO,RURAL,TRAMO RECTO,PLANA ,ASFALTADA,SIN_DATO,SIN_DATO,SIN_DATO,SIN_DATO,EN PROCESO DE INVESTIGACIÓN,NO CUENTA CON CAUSA ESPECIFICA,2023,3,6,1,7,MAÑANA,COSTA,1,0,LEVE,0,0
CHOQUE,1,8,2,AREQUIPA,CAYLLOMA,SAN ANTONIO DE CHUCA,RURAL,CARRETERA,NACIONAL,PE-34A,-15.986356,-71.254004,LLUVIOSO,RURAL,CURVA,INCLINADA,ASFALTADA,NO,SIN_DATO,SIN_DATO,SI,EN PROCESO DE INVESTIGACIÓN,NO CUENTA CON CAUSA ESPECIFICA,2023,3,6,1,13,TARDE,COSTA,1,8,GRAVE_LESIONADOS,0,1
ATROPELLO FUGA,1,0,1,LAMBAYEQUE,CHICLAYO,PATAPO,RURAL,CARRETERA,NACIONAL,PE-06A,-6.7393081,-79.6362104,DESPEJADO,RURAL,TRAMO RECTO,PLANA ,ASFALTADA,SIN_DATO,SIN_DATO,SIN_DATO,SIN_DATO,EN PROCESO DE INVESTIGACIÓN,NO CUENTA CON CAUSA ESPECIFICA,2023,3,6,1,15,TARDE,COSTA,1,0,LEVE,0,0
ATROPELLO,1,0,1,LIMA,LIMA,CHORRILLOS,URBANA,CARRETERA,NACIONAL,PE-1S,-12.218937,-76.977076,DESPEJADO,INDUSTRIAL,TRAMO RECTO,PLANA ,ASFALTADA,SI,REGULADORA (R),SIN_DATO,NO,IMPRUDENCIA DEL PEATÓN,OTRO (IMPRUDENCIA DEL PEATÓN),2023,3,6,1,22,NOCHE,COSTA,1,0,LEVE,0,0
CHOQUE,1,0,1,ICA,NASCA,NASCA,URBANA,CARRETERA,NACIONAL,PE-30A,-14.8405,-74.93178,DESPEJADO,RURAL,TRAMO RECTO,PLANA ,ASFALTADA,SIN_DATO,SIN_DATO,SIN_DATO,SIN_DATO,EN PROCESO DE INVESTIGACIÓN,NO CUENTA CON CAUSA ESPECIFICA,2023,3,0,0,5,MADRUGADA,COSTA,1,0,LEVE,0,0
CAÍDA DE PASAJERO,1,0,1,LIMA,LIMA,ANCON,URBANA,CARRETERA,NACIONAL,PE-1N,-11.812734,-77.12962,DESPEJADO,COMERCIAL,TRAMO RECTO,PLANA ,ASFALTADA,SIN_DATO,SIN_DATO,SIN_DATO,SIN_DATO,EN PROCESO DE INVESTIGACIÓN,NO CUENTA CON CAUSA ESPECIFICA,2023,3,0,0,15,TARDE,COSTA,1,0,LEVE,0,0
DESPISTE,1,0,1,AMAZONAS,RODRIGUEZ DE MENDOZA,LONGAR,RURAL,CARRETERA,NACIONAL,PE-08B,-6.3699019,-77.5221742,LLUVIOSO,RURAL,CURVA,INCLINADA,AFIRMADO,SIN_DATO,SIN_DATO,SIN_DATO,SIN_DATO,EN PROCESO DE INVESTIGACIÓN,NO CUENTA CON CAUSA ESPECIFICA,2023,3,0,0,20,NOCHE,SELVA,1,0,LEVE,0,0
ATROPELLO FUGA,1,0,1,LIMA,LIMA,LIMA,URBANA,JIRÓN,URBANO,NO CORRESPONDE,-12.04945744,-77.01956828,DESPEJADO,RESIDENCIAL,TRAMO RECTO,PLANA ,ASFALTADA,SIN_DATO,SIN_DATO,SIN_DATO,SIN_DATO,IMPRUDENCIA DEL PEATÓN,OTRO (IMPRUDENCIA DEL PEATÓN),2023,3,0,0,23,NOCHE,COSTA,1,0,LEVE,0,0
CHOQUE,2,1,2,PUNO,PUNO,PUNO,RURAL,CARRETERA,NACIONAL,PE-3S,-15.876976,-69.926815,DESPEJADO,RURAL,TRAMO RECTO,PLANA ,ASFALTADA,SIN_DATO,SIN_DATO,SIN_DATO,SIN_DATO,INFRAESTRUCTURA Y ENTORNO VIAL,OTRO (INFRAESTRUCTURA Y ENTORNO VIAL),2023,3,0,0,23,NOCHE,SIERRA,2,1,GRAVE_MORTALIDAD,1,0
CHOQUE,1,0,1,LIMA,LIMA,SAN BORJA,URBANA,CARRETERA,NACIONAL,PE-1S,-12.10486683,-76.9790993,NUBLADO,RESIDENCIAL,TRAMO RECTO,PLANA ,ASFALTADA,SIN_DATO,SIN_DATO,SIN_DATO,SIN_DATO,IMPRUDENCIA DEL CONDUCTOR,OTRO (IMPRUDENCIA DEL CONDUCTOR),2023,3,2,0,0,MADRUGADA,COSTA,1,0,LEVE,0,0
CHOQUE,1,0,2,LA LIBERTAD,TRUJILLO,TRUJILLO,URBANA,CARRETERA,NACIONAL,PE-10A,-8.122764353828762,-79.00702002867499,DESPEJADO,RURAL,INTERSECCIÓN,PLANA ,ASFALTADA,SIN_DATO,SIN_DATO,SIN_DATO,SIN_DATO,IMPRUDENCIA DEL CONDUCTOR,ADELANTAR INDEBIDAMENTE,2023,3,2,0,8,MAÑANA,COSTA,1,0,LEVE,0,0
CHOQUE,1,1,2,CUSCO,ANTA,LIMATAMBO,RURAL,CARRETERA,NACIONAL,PE-3S,-13.46172,-72.42498,DESPEJADO,RURAL,TRAMO RECTO,INCLINADA,ASFALTADA,SI,PREVENTIVA (P),SIN_DATO,SI,IMPRUDENCIA DEL CONDUCTOR,FATIGA Y/O CANSANCIO,2023,3,2,0,16,TARDE,SIERRA,1,1,LEVE,0,0
ATROPELLO,1,2,1,CALLAO,CALLAO,VENTANILLA,URBANA,AVENIDA,URBANO,NO CORRESPONDE,-11.8282122,-77.124005617,SIN_DATO,SIN_DATO,SIN_DATO,SIN_DATO,SIN_DATO,SIN_DATO,SIN_DATO,SIN_DATO,SIN_DATO,EN PROCESO DE INVESTIGACIÓN,NO CUENTA CON CAUSA ESPECIFICA,2023,3,2,0,20,NOCHE,COSTA,1,2,LEVE,0,0
CHOQUE,2,2,2,LA LIBERTAD,VIRU,GUADALUPITO,RURAL,CARRETERA,NACIONAL,PE-1N,-8.703279,-78.639559,DESPEJADO,RURAL,TRAMO RECTO,PLANA ,ASFALTADA,SIN_DATO,SIN_DATO,SIN_DATO,SIN_DATO,IMPRUDENCIA DEL CONDUCTOR,ADELANTAR INDEBIDAMENTE,2023,3,3,0,5,MADRUGADA,COSTA,2,2,GRAVE_MORTALIDAD,1,0
DESPISTE,1,1,1,AMAZONAS,LUYA,TINGO,URBANA,JIRÓN,URBANO,NO CORRESPONDE,-6.372585,-77.91969,SOLEADO,RURAL,CURVA,INCLINADA,AFIRMADO,SIN_DATO,SIN_DATO,SIN_DATO,SIN_DATO,EN PROCESO DE INVESTIGACIÓN,NO CUENTA CON CAUSA ESPECIFICA,2023,3,3,0,7,MAÑANA,SELVA,1,1,LEVE,0,0
DESPISTE,2,0,1,CUSCO,PAUCARTAMBO,CAICAY,RURAL,CARRETERA,DEPARTAMENTAL,CU-113,-13.557643,-71.708535,DESPEJADO,RURAL,TRAMO RECTO,PLANA ,ASFALTADA,SIN_DATO,SIN_DATO,SIN_DATO,SIN_DATO,EN PROCESO DE INVESTIGACIÓN,NO CUENTA CON CAUSA ESPECIFICA,2023,3,3,0,7,MAÑANA,SIERRA,2,0,GRAVE_MORTALIDAD,1,0
ATROPELLO,1,0,1,JUNIN,JAUJA,ACOLLA,URBANA,CARRETERA,NACIONAL,PE-3SA,-11.734159642247311,-75.5435030793657,DESPEJADO,RURAL,TRAMO RECTO,PLANA ,ASFALTADA,NO,SIN_DATO,SIN_DATO,SI,EN PROCESO DE INVESTIGACIÓN,NO CUENTA CON CAUSA ESPECIFICA,2023,3,3,0,11,MAÑANA,SIERRA,1,0,LEVE,0,0
DESPISTE,1,1,1,HUANUCO,LEONCIO PRADO,PUEBLO NUEVO,RURAL,CARRETERA,SIN CLASIFICAR,SIN CLASIFICAR,-9.141821,-75.991229,DESPEJADO,RURAL,CURVA,INCLINADA,AFIRMADO,SIN_DATO,SIN_DATO,SIN_DATO,SIN_DATO,IMPERICIA DEL CONDUCTOR,SIN_DATO,2023,3,3,0,12,TARDE,SIERRA,1,1,LEVE,0,0
CHOQUE,1,1,2,PUNO,PUNO,ACORA,RURAL,CARRETERA,PROVINCIAL,PU-1140,-15.9942195,-69.7620055,DESPEJADO,RURAL,TRAMO RECTO,PLANA ,TROCHA,SIN_DATO,SIN_DATO,SIN_DATO,SIN_DATO,IMPRUDENCIA DEL CONDUCTOR,OTRO (IMPRUDENCIA DEL CONDUCTOR),2023,3,3,0,14,TARDE,SIERRA,1,1,LEVE,0,0
CHOQUE FUGA,1,2,1,LA LIBERTAD,TRUJILLO,LAREDO,RURAL,CARRETERA,NACIONAL,PE-10A,-8.096748,-78.933935,DESPEJADO,COMERCIAL,TRAMO RECTO,PLANA ,ASFALTADA,SIN_DATO,SIN_DATO,SIN_DATO,SIN_DATO,EN PROCESO DE INVESTIGACIÓN,NO CUENTA CON CAUSA ESPECIFICA,2023,3,3,0,20,NOCHE,COSTA,1,2,LEVE,0,0
VOLCADURA,1,0,1,LIMA,LIMA,SAN JUAN DE LURIGANCHO,URBANA,AVENIDA,URBANO,NO CORRESPONDE,-12.02998879,-77.02038547,DESPEJADO,COMERCIAL,TRAMO RECTO,PLANA ,ASFALTADA,SIN_DATO,SIN_DATO,SIN_DATO,SIN_DATO,IMPRUDENCIA DEL CONDUCTOR,EXCESO DE VELOCIDAD,2023,3,3,0,22,NOCHE,COSTA,1,0,LEVE,0,0
CHOQUE,1,0,2,LA LIBERTAD,VIRU,VIRU,RURAL,CARRETERA,NACIONAL,PE-1N,-8.4535225,-78.7307148,DESPEJADO,RURAL,TRAMO RECTO,PLANA ,ASFALTADA,SIN_DATO,SIN_DATO,SIN_DATO,SIN_DATO,EN PROCESO DE INVESTIGACIÓN,NO CUENTA CON CAUSA ESPECIFICA,2023,3,4,0,5,MADRUGADA,COSTA,1,0,LEVE,0,0
DESPISTE,1,1,1,ANCASH,SANTA,SAMANCO,RURAL,CARRETERA,NACIONAL,PE-1N,-9.309308,-78.404054,DESPEJADO,RURAL,TRAMO RECTO,INCLINADA,ASFALTADA,SIN_DATO,SIN_DATO,SIN_DATO,SIN_DATO,INFRAESTRUCTURA Y ENTORNO VIAL,ABANDONO DE OBJETOS EN LA VÍA,2023,3,4,0,9,MAÑANA,SIERRA,1,1,LEVE,0,0
CHOQUE,1,0,1,CALLAO,CALLAO,CALLAO,URBANA,CARRETERA,NACIONAL,PE-20,-12.0356703147664,-77.1275317486346,DESPEJADO,INDUSTRIAL,TRAMO RECTO,PLANA ,ASFALTADA,SI,REGULADORA (R),SIN_DATO,SI,IMPRUDENCIA DEL CONDUCTOR,OTRO (IMPRUDENCIA DEL CONDUCTOR),2023,3,4,0,9,MAÑANA,COSTA,1,0,LEVE,0,0
DESPISTE,2,11,1,CUSCO,ESPINAR,COPORAQUE,RURAL,CARRETERA,NACIONAL,PE-3SG,-14.594712454714225,-71.69237393059306,NUBLADO,RURAL,CURVA,INCLINADA,ASFALTADA,SIN_DATO,SIN_DATO,SIN_DATO,SIN_DATO,EN PROCESO DE INVESTIGACIÓN,NO CUENTA CON CAUSA ESPECIFICA,2023,3,4,0,14,TARDE,SIERRA,2,11,GRAVE_MORTALIDAD,1,1
CHOQUE,1,1,1,LIMA,LIMA,COMAS,URBANA,AVENIDA,URBANO,NO CORRESPONDE,-11.913066255519231,-77.00300212566364,DESPEJADO,RESIDENCIAL,TRAMO RECTO,PLANA ,ASFALTADA,SIN_DATO,SIN_DATO,SIN_DATO,SIN_DATO,EN PROCESO DE INVESTIGACIÓN,NO CUENTA CON CAUSA ESPECIFICA,2023,3,4,0,19,NOCHE,COSTA,1,1,LEVE,0,0