CLASE SINIESTRO,CANTIDAD DE FALLECIDOS,CANTIDAD DE LESIONADOS,CANTIDAD DE VEHICULOS DAÑADOS,DEPARTAMENTO,PROVINCIA,DISTRITO,ZONA,TIPO DE VÍA,RED VIAL,COD CARRETERA,COORDENADAS LATITUD,COORDENADAS  LONGITUD,CONDICIÓN CLIMÁTICA,ZONIFICACIÓN,CARACTERÍSTICAS DE VÍA,PERFIL LONGITUDINAL VÍA,SUPERFICIE DE CALZADA,¿EXISTE SEÑAL VERTICAL?,CLASIFICACIÓN DE LA SEÑAL VERTICAL Nº 1,CLASIFICACIÓN DE LA SEÑAL VERTICAL Nº 2,¿EXISTE SEÑAL HORIZONTAL?,CAUSA FACTOR PRINCIPAL,CAUSA ESPECÍFICA,AÑO,MES,DIA_SEMANA,ES_FIN_SEMANA,HORA_NUM,FRANJA_HORARIA,REGION_NATURAL,FALLECIDOS,LESIONADOS,CATEGORIA_SEVERIDAD,MORTALIDAD_MULTIPLE,LESION_MULTIPLE
ATROPELLO FUGA,1,0,1,CUSCO,CUSCO,SAN SEBASTIAN,URBANA,AVENIDA,URBANO,NO CORRESPONDE,-13.532598,-71.919976,DESPEJADO,COMERCIAL,TRAMO RECTO,PLANA ,ASFALTADA,SI,PREVENTIVA (P),SIN_DATO,NO,IMPRUDENCIA DEL PEATÓN,ESTADO DE EBRIEDAD Y/O DROGADICCIÓN,2023,6,6,1,2,MADRUGADA,SIERRA,1,0,LEVE,0,0
ATROPELLO FUGA,1,0,1,LIMA,LIMA,ATE,URBANA,CARRETERA,NACIONAL,PE-22,-12.00829,-76.860486,DESPEJADO,INDUSTRIAL,TRAMO RECTO,INCLINADA,ASFALTADA,SIN_DATO,SIN_DATO,SIN_DATO,SIN_DATO,EN PROCESO DE INVESTIGACIÓN,NO CUENTA CON CAUSA ESPECIFICA,2023,6,6,1,6,MAÑANA,COSTA,1,0,LEVE,0,0
CHOQUE FUGA,1,0,2,PIURA,PIURA,CASTILLA,URBANA,CARRETERA,NACIONAL,PE-1NJ,-5.193530793231174,-80.61389743833014,DESPEJADO,COMERCIAL,TRAMO RECTO,PLANA ,ASFALTADA,SIN_DATO,SIN_DATO,SIN_DATO,SIN_DATO,IMPRUDENCIA DEL CONDUCTOR,EXCESO DE VELOCIDAD,2023,6,6,1,6,MAÑANA,COSTA,1,0,LEVE,0,0
CHOQUE,1,0,1,AREQUIPA,AREQUIPA,VITOR,URBANA,CARRETERA,NACIONAL,PE-1S,-16.4812985,-71.905956782,SOLEADO,RURAL,TRAMO RECTO,INCLINADA,ASFALTADA,SIN_DATO,SIN_DATO,SIN_DATO,SIN_DATO,EN PROCESO DE INVESTIGACIÓN,NO CUENTA CON CAUSA ESPECIFICA,2023,6,6,1,7,MAÑANA,COSTA,1,0,LEVE,0,0
CAÍDA DE PASAJERO,1,0,1,LA LIBERTAD,TRUJILLO,SALAVERRY,URBANA,CALLE,URBANO,NO CORRESPONDE,-8.192137,-78.98095,DESPEJADO,RURAL,TRAMO RECTO,PLANA ,ASFALTADA,SIN_DATO,SIN_DATO,SIN_DATO,SIN_DATO,EN PROCESO DE INVESTIGACIÓN,NO CUENTA CON CAUSA ESPECIFICA,2023,6,6,1,7,MAÑANA,COSTA,1,0,LEVE,0,0
DESPISTE,1,0,1,LIMA,HUAURA,SANTA MARIA,URBANA,CARRETERA,PROVINCIAL,LM-652,-11.093723107060166,-77.57393715840348,DESPEJADO,RESIDENCIAL,TRAMO RECTO,PLANA ,ASFALTADA,SIN_DATO,SIN_DATO,SIN_DATO,SIN_DATO,IMPRUDENCIA DEL CONDUCTOR,CONDUCIR EN ESTADO DE EBRIEDAD Y/O DROGADICCIÓN,2023,6,6,1,11,MAÑANA,COSTA,1,0,LEVE,0,0
CHOQUE CON OBJETO FIJO,1,0,1,PUNO,YUNGUYO,YUNGUYO,URBANA,AVENIDA,URBANO,NO CORRESPONDE,-16.2517237,-69.0908728,DESPEJADO,COMERCIAL,TRAMO RECTO,PLANA ,CONCRETO,SIN_DATO,SIN_DATO,SIN_DATO,SIN_DATO,IMPRUDENCIA DEL CONDUCTOR,OTRO (IMPRUDENCIA DEL CONDUCTOR),2023,6,6,1,16,TARDE,SIERRA,1,0,LEVE,0,0
CHOQUE,1,0,2,LA LIBERTAD,VIRU,CHAO,RURAL,CARRETERA,NACIONAL,PE-1N,-8.564295,-78.673883,DESPEJADO,RURAL,TRAMO RECTO,PLANA ,ASFALTADA,SIN_DATO,SIN_DATO,SIN_DATO,SIN_DATO,EN PROCESO DE INVESTIGACIÓN,NO CUENTA CON CAUSA ESPECIFICA,2023,6,6,1,19,NOCHE,COSTA,1,0,LEVE,0,0
ATROPELLO,1,0,1,ANCASH,YUNGAY,YUNGAY,RURAL,CARRETERA,PROVINCIAL,AN-829,-9.067240648699457,-77.74595258136482,DESPEJADO,RURAL,TRAMO RECTO,PLANA ,ASFALTADA,SI,REGULADORA (R),PREVENTIVA (P),SI,EN PROCESO DE INVESTIGACIÓN,NO CUENTA CON CAUSA ESPECIFICA,2023,6,6,1,20,NOCHE,SIERRA,1,0,LEVE,0,0
CHOQUE,1,2,2,SAN MARTIN,RIOJA,NUEVA CAJAMARCA,RURAL,CARRETERA,SIN CLASIFICAR,SIN CLASIFICAR,-5.9497686,-77.2911855,DESPEJADO,RURAL,CURVA,PLANA ,ASFALTADA,SIN_DATO,SIN_DATO,SIN_DATO,SIN_DATO,IMPRUDENCIA DEL CONDUCTOR,INVASIÓN DE CARRIL,2023,6,6,1,20,NOCHE,SELVA,1,2,LEVE,0,0
DESPISTE,3,2,1,PUNO,CHUCUITO,HUACULLANI,RURAL,CARRETERA,NACIONAL,PE-36A,-16.664977185860323,-69.49539723914677,DESPEJADO,RURAL,CURVA,PLANA ,ASFALTADA,SIN_DATO,SIN_DATO,SIN_DATO,SIN_DATO,IMPRUDENCIA DEL CONDUCTOR,INVASIÓN DE CARRIL,2023,6,6,1,20,NOCHE,SIERRA,3,2,GRAVE_MORTALIDAD,1,0
CHOQUE,1,0,1,LIMA,LIMA,LOS OLIVOS,URBANA,AVENIDA,URBANO,NO CORRESPONDE,-11.98006605,-77.07233094,DESPEJADO,COMERCIAL,INTERSECCIÓN,INCLINADA,ASFALTADA,SIN_DATO,SIN_DATO,SIN_DATO,SIN_DATO,EN PROCESO DE INVESTIGACIÓN,NO CUENTA CON CAUSA ESPECIFICA,2023,6,0,0,3,MADRUGADA,COSTA,1,0,LEVE,0,0
CHOQUE,1,0,1,AYACUCHO,HUANTA,LURICOCHA,URBANA,CARRETERA,PROVINCIAL,AY-619,-12.9097704,-74.2683917,DESPEJADO,RESIDENCIAL,TRAMO RECTO,INCLINADA,CONCRETO,SIN_DATO,SIN_DATO,SIN_DATO,SIN_DATO,IMPRUDENCIA DEL CONDUCTOR,CONDUCIR EN ESTADO DE EBRIEDAD Y/O DROGADICCIÓN,2023,6,0,0,4,MADRUGADA,SIERRA,1,0,LEVE,0,0
ATROPELLO,1,0,0,SAN MARTIN,MOYOBAMBA,MOYOBAMBA,URBANA,CARRETERA,NACIONAL,PE-5N,-6.042893,-76.965481,DESPEJADO,INDUSTRIAL,CURVA,INCLINADA,ASFALTADA,SI,PREVENTIVA (P),PREVENTIVA (P),NO,IMPRUDENCIA DEL PEATÓN,OTRO (IMPRUDENCIA DEL PEATÓN),2023,6,0,0,8,MAÑANA,SELVA,1,0,LEVE,0,0
ATROPELLO,1,0,1,LA LIBERTAD,SANCHEZ CARRION,CURGOS,URBANA,AVENIDA,URBANO,NO CORRESPONDE,-7.861692,-77.940957,DESPEJADO,ESCOLAR,TRAMO RECTO,PLANA ,AFIRMADO,SIN_DATO,SIN_DATO,SIN_DATO,SIN_DATO,IMPRUDENCIA DEL CONDUCTOR,GIRAR IMPRUDENTEMENTE,2023,6,0,0,12,TARDE,COSTA,1,0,LEVE,0,0
VOLCADURA,1,1,1,LIMA,LIMA,LURIGANCHO,URBANA,CALLE,URBANO,NO CORRESPONDE,-11.93754662,-76.70175226,DESPEJADO,RESIDENCIAL,TRAMO RECTO,INCLINADA,ASFALTADA,SIN_DATO,SIN_DATO,SIN_DATO,SIN_DATO,EN PROCESO DE INVESTIGACIÓN,NO CUENTA CON CAUSA ESPECIFICA,2023,6,0,0,16,TARDE,COSTA,1,1,LEVE,0,0
ATROPELLO,1,0,1,CALLAO,CALLAO,CALLAO,URBANA,AVENIDA,URBANO,NO CORRESPONDE,-11.9976181,-77.114760217,DESPEJADO,COMERCIAL,TRAMO RECTO,PLANA ,ASFALTADA,NO,SIN_DATO,SIN_DATO,SI,IMPRUDENCIA DEL CONDUCTOR,EXCESO DE VELOCIDAD,2023,6,0,0,17,TARDE,COSTA,1,0,LEVE,0,0
CHOQUE,1,0,2,PIURA,PIURA,VEINTISEIS DE OCTUBRE,URBANA,CARRETERA,NACIONAL,PE-1N,-5.1777574,-80.669671,DESPEJADO,COMERCIAL,TRAMO RECTO,PLANA ,ASFALTADA,SIN_DATO,SIN_DATO,SIN_DATO,SIN_DATO,IMPRUDENCIA DEL CONDUCTOR,CONDUCIR EN ESTADO DE EBRIEDAD Y/O DROGADICCIÓN,2023,6,0,0,20,NOCHE,COSTA,1,0,LEVE,0,0
ATROPELLO FUGA,1,0,1,LIMA,LIMA,SAN MARTIN DE PORRES,URBANA,CARRETERA,NACIONAL,PE-1N,-12.025267,-77.058607,DESPEJADO,COMERCIAL,TRAMO RECTO,INCLINADA,ASFALTADA,SIN_DATO,SIN_DATO,SIN_DATO,SIN_DATO,EN PROCESO DE INVESTIGACIÓN,NO CUENTA CON CAUSA ESPECIFICA,2023,6,0,0,22,NOCHE,COSTA,1,0,LEVE,0,0
DESPISTE,1,1,1,LA LIBERTAD,VIRU,CHAO,RURAL,CARRETERA,NACIONAL,PE-1N,-8.6964019,-78.637656,DESPEJADO,RURAL,TRAMO RECTO,PLANA ,ASFALTADA,SIN_DATO,SIN_DATO,SIN_DATO,SIN_DATO,IMPRUDENCIA DEL CONDUCTOR,INVASIÓN DE CARRIL,2023,6,1,0,0,MADRUGADA,COSTA,1,1,LEVE,0,0
DESPISTE,1,0,1,HUANCAVELICA,HUANCAVELICA,ACORIA,RURAL,CARRETERA,PROVINCIAL,HV-766,-12.486381,-74.758266,DESPEJADO,RURAL,CURVA,PLANA ,TROCHA,SIN_DATO,SIN_DATO,SIN_DATO,SIN_DATO,EN PROCESO DE INVESTIGACIÓN,NO CUENTA CON CAUSA ESPECIFICA,2023,6,1,0,7,MAÑANA,SIERRA,1,0,LEVE,0,0
VOLCADURA,1,2,1,JUNIN,YAULI,YAULI,RURAL,CARRETERA,NACIONAL,PE-22,-11.617074328289943,-76.01496218776182,SOLEADO,INDUSTRIAL,TRAMO RECTO,PLANA ,ASFALTADA,NO,SIN_DATO,SIN_DATO,SI,EN PROCESO DE INVESTIGACIÓN,NO CUENTA CON CAUSA ESPECIFICA,2023,6,1,0,7,MAÑANA,SIERRA,1,2,LEVE,0,0
ATROPELLO,1,0,0,HUANCAVELICA,HUANCAVELICA,IZCUCHACA,RURAL,CARRETERA,NACIONAL,PE-26,-12.50056,-74.996911,DESPEJADO,COMERCIAL,TRAMO RECTO,PLANA ,ASFALTADA,SIN_DATO,SIN_DATO,SIN_DATO,SIN_DATO,IMPRUDENCIA DEL PEATÓN,CRUCE INDEBIDO POR LA CALZADA,2023,6,2,0,10,MAÑANA,SIERRA,1,0,LEVE,0,0
ATROPELLO,1,0,1,LA LIBERTAD,TRUJILLO,EL PORVENIR,URBANA,CALLE,URBANO,NO CORRESPONDE,-8.0688774,-79.0295039,DESPEJADO,COMERCIAL,TRAMO RECTO,PLANA ,ASFALTADA,SIN_DATO,SIN_DATO,SIN_DATO,SIN_DATO,EN PROCESO DE INVESTIGACIÓN,NO CUENTA CON CAUSA ESPECIFICA,2023,6,2,0,18,NOCHE,COSTA,1,0,LEVE,0,0
CHOQUE,1,1,1,PUNO,SAN ROMAN,JULIACA,URBANA,JIRÓN,URBANO,NO CORRESPONDE,-15.48854,-70.122023,DESPEJADO,COMERCIAL,INTERSECCIÓN,PLANA ,ASFALTADA,SIN_DATO,SIN_DATO,SIN_DATO,SIN_DATO,IMPRUDENCIA DEL CONDUCTOR,EXCESO DE VELOCIDAD,2023,6,2,0,19,NOCHE,SIERRA,1,1,LEVE,0,0
VOLCADURA,1,1,1,LIMA,LIMA,VILLA EL SALVADOR,URBANA,AVENIDA,URBANO,NO CORRESPONDE,-12.19513792,-76.93481918,DESPEJADO,COMERCIAL,INTERSECCIÓN,INCLINADA,ASFALTADA,SIN_DATO,SIN_DATO,SIN_DATO,SIN_DATO,IMPRUDENCIA DEL CONDUCTOR,OTRO (IMPRUDENCIA DEL CONDUCTOR),2023,6,3,0,6,MAÑANA,COSTA,1,1,LEVE,0,0
ESPECIAL,1,0,1,PUNO,PUNO,PUNO,URBANA,AVENIDA,URBANO,NO CORRESPONDE,-15.839253,-70.018109,DESPEJADO,COMERCIAL,TRAMO RECTO,PLANA ,ASFALTADA,SIN_DATO,SIN_DATO,SIN_DATO,SIN_DATO,NEGLIGENCIA DEL CONDUCTOR,OTRO (NEGLIGENCIA DEL CONDUCTOR),2023,6,3,0,7,MAÑANA,SIERRA,1,0,LEVE,0,0
ATROPELLO,1,0,1,LIMA,LIMA,INDEPENDENCIA,URBANA,AVENIDA,URBANO,NO CORRESPONDE,-12.00786703,-77.05837381,DESPEJADO,COMERCIAL,TRAMO RECTO,PLANA ,ASFALTADA,SI,INFORMATIVA (I),SIN_DATO,SI,EN PROCESO DE INVESTIGACIÓN,NO CUENTA CON CAUSA ESPECIFICA,2023,6,3,0,8,MAÑANA,COSTA,1,0,LEVE,0,0
CHOQUE FUGA,1,0,1,LA LIBERTAD,SANCHEZ CARRION,SANAGORAN,RURAL,CARRETERA,PROVINCIAL,LI-819,-7.793990425975836,-78.12686916545017,DESPEJADO,RURAL,TRAMO RECTO,PLANA ,ASFALTADA,SIN_DATO,SIN_DATO,SIN_DATO,SIN_DATO,EN PROCESO DE INVESTIGACIÓN,NO CUENTA CON CAUSA ESPECIFICA,2023,6,3,0,16,TARDE,COSTA,1,0,LEVE,0,0
DESPISTE,1,0,1,LA LIBERTAD,BOLIVAR,BOLIVAR,RURAL,CARRETERA,SIN CLASIFICAR,SIN CLASIFICAR,-7.343829,-77.69442,DESPEJADO,RURAL,TRAMO RECTO,PLANA ,TROCHA,SIN_DATO,SIN_DATO,SIN_DATO,SIN_DATO,EN PROCESO DE INVESTIGACIÓN,NO CUENTA CON CAUSA ESPECIFICA,2023,6,3,0,17,TARDE,COSTA,1,0,LEVE,0,0
CHOQUE,2,21,2,ICA,PISCO,SAN ANDRES,RURAL,CARRETERA,NACIONAL,PE-1S,-13.805451,-76.153678,DESPEJADO,COMERCIAL,TRAMO RECTO,PLANA ,ASFALTADA,SIN_DATO,SIN_DATO,SIN_DATO,SIN_DATO,IMPRUDENCIA DEL CONDUCTOR,NO ESTABLECER EL DERECHO DE PASO,2023,6,4,0,6,MAÑANA,COSTA,2,21,GRAVE_MORTALIDAD,1,1
CHOQUE,1,0,1,CALLAO,CALLAO,CALLAO,URBANA,AVENIDA,URBANO,NO CORRESPONDE,-12.0535115352111,-77.0980031702465,DESPEJADO,COMERCIAL,TRAMO RECTO,INCLINADA,ASFALTADA,NO,SIN_DATO,SIN_DATO,SI,EN PROCESO DE INVESTIGACIÓN,NO CUENTA CON CAUSA ESPECIFICA,2023,6,4,0,10,MAÑANA,COSTA,1,0,LEVE,0,0
CHOQUE,2,1,2,APURIMAC,CHINCHEROS,ANCO_HUALLO,URBANA,CARRETERA,NACIONAL,PE-3S,-13.545866,-73.64539,DESPEJADO,RURAL,CURVA,INCLINADA,ASFALTADA,SI,PREVENTIVA (P),SIN_DATO,SI,IMPRUDENCIA DEL CONDUCTOR,CONDUCIR EN ESTADO DE EBRIEDAD Y/O DROGADICCIÓN,2023,6,4,0,21,NOCHE,SIERRA,2,1,GRAVE_MORTALIDAD,1,0
ATROPELLO,1,0,1,CUSCO,CUSCO,POROY,RURAL,CARRETERA,NACIONAL,PE-3S,-13.496994,-72.037106,DESPEJADO,COMERCIAL,TRAMO RECTO,PLANA ,ASFALTADA,SI,REGULADORA (R),PREVENTIVA (P),SI,IMPRUDENCIA DEL PEATÓN,ESTADO DE EBRIEDAD Y/O DROGADICCIÓN,2023,6,4,0,22,NOCHE,SIERRA,1,0,LEVE,0,0
DESPISTE,1,0,1,LIMA,LIMA,LURIN,URBANA,AVENIDA,URBANO,NO CORRESPONDE,-12.25687931,-76.88821116,DESPEJADO,COMERCIAL,INTERSECCIÓN,PLANA ,ASFALTADA,SIN_DATO,SIN_DATO,SIN_DATO,SIN_DATO,IMPRUDENCIA DEL CONDUCTOR,OTRO (IMPRUDENCIA DEL CONDUCTOR),2023,6,4,0,23,NOCHE,COSTA,1,0,LEVE,0,0
DESPISTE,1,0,1,LIMA,LIMA,LURIN,URBANA,AVENIDA,URBANO,NO CORRESPONDE,-12.256869190053449,-76.88820807390536,DESPEJADO,COMERCIAL,ÓVALO,PLANA ,ASFALTADA,SIN_DATO,SIN_DATO,SIN_DATO,SIN_DATO,IMPRUDENCIA DEL CONDUCTOR,EXCESO DE VELOCIDAD,2023,6,4,0,23,NOCHE,COSTA,1,0,LEVE,0,0
ATROPELLO FUGA,1,0,1,LIMA,CAÑETE,CHILCA,RURAL,CARRETERA,NACIONAL,PE-1S,-12.437548,-76.755526,DESPEJADO,RURAL,TRAMO RECTO,INCLINADA,ASFALTADA,SI,PREVENTIVA (P),SIN_DATO,NO,EN PROCESO DE INVESTIGACIÓN,NO CUENTA CON CAUSA ESPECIFICA,2023,6,5,1,2,MADRUGADA,COSTA,1,0,LEVE,0,0
CHOQUE,3,0,2,LA LIBERTAD,OTUZCO,OTUZCO,RURAL,CARRETERA,NACIONAL,PE-10A,-7.957534,-78.619513,DESPEJADO,RURAL,CURVA,INCLINADA,ASFALTADA,SIN_DATO,SIN_DATO,SIN_DATO,SIN_DATO,EN PROCESO DE INVESTIGACIÓN,NO CUENTA CON CAUSA ESPECIFICA,2023,6,5,1,15,TARDE,COSTA,3,0,GRAVE_MORTALIDAD,1,0
DESPISTE,1,0,1,LIMA,HUAURA,SAYAN,RURAL,CARRETERA,PROVINCIAL,LM-659,-11.197484,-77.424579,DESPEJADO,RURAL,CURVA,PLANA ,ASFALTADA,SIN_DATO,SIN_DATO,SIN_DATO,SIN_DATO,EN PROCESO DE INVESTIGACIÓN,NO CUENTA CON CAUSA ESPECIFICA,2023,6,5,1,17,TARDE,COSTA,1,0,LEVE,0,0
ATROPELLO,1,0,1,LORETO,MAYNAS,PUNCHANA,URBANA,CARRETERA,NACIONAL,PE-5NI,-3.7084704,-73.2477063,DESPEJADO,COMERCIAL,TRAMO RECTO,PLANA ,ASFALTADA,SIN_DATO,SIN_DATO,SIN_DATO,SIN_DATO,IMPRUDENCIA DEL PEATÓN,CRUCE INDEBIDO POR LA CALZADA,2023,6,5,1,18,NOCHE,SELVA,1,0,LEVE,0,0
CHOQUE FUGA,1,0,1,CAJAMARCA,JAEN,BELLAVISTA,RURAL,CARRETERA,PROVINCIAL,CA-734,-5.594641,-78.787667,DESPEJADO,RESIDENCIAL,TRAMO RECTO,INCLINADA,ASFALTADA,NO,SIN_DATO,SIN_DATO,SI,EN PROCESO DE INVESTIGACIÓN,NO CUENTA CON CAUSA ESPECIFICA,2023,6,5,1,21,NOCHE,SIERRA,1,0,LEVE,0,0
DESPISTE,1,0,1,AREQUIPA,CAYLLOMA,MAJES,URBANA,AVENIDA,URBANO,NO CORRESPONDE,-16.3146098,-72.1650987,DESPEJADO,COMERCIAL,INTERSECCIÓN,INCLINADA,ASFALTADA,SIN_DATO,SIN_DATO,SIN_DATO,SIN_DATO,EN PROCESO DE INVESTIGACIÓN,NO CUENTA CON CAUSA ESPECIFICA,2023,6,6,1,0,MADRUGADA,COSTA,1,0,LEVE,0,0
CHOQUE,1,0,2,ANCASH,SANTA,NUEVO CHIMBOTE,RURAL,CARRETERA,NACIONAL,PE-1N,-9.176811,-78.478681,DESPEJADO,RURAL,TRAMO RECTO,PLANA ,CONCRETO,SI,INFORMATIVA (I),SIN_DATO,SI,IMPRUDENCIA DEL CONDUCTOR,CONDUCIR EN ESTADO DE EBRIEDAD Y/O DROGADICCIÓN,2023,6,6,1,1,MADRUGADA,SIERRA,1,0,LEVE,0,0
ATROPELLO,1,0,1,TACNA,TACNA,TACNA,RURAL,CARRETERA,NACIONAL,PE-1S,-18.1661333,-70.33496388888888,DESPEJADO,RURAL,TRAMO RECTO,PLANA ,ASFALTADA,SIN_DATO,SIN_DATO,SIN_DATO,SIN_DATO,IMPRUDENCIA DEL PEATÓN,CRUCE INDEBIDO POR LA CALZADA,2023,6,6,1,1,MADRUGADA,COSTA,1,0,LEVE,0,0
CHOQUE,1,1,2,CAJAMARCA,SAN IGNACIO,SAN IGNACIO,RURAL,CARRETERA,PROVINCIAL,CA-538,-5.136686157650286,-78.9885770931145,DESPEJADO,RESIDENCIAL,TRAMO RECTO,INCLINADA,ASFALTADA,SIN_DATO,SIN_DATO,SIN_DATO,SIN_DATO,IMPRUDENCIA DEL CONDUCTOR,EXCESO DE VELOCIDAD,2023,6,6,1,2,MADRUGADA,SIERRA,1,1,LEVE,0,0
DESPISTE,2,3,1,LORETO,MAYNAS,SAN JUAN BAUTISTA,RURAL,CARRETERA,DEPARTAMENTAL,LO-103,-4.1837554,-73.4745187,LLUVIOSO,RURAL,TRAMO RECTO,PLANA ,ASFALTADA,SIN_DATO,SIN_DATO,SIN_DATO,SIN_DATO,EN PROCESO DE INVESTIGACIÓN,NO CUENTA CON CAUSA ESPECIFICA,2023,6,6,1,13,TARDE,SELVA,2,3,GRAVE_MORTALIDAD,1,1
CHOQUE,1,0,2,PIURA,PIURA,CATACAOS,RURAL,CARRETERA,NACIONAL,PE-1N,-5.234182,-80.64505,DESPEJADO,RURAL,TRAMO RECTO,PLANA ,ASFALTADA,SIN_DATO,SIN_DATO,SIN_DATO,SIN_DATO,IMPRUDENCIA DEL CONDUCTOR,CONDUCIR EN SENTIDO CONTRARIO,2023,6,6,1,17,TARDE,COSTA,1,0,LEVE,0,0
ATROPELLO FUGA,1,0,1,CALLAO,CALLAO,CALLAO,URBANA,AVENIDA,URBANO,NO CORRESPONDE,-12.0193940863355,-77.1011785097982,DESPEJADO,COMERCIAL,TRAMO RECTO,PLANA ,ASFALTADA,SIN_DATO,SIN_DATO,SIN_DATO,SIN_DATO,EN PROCESO DE INVESTIGACIÓN,NO CUENTA CON CAUSA ESPECIFICA,2023,6,6,1,18,NOCHE,COSTA,1,0,LEVE,0,0
CHOQUE,1,0,2,APURIMAC,ANDAHUAYLAS,ANDAHUAYLAS,URBANA,CARRETERA,PROVINCIAL,AP-560,-13.658634,-73.409785,DESPEJADO,RESIDENCIAL,TRAMO RECTO,PLANA ,ASFALTADA,SIN_DATO,SIN_DATO,SIN_DATO,SIN_DATO,IMPRUDENCIA DEL CONDUCTOR,CONDUCIR EN ESTADO DE EBRIEDAD Y/O DROGADICCIÓN,2023,6,6,1,20,NOCHE,SIERRA,1,0,LEVE,0,0
DESPISTE,1,2,1,PUNO,PUNO,VILQUE,URBANA,CARRETERA,DEPARTAMENTAL,PU-122,-15.764975092109692,-70.25278327320281,DESPEJADO,RURAL,CURVA,PLANA ,ASFALTADA,SIN_DATO,SIN_DATO,SIN_DATO,SIN_DATO,IMPRUDENCIA DEL CONDUCTOR,CONDUCIR EN ESTADO DE EBRIEDAD Y/O DROGADICCIÓN,2023,6,6,1,23,NOCHE,SIERRA,1,2,LEVE,0,0
CHOQUE,1,2,1,AREQUIPA,CAYLLOMA,MAJES,RURAL,CARRETERA,NACIONAL,PE-1S,-16.437011,-72.317559,DESPEJADO,RURAL,TRAMO RECTO,PLANA ,ASFALTADA,NO,SIN_DATO,SIN_DATO,SI,EN PROCESO DE INVESTIGACIÓN,NO CUENTA CON CAUSA ESPECIFICA,2023,6,6,1,23,NOCHE,COSTA,1,2,LEVE,0,0
CHOQUE,1,0,1,JUNIN,CHUPACA,SAN JUAN DE JARPA,RURAL,CARRETERA,PROVINCIAL,JU-816,-12.069947,-75.458902,SOLEADO,RURAL,TRAMO RECTO,PLANA ,ASFALTADA,SIN_DATO,SIN_DATO,SIN_DATO,SIN_DATO,EN PROCESO DE INVESTIGACIÓN,NO CUENTA CON CAUSA ESPECIFICA,2023,6,0,0,1,MADRUGADA,SIERRA,1,0,LEVE,0,0
CHOQUE,1,0,1,LIMA,LIMA,INDEPENDENCIA,URBANA,CARRETERA,NACIONAL,PE-1N,-11.979265,-77.065758,DESPEJADO,COMERCIAL,TRAMO RECTO,INCLINADA,ASFALTADA,SIN_DATO,SIN_DATO,SIN_DATO,SIN_DATO,EN PROCESO DE INVESTIGACIÓN,NO CUENTA CON CAUSA ESPECIFICA,2023,6,0,0,5,MADRUGADA,COSTA,1,0,LEVE,0,0
ATROPELLO FUGA,1,0,1,LIMA,LIMA,PUNTA HERMOSA,RURAL,CARRETERA,NACIONAL,PE-1S,-12.32425,-76.826043,DESPEJADO,RURAL,TRAMO RECTO,PLANA ,ASFALTADA,SI,REGULADORA (R),SIN_DATO,NO,IMPRUDENCIA DEL PEATÓN,OTRO (IMPRUDENCIA DEL PEATÓN),2023,6,1,0,5,MADRUGADA,COSTA,1,0,LEVE,0,0
ATROPELLO,1,0,1,ICA,PISCO,SAN CLEMENTE,URBANA,CARRETERA,NACIONAL,PE-1S,-13.68329,-76.159812,DESPEJADO,COMERCIAL,TRAMO RECTO,PLANA ,ASFALTADA,SIN_DATO,SIN_DATO,SIN_DATO,SIN_DATO,EN PROCESO DE INVESTIGACIÓN,NO CUENTA CON CAUSA ESPECIFICA,2023,6,1,0,14,TARDE,COSTA,1,0,LEVE,0,0
CHOQUE,1,0,2,PUNO,PUNO,COATA,RURAL,CARRETERA,DEPARTAMENTAL,PU-118,-15.5908471,-69.864261,DESPEJADO,RURAL,TRAMO RECTO,PLANA ,ASFALTADA,SIN_DATO,SIN_DATO,SIN_DATO,SIN_DATO,IMPRUDENCIA DEL CONDUCTOR,INVASIÓN DE CARRIL,2023,6,1,0,16,TARDE,SIERRA,1,0,LEVE,0,0
ATROPELLO FUGA,1,0,1,LA LIBERTAD,ASCOPE,RAZURI,RURAL,CARRETERA,PROVINCIAL,LI-605,-7.710862,-79.373634,DESPEJADO,RURAL,TRAMO RECTO,PLANA ,AFIRMADO,SIN_DATO,SIN_DATO,SIN_DATO,SIN_DATO,EN PROCESO DE INVESTIGACIÓN,NO CUENTA CON CAUSA ESPECIFICA,2023,6,1,0,19,NOCHE,COSTA,1,0,LEVE,0,0
DESPISTE,1,0,1,CUSCO,URUBAMBA,URUBAMBA,RURAL,OTRO,URBANO,NO CORRESPONDE,-13.290731,-72.113011,DESPEJADO,RURAL,CURVA,PLANA ,AFIRMADO,SI,PREVENTIVA (P),SIN_DATO,NO,IMPRUDENCIA DEL CONDUCTOR,CONDUCIR EN ESTADO DE EBRIEDAD Y/O DROGADICCIÓN,2023,6,1,0,21,NOCHE,SIERRA,1,0,LEVE,0,0
CHOQUE,1,10,1,AREQUIPA,CAYLLOMA,CABANACONDE,RURAL,CARRETERA,SIN CLASIFICAR,SIN CLASIFICAR,-15.582881,-72.022953,SIN_DATO,SIN_DATO,SIN_DATO,SIN_DATO,SIN_DATO,SIN_DATO,SIN_DATO,SIN_DATO,SIN_DATO,EN PROCESO DE INVESTIGACIÓN,NO CUENTA CON CAUSA ESPECIFICA,2023,6,1,0,22,NOCHE,COSTA,1,10,GRAVE_LESIONADOS,0,1