CLASE SINIESTRO,CANTIDAD DE FALLECIDOS,CANTIDAD DE LESIONADOS,CANTIDAD DE VEHICULOS DAÑADOS,DEPARTAMENTO,PROVINCIA,DISTRITO,ZONA,TIPO DE VÍA,RED VIAL,COD CARRETERA,COORDENADAS LATITUD,COORDENADAS  LONGITUD,CONDICIÓN CLIMÁTICA,ZONIFICACIÓN,CARACTERÍSTICAS DE VÍA,PERFIL LONGITUDINAL VÍA,SUPERFICIE DE CALZADA,¿EXISTE SEÑAL VERTICAL?,CLASIFICACIÓN DE LA SEÑAL VERTICAL Nº 1,CLASIFICACIÓN DE LA SEÑAL VERTICAL Nº 2,¿EXISTE SEÑAL HORIZONTAL?,CAUSA FACTOR PRINCIPAL,CAUSA ESPECÍFICA,AÑO,MES,DIA_SEMANA,ES_FIN_SEMANA,HORA_NUM,FRANJA_HORARIA,REGION_NATURAL,FALLECIDOS,LESIONADOS,CATEGORIA_SEVERIDAD,MORTALIDAD_MULTIPLE,LESION_MULTIPLE
CHOQUE,1,1,2,PUNO,LAMPA,LAMPA,RURAL,CARRETERA,DEPARTAMENTAL,PU-123,-15.462980728590637,-70.35911939377426,DESPEJADO,RURAL,CURVA,PLANA ,ASFALTADA,SIN_DATO,SIN_DATO,SIN_DATO,SIN_DATO,NEGLIGENCIA DEL CONDUCTOR,OTRO (NEGLIGENCIA DEL CONDUCTOR),2023,7,4,0,20,NOCHE,SIERRA,1,1,LEVE,0,0
DESPISTE,1,1,1,AREQUIPA,AREQUIPA,YURA,RURAL,CARRETERA,SIN CLASIFICAR,SIN CLASIFICAR,-16.330403,-71.6586,DESPEJADO,RURAL,TRAMO RECTO,INCLINADA,TROCHA,SIN_DATO,SIN_DATO,SIN_DATO,SIN_DATO,EN PROCESO DE INVESTIGACIÓN,NO CUENTA CON CAUSA ESPECIFICA,2023,7,4,0,22,NOCHE,COSTA,1,1,LEVE,0,0
DESPISTE,2,0,1,LA LIBERTAD,SANCHEZ CARRION,HUAMACHUCO,RURAL,CARRETERA,NACIONAL,PE-3N,-7.854673,-78.10386143,DESPEJADO,RURAL,TRAMO RECTO,PLANA ,ASFALTADA,SIN_DATO,SIN_DATO,SIN_DATO,SIN_DATO,IMPRUDENCIA DEL CONDUCTOR,OTRO (IMPRUDENCIA DEL CONDUCTOR),2023,7,5,1,9,MAÑANA,COSTA,2,0,GRAVE_MORTALIDAD,1,0
CHOQUE,2,1,2,AMAZONAS,CHACHAPOYAS,CHACHAPOYAS,RURAL,CARRETERA,NACIONAL,PE-08B,-6.2382314,-77.9202878,DESPEJADO,RURAL,CURVA,INCLINADA,ASFALTADA,NO,SIN_DATO,SIN_DATO,SI,EN PROCESO DE INVESTIGACIÓN,NO CUENTA CON CAUSA ESPECIFICA,2023,7,5,1,10,MAÑANA,SELVA,2,1,GRAVE_MORTALIDAD,1,0
ATROPELLO,1,0,1,LIMA,LIMA,PUNTA NEGRA,URBANA,CARRETERA,NACIONAL,PE-1S,-12.368523,-76.787539,DESPEJADO,RURAL,TRAMO RECTO,PLANA ,ASFALTADA,SIN_DATO,SIN_DATO,SIN_DATO,SIN_DATO,IMPRUDENCIA DEL PEATÓN,OTRO (IMPRUDENCIA DEL PEATÓN),2023,7,5,1,19,NOCHE,COSTA,1,0,LEVE,0,0
ATROPELLO,1,0,1,LIMA,LIMA,CARABAYLLO,URBANA,AVENIDA,URBANO,NO CORRESPONDE,-11.87928921,-77.01916338,DESPEJADO,COMERCIAL,SINUOSA,INCLINADA,ASFALTADA,SI,PREVENTIVA (P),SIN_DATO,NO,EN PROCESO DE INVESTIGACIÓN,NO CUENTA CON CAUSA ESPECIFICA,2023,7,5,1,20,NOCHE,COSTA,1,0,LEVE,0,0
CHOQUE,1,0,1,LIMA,LIMA,LA MOLINA,URBANA,AVENIDA,URBANO,NO CORRESPONDE,-12.07604295,-76.96193408,DESPEJADO,ESCOLAR,CURVA,PLANA ,ASFALTADA,SIN_DATO,SIN_DATO,SIN_DATO,SIN_DATO,EN PROCESO DE INVESTIGACIÓN,NO CUENTA CON CAUSA ESPECIFICA,2023,7,5,1,21,NOCHE,COSTA,1,0,LEVE,0,0
DESPISTE,1,2,1,HUANCAVELICA,TAYACAJA,ACOSTAMBO,RURAL,CARRETERA,NACIONAL,PE-3S,-12.377309439038198,-75.04829933967022,DESPEJADO,RURAL,SINUOSA,PLANA ,ASFALTADA,SIN_DATO,SIN_DATO,SIN_DATO,SIN_DATO,EN PROCESO DE INVESTIGACIÓN,NO CUENTA CON CAUSA ESPECIFICA,2023,7,5,1,23,NOCHE,SIERRA,1,2,LEVE,0,0
ATROPELLO FUGA,1,0,1,CUSCO,QUISPICANCHI,URCOS,URBANA,CARRETERA,NACIONAL,PE-3S,-13.70468,-71.59616,DESPEJADO,RURAL,TRAMO RECTO,PLANA ,ASFALTADA,SI,PREVENTIVA (P),SIN_DATO,SI,IMPRUDENCIA DEL CONDUCTOR,EXCESO DE VELOCIDAD,2023,7,6,1,0,MADRUGADA,SIERRA,1,0,LEVE,0,0
ATROPELLO,1,0,1,LIMA,LIMA,INDEPENDENCIA,URBANA,CARRETERA,NACIONAL,PE-1N,-12.00245,-77.062072,DESPEJADO,COMERCIAL,TRAMO RECTO,INCLINADA,ASFALTADA,SIN_DATO,SIN_DATO,SIN_DATO,SIN_DATO,EN PROCESO DE INVESTIGACIÓN,NO CUENTA CON CAUSA ESPECIFICA,2023,7,6,1,4,MADRUGADA,COSTA,1,0,LEVE,0,0
CHOQUE,2,0,2,ICA,NASCA,MARCONA,RURAL,CARRETERA,NACIONAL,PE-1S,-15.2065156,-74.9553179,SOLEADO,RURAL,TRAMO RECTO,PLANA ,ASFALTADA,SIN_DATO,SIN_DATO,SIN_DATO,SIN_DATO,IMPRUDENCIA DEL CONDUCTOR,INVASIÓN DE CARRIL,2023,7,6,1,8,MAÑANA,COSTA,2,0,GRAVE_MORTALIDAD,1,0
CHOQUE,1,3,2,LA LIBERTAD,ASCOPE,RAZURI,RURAL,CARRETERA,PROVINCIAL,LI-610,-7.7046563,-79.4309629,DESPEJADO,RURAL,TRAMO RECTO,PLANA ,ASFALTADA,SIN_DATO,SIN_DATO,SIN_DATO,SIN_DATO,IMPRUDENCIA DEL CONDUCTOR,GIRAR IMPRUDENTEMENTE,2023,7,6,1,12,TARDE,COSTA,1,3,GRAVE_LESIONADOS,0,1
ATROPELLO,1,0,1,PIURA,PIURA,CASTILLA,RURAL,VIA EXPRESA,URBANO,NO CORRESPONDE,-5.19892,-80.574207,DESPEJADO,RURAL,TRAMO RECTO,PLANA ,ASFALTADA,SIN_DATO,SIN_DATO,SIN_DATO,SIN_DATO,EN PROCESO DE INVESTIGACIÓN,NO CUENTA CON CAUSA ESPECIFICA,2023,7,6,1,14,TARDE,COSTA,1,0,LEVE,0,0
ATROPELLO,1,0,1,CUSCO,CUSCO,SAYLLA,RURAL,CARRETERA,NACIONAL,PE-3S,-13.563295,-71.841146,DESPEJADO,RURAL,TRAMO RECTO,PLANA ,ASFALTADA,NO,SIN_DATO,SIN_DATO,SI,IMPRUDENCIA DEL PEATÓN,ESTADO DE EBRIEDAD Y/O DROGADICCIÓN,2023,7,6,1,18,NOCHE,SIERRA,1,0,LEVE,0,0
ATROPELLO,1,0,1,AREQUIPA,AREQUIPA,LA JOYA,URBANA,CARRETERA,NACIONAL,PE-1S,-16.678188,-71.871045,DESPEJADO,RESIDENCIAL,INTERSECCIÓN,PLANA ,ASFALTADA,SI,PREVENTIVA (P),SIN_DATO,SI,EN PROCESO DE INVESTIGACIÓN,NO CUENTA CON CAUSA ESPECIFICA,2023,7,6,1,18,NOCHE,COSTA,1,0,LEVE,0,0
ATROPELLO,1,1,1,AREQUIPA,AREQUIPA,PAUCARPATA,URBANA,AVENIDA,URBANO,NO CORRESPONDE,-16.411762,-71.508229,DESPEJADO,RURAL,INTERSECCIÓN,INCLINADA,ASFALTADA,SIN_DATO,SIN_DATO,SIN_DATO,SIN_DATO,EN PROCESO DE INVESTIGACIÓN,NO CUENTA CON CAUSA ESPECIFICA,2023,7,0,0,1,MADRUGADA,COSTA,1,1,LEVE,0,0
DESPISTE,1,1,1,CAJAMARCA,CAJABAMBA,SITACOCHA,RURAL,CARRETERA,SIN CLASIFICAR,SIN CLASIFICAR,-7.5031780083755,-77.9755700012617,DESPEJADO,RURAL,TRAMO RECTO,PLANA ,AFIRMADO,SIN_DATO,SIN_DATO,SIN_DATO,SIN_DATO,EN PROCESO DE INVESTIGACIÓN,NO CUENTA CON CAUSA ESPECIFICA,2023,7,0,0,5,MADRUGADA,SIERRA,1,1,LEVE,0,0
CHOQUE,1,0,2,ICA,ICA,ICA,URBANA,CARRETERA,NACIONAL,PE-1S,-14.0767502,-75.7385829,DESPEJADO,RESIDENCIAL,INTERSECCIÓN,PLANA ,ASFALTADA,SIN_DATO,SIN_DATO,SIN_DATO,SIN_DATO,EN PROCESO DE INVESTIGACIÓN,NO CUENTA CON CAUSA ESPECIFICA,2023,7,0,0,5,MADRUGADA,COSTA,1,0,LEVE,0,0
CHOQUE,1,3,2,LIMA,HUAURA,VEGUETA,URBANA,CARRETERA,DEPARTAMENTAL,LM-101,-11.040971298252506,-77.60358627014989,DESPEJADO,RESIDENCIAL,TRAMO RECTO,PLANA ,ASFALTADA,SIN_DATO,SIN_DATO,SIN_DATO,SIN_DATO,IMPRUDENCIA DEL CONDUCTOR,CONDUCIR EN ESTADO DE EBRIEDAD Y/O DROGADICCIÓN,2023,7,0,0,6,MAÑANA,COSTA,1,3,GRAVE_LESIONADOS,0,1
CHOQUE,1,1,2,LA LIBERTAD,CHEPEN,PACANGA,RURAL,CARRETERA,NACIONAL,PE-1N,-7.11847936148862,-79.48854409391606,DESPEJADO,RURAL,TRAMO RECTO,PLANA ,ASFALTADA,SIN_DATO,SIN_DATO,SIN_DATO,SIN_DATO,IMPRUDENCIA DEL CONDUCTOR,ADELANTAR INDEBIDAMENTE,2023,7,0,0,6,MAÑANA,COSTA,1,1,LEVE,0,0
ATROPELLO,1,0,1,LA LIBERTAD,TRUJILLO,TRUJILLO,URBANA,CARRETERA,PROVINCIAL,LI-1089,-8.139559239495846,-79.01716743250849,DESPEJADO,RURAL,TRAMO RECTO,PLANA ,ASFALTADA,SIN_DATO,SIN_DATO,SIN_DATO,SIN_DATO,IMPRUDENCIA DEL PEATÓN,OTRO (IMPRUDENCIA DEL PEATÓN),2023,7,1,0,10,MAÑANA,COSTA,1,0,LEVE,0,0
DESPISTE,1,0,1,LIMA,LIMA,EL AGUSTINO,URBANA,CARRETERA,NACIONAL,PE-1N,-12.03025778,-76.9939365,DESPEJADO,COMERCIAL,CURVA,PLANA ,ASFALTADA,SI,REGULADORA (R),SIN_DATO,NO,EN PROCESO DE INVESTIGACIÓN,NO CUENTA CON CAUSA ESPECIFICA,2023,7,1,0,14,TARDE,COSTA,1,0,LEVE,0,0
ATROPELLO,1,0,1,LIMA,LIMA,CHORRILLOS,URBANA,AVENIDA,URBANO,NO CORRESPONDE,-12.19279072,-77.01958017,DESPEJADO,COMERCIAL,TRAMO RECTO,INCLINADA,ASFALTADA,NO,SIN_DATO,SIN_DATO,SI,EN PROCESO DE INVESTIGACIÓN,NO CUENTA CON CAUSA ESPECIFICA,2023,7,1,0,14,TARDE,COSTA,1,0,LEVE,0,0
DESPISTE,1,1,2,LIMA,HUAURA,SAYAN,RURAL,CARRETERA,PROVINCIAL,LM-659,-11.219214105863564,-77.40793055605175,DESPEJADO,RURAL,TRAMO RECTO,PLANA ,ASFALTADA,SIN_DATO,SIN_DATO,SIN_DATO,SIN_DATO,EN PROCESO DE INVESTIGACIÓN,NO CUENTA CON CAUSA ESPECIFICA,2023,7,1,0,19,NOCHE,COSTA,1,1,LEVE,0,0
CHOQUE FUGA,1,0,1,CUSCO,ESPINAR,PICHIGUA,RURAL,CARRETERA,NACIONAL,PE-34F,-14.69015601,-71.2827434,DESPEJADO,RURAL,TRAMO RECTO,PLANA ,ASFALTADA,NO,SIN_DATO,SIN_DATO,SI,EN PROCESO DE INVESTIGACIÓN,NO CUENTA CON CAUSA ESPECIFICA,2023,7,2,0,0,MADRUGADA,SIERRA,1,0,LEVE,0,0
ATROPELLO FUGA,1,0,1,PUNO,CHUCUITO,JULI,RURAL,CARRETERA,DEPARTAMENTAL,PU-129,-16.230081,-69.486051,DESPEJADO,RURAL,TRAMO RECTO,PLANA ,ASFALTADA,SIN_DATO,SIN_DATO,SIN_DATO,SIN_DATO,EN PROCESO DE INVESTIGACIÓN,NO CUENTA CON CAUSA ESPECIFICA,2023,7,2,0,3,MADRUGADA,SIERRA,1,0,LEVE,0,0
ATROPELLO,1,0,1,LA LIBERTAD,CHEPEN,CHEPEN,RURAL,CARRETERA,NACIONAL,PE-08,-7.30472731,-79.3348948,DESPEJADO,RURAL,TRAMO RECTO,PLANA ,ASFALTADA,SIN_DATO,SIN_DATO,SIN_DATO,SIN_DATO,EN PROCESO DE INVESTIGACIÓN,NO CUENTA CON CAUSA ESPECIFICA,2023,7,2,0,6,MAÑANA,COSTA,1,0,LEVE,0,0
CHOQUE,1,0,1,PIURA,MORROPON,LA MATANZA,RURAL,CARRETERA,PROVINCIAL,PI-970,-5.22061,-80.10604,DESPEJADO,RESIDENCIAL,TRAMO RECTO,PLANA ,ASFALTADA,SIN_DATO,SIN_DATO,SIN_DATO,SIN_DATO,EN PROCESO DE INVESTIGACIÓN,NO CUENTA CON CAUSA ESPECIFICA,2023,7,2,0,7,MAÑANA,COSTA,1,0,LEVE,0,0
CHOQUE,1,0,1,LIMA,LIMA,CARABAYLLO,URBANA,AVENIDA,URBANO,NO CORRESPONDE,-11.88595174,-77.03517614,DESPEJADO,COMERCIAL,TRAMO RECTO,INCLINADA,ASFALTADA,SIN_DATO,SIN_DATO,SIN_DATO,SIN_DATO,EN PROCESO DE INVESTIGACIÓN,NO CUENTA CON CAUSA ESPECIFICA,2023,7,2,0,7,MAÑANA,COSTA,1,0,LEVE,0,0
CHOQUE,1,0,2,ANCASH,RECUAY,TICAPAMPA,RURAL,CARRETERA,DEPARTAMENTAL,AN-110,-9.688896,-77.252331,DESPEJADO,RURAL,TRAMO RECTO,PLANA ,ASFALTADA,SI,PREVENTIVA (P),SIN_DATO,SI,EN PROCESO DE INVESTIGACIÓN,NO CUENTA CON CAUSA ESPECIFICA,2023,7,2,0,8,MAÑANA,SIERRA,1,0,LEVE,0,0
ATROPELLO,1,0,1,CUSCO,ESPINAR,OCORURO,RURAL,CARRETERA,NACIONAL,PE-34J,-15.004788,-71.163553,DESPEJADO,RURAL,TRAMO RECTO,PLANA ,ASFALTADA,SI,REGULADORA (R),SIN_DATO,NO,EN PROCESO DE INVESTIGACIÓN,NO CUENTA CON CAUSA ESPECIFICA,2023,7,2,0,11,MAÑANA,SIERRA,1,0,LEVE,0,0
CHOQUE,1,0,2,PUNO,PUNO,ACORA,RURAL,CARRETERA,NACIONAL,PE-3S,-16.047864,-69.708915,DESPEJADO,RURAL,TRAMO RECTO,PLANA ,TROCHA,SIN_DATO,SIN_DATO,SIN_DATO,SIN_DATO,IMPRUDENCIA DEL CONDUCTOR,OTRO (IMPRUDENCIA DEL CONDUCTOR),2023,7,2,0,17,TARDE,SIERRA,1,0,LEVE,0,0
VOLCADURA,1,0,1,SAN MARTIN,MOYOBAMBA,CALZADA,RURAL,CARRETERA,NACIONAL,PE-5N,-6.041742,-77.141574,DESPEJADO,RURAL,TRAMO RECTO,PLANA ,ASFALTADA,SI,REGULADORA (R),REGULADORA (R),NO,IMPRUDENCIA DEL CONDUCTOR,OTRO (IMPRUDENCIA DEL CONDUCTOR),2023,7,2,0,18,NOCHE,SELVA,1,0,LEVE,0,0
DESPISTE,2,1,1,AYACUCHO,HUANTA,UCHURACCAY,RURAL,CARRETERA,NACIONAL,PE-28B,-12.763619478703257,-74.00480741814614,NIEBLA,RURAL,CURVA,INCLINADA,ASFALTADA,SI,PREVENTIVA (P),SIN_DATO,NO,INFRAESTRUCTURA Y ENTORNO VIAL,FACTOR AMBIENTAL,2023,7,2,0,19,NOCHE,SIERRA,2,1,GRAVE_MORTALIDAD,1,0
CHOQUE,1,0,1,CALLAO,CALLAO,CALLAO,URBANA,AVENIDA,URBANO,NO CORRESPONDE,-12.0487186,-77.10384117,DESPEJADO,INDUSTRIAL,TRAMO RECTO,PLANA ,ASFALTADA,SIN_DATO,SIN_DATO,SIN_DATO,SIN_DATO,EN PROCESO DE INVESTIGACIÓN,NO CUENTA CON CAUSA ESPECIFICA,2023,7,2,0,22,NOCHE,COSTA,1,0,LEVE,0,0
DESPISTE,1,0,1,CUSCO,LA CONVENCION,MARANURA,RURAL,CARRETERA,PROVINCIAL,CU-855,-12.923910056865354,-72.65302522321855,DESPEJADO,RURAL,TRAMO RECTO,INCLINADA,AFIRMADO,SIN_DATO,SIN_DATO,SIN_DATO,SIN_DATO,NEGLIGENCIA DEL CONDUCTOR,CONDUCIR CON FALLAS DE FRENOS,2023,7,3,0,7,MAÑANA,SIERRA,1,0,LEVE,0,0
DESPISTE,1,0,1,LIMA,LIMA,SAN JUAN DE MIRAFLORES,URBANA,CARRETERA,NACIONAL,PE-1S,-12.19210476,-76.97262969,DESPEJADO,COMERCIAL,CURVA,INCLINADA,ASFALTADA,SIN_DATO,SIN_DATO,SIN_DATO,SIN_DATO,EN PROCESO DE INVESTIGACIÓN,NO CUENTA CON CAUSA ESPECIFICA,2023,7,3,0,11,MAÑANA,COSTA,1,0,LEVE,0,0
ATROPELLO FUGA,1,0,1,LIMA,LIMA,CARABAYLLO,URBANA,CALLE,URBANO,NO CORRESPONDE,-11.88194414,-77.05194375,DESPEJADO,RESIDENCIAL,TRAMO RECTO,PLANA ,ASFALTADA,SIN_DATO,SIN_DATO,SIN_DATO,SIN_DATO,EN PROCESO DE INVESTIGACIÓN,NO CUENTA CON CAUSA ESPECIFICA,2023,7,3,0,11,MAÑANA,COSTA,1,0,LEVE,0,0
DESPISTE,1,1,1,AREQUIPA,CAYLLOMA,SAN ANTONIO DE CHUCA,RURAL,CARRETERA,NACIONAL,PE-34A,-15.761795,-70.989748,DESPEJADO,RURAL,CURVA,INCLINADA,ASFALTADA,SIN_DATO,SIN_DATO,SIN_DATO,SIN_DATO,EN PROCESO DE INVESTIGACIÓN,NO CUENTA CON CAUSA ESPECIFICA,2023,7,3,0,16,TARDE,COSTA,1,1,LEVE,0,0
DESPISTE,1,0,1,PIURA,PIURA,PIURA,URBANA,AVENIDA,URBANO,NO CORRESPONDE,-5.164166,-80.647215,DESPEJADO,RURAL,TRAMO RECTO,PLANA ,ASFALTADA,SIN_DATO,SIN_DATO,SIN_DATO,SIN_DATO,EN PROCESO DE INVESTIGACIÓN,NO CUENTA CON CAUSA ESPECIFICA,2023,7,4,0,3,MADRUGADA,COSTA,1,0,LEVE,0,0
ATROPELLO FUGA,1,0,0,TACNA,TACNA,TACNA,RURAL,CARRETERA,PROVINCIAL,TA-645,-18.305434,-70.320481,DESPEJADO,RURAL,TRAMO RECTO,PLANA ,ASFALTADA,SIN_DATO,SIN_DATO,SIN_DATO,SIN_DATO,EN PROCESO DE INVESTIGACIÓN,NO CUENTA CON CAUSA ESPECIFICA,2023,7,4,0,3,MADRUGADA,COSTA,1,0,LEVE,0,0
DESPISTE,1,5,1,LIMA,HUAURA,HUACHO,RURAL,CARRETERA,NACIONAL,PE-1N,-11.3995,-77.39173,DESPEJADO,RURAL,TRAMO RECTO,INCLINADA,ASFALTADA,SIN_DATO,SIN_DATO,SIN_DATO,SIN_DATO,EN PROCESO DE INVESTIGACIÓN,NO CUENTA CON CAUSA ESPECIFICA,2023,7,4,0,7,MAÑANA,COSTA,1,5,GRAVE_LESIONADOS,0,1
CHOQUE,1,0,1,LA LIBERTAD,SANCHEZ CARRION,HUAMACHUCO,RURAL,CARRETERA,NACIONAL,PE-3N,-7.811103864819987,-78.05283795922684,DESPEJADO,RURAL,TRAMO RECTO,PLANA ,ASFALTADA,SIN_DATO,SIN_DATO,SIN_DATO,SIN_DATO,IMPRUDENCIA DEL CONDUCTOR,OTRO (IMPRUDENCIA DEL CONDUCTOR),2023,7,4,0,11,MAÑANA,COSTA,1,0,LEVE,0,0
ATROPELLO,1,1,1,PUNO,PUNO,PUNO,URBANA,AVENIDA,URBANO,NO CORRESPONDE,-15.8360125,-70.0231588,DESPEJADO,COMERCIAL,INTERSECCIÓN,PLANA ,ASFALTADA,SIN_DATO,SIN_DATO,SIN_DATO,SIN_DATO,IMPRUDENCIA DEL CONDUCTOR,EXCESO DE VELOCIDAD,2023,7,4,0,12,TARDE,SIERRA,1,1,LEVE,0,0
DESPISTE,1,0,1,LA LIBERTAD,ASCOPE,SANTIAGO DE CAO,RURAL,CARRETERA,PROVINCIAL,LI-667,-7.962023,-79.217277,DESPEJADO,RURAL,INTERSECCIÓN,PLANA ,ASFALTADA,SIN_DATO,SIN_DATO,SIN_DATO,SIN_DATO,EN PROCESO DE INVESTIGACIÓN,NO CUENTA CON CAUSA ESPECIFICA,2023,7,4,0,20,NOCHE,COSTA,1,0,LEVE,0,0
CHOQUE CON OBJETO FIJO,1,3,1,HUANCAVELICA,TAYACAJA,ACOSTAMBO,RURAL,CARRETERA,NACIONAL,PE-3S,-12.378300729362945,-75.0485996535858,DESPEJADO,RURAL,CURVA,PLANA ,ASFALTADA,SIN_DATO,SIN_DATO,SIN_DATO,SIN_DATO,EN PROCESO DE INVESTIGACIÓN,NO CUENTA CON CAUSA ESPECIFICA,2023,7,4,0,20,NOCHE,SIERRA,1,3,GRAVE_LESIONADOS,0,1
DESPISTE,1,1,1,CAJAMARCA,CONTUMAZA,YONAN,RURAL,CARRETERA,NACIONAL,PE-08,-7.25253949865547,-79.1246402773862,SOLEADO,RURAL,CURVA,PLANA ,ASFALTADA,NO,SIN_DATO,SIN_DATO,SI,IMPRUDENCIA DEL CONDUCTOR,EXCESO DE VELOCIDAD,2023,7,4,0,21,NOCHE,SIERRA,1,1,LEVE,0,0
ATROPELLO FUGA,1,0,1,LIMA,LIMA,VILLA EL SALVADOR,URBANA,AVENIDA,URBANO,NO CORRESPONDE,-12.1963004,-76.95351318,DESPEJADO,ESCOLAR,TRAMO RECTO,INCLINADA,ASFALTADA,SI,INFORMATIVA (I),SIN_DATO,NO,EN PROCESO DE INVESTIGACIÓN,NO CUENTA CON CAUSA ESPECIFICA,2023,7,5,1,6,MAÑANA,COSTA,1,0,LEVE,0,0
DESPISTE,2,1,1,ANCASH,HUARAZ,OLLEROS,RURAL,CARRETERA,NACIONAL,PE-3N,-9.6462648,-77.4872321,DESPEJADO,RURAL,CURVA,INCLINADA,ASFALTADA,NO,SIN_DATO,SIN_DATO,SI,EN PROCESO DE INVESTIGACIÓN,NO CUENTA CON CAUSA ESPECIFICA,2023,7,5,1,7,MAÑANA,SIERRA,2,1,GRAVE_MORTALIDAD,1,0
ATROPELLO,1,0,1,PUNO,PUNO,ACORA,RURAL,CARRETERA,NACIONAL,PE-3S,-16.012649,-69.751072,DESPEJADO,RURAL,TRAMO RECTO,PLANA ,ASFALTADA,SIN_DATO,SIN_DATO,SIN_DATO,SIN_DATO,IMPRUDENCIA DEL PEATÓN,CRUCE INDEBIDO POR LA CALZADA,2023,7,5,1,8,MAÑANA,SIERRA,1,0,LEVE,0,0
DESPISTE,1,0,1,LA LIBERTAD,OTUZCO,SINSICAP,RURAL,CARRETERA,DEPARTAMENTAL,LI-110,-7.830512494782083,-78.71859986116617,DESPEJADO,RURAL,TRAMO RECTO,PLANA ,ASFALTADA,SIN_DATO,SIN_DATO,SIN_DATO,SIN_DATO,EN PROCESO DE INVESTIGACIÓN,NO CUENTA CON CAUSA ESPECIFICA,2023,7,5,1,10,MAÑANA,COSTA,1,0,LEVE,0,0
ATROPELLO,1,0,1,LA LIBERTAD,TRUJILLO,TRUJILLO,RURAL,AVENIDA,URBANO,NO CORRESPONDE,-8.0925758,-79.0180225,DESPEJADO,RURAL,INTERSECCIÓN,PLANA ,ASFALTADA,SIN_DATO,SIN_DATO,SIN_DATO,SIN_DATO,IMPRUDENCIA DEL CONDUCTOR,OTRO (IMPRUDENCIA DEL CONDUCTOR),2023,7,5,1,11,MAÑANA,COSTA,1,0,LEVE,0,0
DESPISTE,1,5,1,AYACUCHO,CANGALLO,CANGALLO,RURAL,CARRETERA,PROVINCIAL,AY-990,-13.6058593,-74.1387439,DESPEJADO,RURAL,CURVA,INCLINADA,TROCHA,SIN_DATO,SIN_DATO,SIN_DATO,SIN_DATO,IMPRUDENCIA DEL CONDUCTOR,OTRO (IMPRUDENCIA DEL CONDUCTOR),2023,7,5,1,15,TARDE,SIERRA,1,5,GRAVE_LESIONADOS,0,1
VOLCADURA,1,0,1,AYACUCHO,LA MAR,TAMBO,URBANA,CARRETERA,NACIONAL,PE-28B,-12.94969510295809,-74.01757465344146,DESPEJADO,RURAL,CURVA,INCLINADA,ASFALTADA,SI,PREVENTIVA (P),SIN_DATO,NO,NEGLIGENCIA DEL CONDUCTOR,CONDUCIR CON FALLAS DE FRENOS,2023,7,5,1,16,TARDE,SIERRA,1,0,LEVE,0,0
CHOQUE,1,2,1,PIURA,PIURA,VEINTISEIS DE OCTUBRE,URBANA,OTRO,URBANO,NO CORRESPONDE,-5.183162,-80.681037,DESPEJADO,RURAL,INTERSECCIÓN,PLANA ,ASFALTADA,SIN_DATO,SIN_DATO,SIN_DATO,SIN_DATO,IMPRUDENCIA DEL CONDUCTOR,EXCESO DE VELOCIDAD,2023,7,5,1,17,TARDE,COSTA,1,2,LEVE,0,0
DESPISTE,1,2,1,LA LIBERTAD,OTUZCO,SALPO,RURAL,CARRETERA,NACIONAL,PE-10A,-7.991491530019913,-78.66085942613947,DESPEJADO,RURAL,TRAMO RECTO,PLANA ,ASFALTADA,SIN_DATO,SIN_DATO,SIN_DATO,SIN_DATO,IMPRUDENCIA DEL CONDUCTOR,OTRO (IMPRUDENCIA DEL CONDUCTOR),2023,7,5,1,21,NOCHE,COSTA,1,2,LEVE,0,0
CHOQUE,2,0,1,LIMA,LIMA,SANTIAGO DE SURCO,URBANA,CARRETERA,NACIONAL,PE-1S,-12.091023,-76.980921,DESPEJADO,COMERCIAL,TRAMO RECTO,PLANA ,ASFALTADA,SIN_DATO,SIN_DATO,SIN_DATO,SIN_DATO,EN PROCESO DE INVESTIGACIÓN,NO CUENTA CON CAUSA ESPECIFICA,2023,7,5,1,22,NOCHE,COSTA,2,0,GRAVE_MORTALIDAD,1,0
DESPISTE,13,17,1,PIURA,HUANCABAMBA,HUARMACA,RURAL,CARRETERA,NACIONAL,PE-04B,-5.88354,-79.5367939,DESPEJADO,RURAL,CURVA,INCLINADA,ASFALTADA,SI,PREVENTIVA (P),SIN_DATO,NO,IMPRUDENCIA DEL CONDUCTOR,EXCESO DE VELOCIDAD,2023,7,6,1,2,MADRUGADA,COSTA,13,17,GRAVE_MORTALIDAD,1,1
ATROPELLO,1,0,1,PIURA,SECHURA,SECHURA,RURAL,CARRETERA,NACIONAL,PE-1NK,-5.67723630900685,-80.8491431991328,DESPEJADO,RURAL,TRAMO RECTO,PLANA ,ASFALTADA,SIN_DATO,SIN_DATO,SIN_DATO,SIN_DATO,EN PROCESO DE INVESTIGACIÓN,NO CUENTA CON CAUSA ESPECIFICA,2023,7,6,1,3,MADRUGADA,COSTA,1,0,LEVE,0,0
VOLCADURA,2,0,1,CAJAMARCA,HUALGAYOC,HUALGAYOC,RURAL,CARRETERA,NACIONAL,PE-3N,-6.726774,-78.577094,DESPEJADO,RURAL,TRAMO RECTO,PLANA ,ASFALTADA,NO,SIN_DATO,SIN_DATO,SI,EN PROCESO DE INVESTIGACIÓN,NO CUENTA CON CAUSA ESPECIFICA,2023,7,6,1,3,MADRUGADA,SIERRA,2,0,GRAVE_MORTALIDAD,1,0