CLASE SINIESTRO,CANTIDAD DE FALLECIDOS,CANTIDAD DE LESIONADOS,CANTIDAD DE VEHICULOS DAÑADOS,DEPARTAMENTO,PROVINCIA,DISTRITO,ZONA,TIPO DE VÍA,RED VIAL,COD CARRETERA,COORDENADAS LATITUD,COORDENADAS  LONGITUD,CONDICIÓN CLIMÁTICA,ZONIFICACIÓN,CARACTERÍSTICAS DE VÍA,PERFIL LONGITUDINAL VÍA,SUPERFICIE DE CALZADA,¿EXISTE SEÑAL VERTICAL?,CLASIFICACIÓN DE LA SEÑAL VERTICAL Nº 1,CLASIFICACIÓN DE LA SEÑAL VERTICAL Nº 2,¿EXISTE SEÑAL HORIZONTAL?,CAUSA FACTOR PRINCIPAL,CAUSA ESPECÍFICA,AÑO,MES,DIA_SEMANA,ES_FIN_SEMANA,HORA_NUM,FRANJA_HORARIA,REGION_NATURAL,FALLECIDOS,LESIONADOS,CATEGORIA_SEVERIDAD,MORTALIDAD_MULTIPLE,LESION_MULTIPLE
CHOQUE,2,0,2,CUSCO,CUSCO,SAN SEBASTIAN,URBANA,CARRETERA,NACIONAL,PE-28G,-13.487310542325693,-71.9180115647935,DESPEJADO,COMERCIAL,TRAMO RECTO,INCLINADA,ASFALTADA,NO,SIN_DATO,SIN_DATO,SI,IMPRUDENCIA DEL CONDUCTOR,FATIGA Y/O CANSANCIO,2023,9,5,1,6,MAÑANA,SIERRA,2,0,GRAVE_MORTALIDAD,1,0
DESPISTE,1,1,1,CAJAMARCA,CUTERVO,QUEROCOTILLO,RURAL,CARRETERA,PROVINCIAL,CA-826,-6.239888,-79.051608,DESPEJADO,RURAL,CURVA,INCLINADA,AFIRMADO,SIN_DATO,SIN_DATO,SIN_DATO,SIN_DATO,IMPERICIA DEL CONDUCTOR,SIN_DATO,2023,9,5,1,6,MAÑANA,SIERRA,1,1,LEVE,0,0
DESPISTE,1,0,1,PUNO,EL COLLAO,CAPAZO,RURAL,CARRETERA,NACIONAL,PE-38,-17.20364587525543,-69.76388548947651,DESPEJADO,RURAL,TRAMO RECTO,PLANA ,ASFALTADA,SIN_DATO,SIN_DATO,SIN_DATO,SIN_DATO,IMPRUDENCIA DEL CONDUCTOR,EXCESO DE VELOCIDAD,2023,9,5,1,8,MAÑANA,SIERRA,1,0,LEVE,0,0
CHOQUE,1,0,1,PUNO,AZANGARO,MUÑANI,RURAL,CARRETERA,DEPARTAMENTAL,PU-111,-14.7467192421496,-69.9384659719067,DESPEJADO,RURAL,TRAMO RECTO,PLANA ,ASFALTADA,SIN_DATO,SIN_DATO,SIN_DATO,SIN_DATO,IMPRUDENCIA DEL CONDUCTOR,INVASIÓN DE CARRIL,2023,9,5,1,18,NOCHE,SIERRA,1,0,LEVE,0,0
CHOQUE,1,0,1,PUNO,EL COLLAO,ILAVE,RURAL,CARRETERA,NACIONAL,PE-3S,-16.096086,-69.620287,DESPEJADO,RURAL,TRAMO RECTO,PLANA ,ASFALTADA,SIN_DATO,SIN_DATO,SIN_DATO,SIN_DATO,IMPRUDENCIA DEL CONDUCTOR,OTRO (IMPRUDENCIA DEL CONDUCTOR),2023,9,5,1,19,NOCHE,SIERRA,1,0,LEVE,0,0
ATROPELLO,1,0,1,LIMA,LIMA,CARABAYLLO,URBANA,AVENIDA,URBANO,NO CORRESPONDE,-11.8645445,-77.01586153,DESPEJADO,RESIDENCIAL,INTERSECCIÓN,PLANA ,ASFALTADA,SIN_DATO,SIN_DATO,SIN_DATO,SIN_DATO,EN PROCESO DE INVESTIGACIÓN,NO CUENTA CON CAUSA ESPECIFICA,2023,9,5,1,20,NOCHE,COSTA,1,0,LEVE,0,0
ATROPELLO,1,0,1,CUSCO,ANTA,ANCAHUASI,RURAL,CARRETERA,NACIONAL,PE-3S,-13.468504,-72.283308,DESPEJADO,RURAL,TRAMO RECTO,PLANA ,ASFALTADA,SIN_DATO,SIN_DATO,SIN_DATO,SIN_DATO,IMPRUDENCIA DEL PEATÓN,CRUCE INDEBIDO POR LA CALZADA,2023,9,5,1,22,NOCHE,SIERRA,1,0,LEVE,0,0
DESPISTE,1,0,1,PUNO,SAN ANTONIO DE PUTINA,SINA,RURAL,CARRETERA,DEPARTAMENTAL,PU-109,-14.498504,-69.281092,DESPEJADO,RURAL,CURVA,PLANA ,TROCHA,SIN_DATO,SIN_DATO,SIN_DATO,SIN_DATO,IMPRUDENCIA DEL CONDUCTOR,FATIGA Y/O CANSANCIO,2023,9,5,1,23,NOCHE,SIERRA,1,0,LEVE,0,0
ATROPELLO,1,0,1,AREQUIPA,AREQUIPA,CERRO COLORADO,URBANA,CALLE,URBANO,NO CORRESPONDE,-16.331323,-71.590875,SOLEADO,RESIDENCIAL,TRAMO RECTO,PLANA ,ASFALTADA,NO,SIN_DATO,SIN_DATO,SI,EN PROCESO DE INVESTIGACIÓN,NO CUENTA CON CAUSA ESPECIFICA,2023,9,6,1,8,MAÑANA,COSTA,1,0,LEVE,0,0
CHOQUE FUGA,1,1,1,ANCASH,YUNGAY,MANCOS,RURAL,CARRETERA,NACIONAL,PE-3N,-9.2086436,-77.6912474,DESPEJADO,RURAL,CURVA,PLANA ,ASFALTADA,SI,PREVENTIVA (P),SIN_DATO,SI,EN PROCESO DE INVESTIGACIÓN,NO CUENTA CON CAUSA ESPECIFICA,2023,9,6,1,14,TARDE,SIERRA,1,1,LEVE,0,0
DESPISTE,2,0,1,LA LIBERTAD,BOLIVAR,BOLIVAR,RURAL,CARRETERA,SIN CLASIFICAR,SIN CLASIFICAR,-7.160296646886007,-77.69923457189383,DESPEJADO,RURAL,TRAMO RECTO,PLANA ,TROCHA,SIN_DATO,SIN_DATO,SIN_DATO,SIN_DATO,EN PROCESO DE INVESTIGACIÓN,NO CUENTA CON CAUSA ESPECIFICA,2023,9,6,1,20,NOCHE,COSTA,2,0,GRAVE_MORTALIDAD,1,0
DESPISTE,1,0,1,PIURA,PIURA,CASTILLA,RURAL,CALLE,URBANO,NO CORRESPONDE,-5.193018,-80.6073,DESPEJADO,RURAL,TRAMO RECTO,PLANA ,TROCHA,SIN_DATO,SIN_DATO,SIN_DATO,SIN_DATO,IMPRUDENCIA DEL CONDUCTOR,OTRO (IMPRUDENCIA DEL CONDUCTOR),2023,9,6,1,21,NOCHE,COSTA,1,0,LEVE,0,0
CHOQUE,1,0,2,LA LIBERTAD,SANTIAGO DE CHUCO,SANTIAGO DE CHUCO,URBANA,CALLE,URBANO,NO CORRESPONDE,-8.145349,-78.1717949,DESPEJADO,COMERCIAL,TRAMO RECTO,PLANA ,ASFALTADA,SIN_DATO,SIN_DATO,SIN_DATO,SIN_DATO,EN PROCESO DE INVESTIGACIÓN,NO CUENTA CON CAUSA ESPECIFICA,2023,9,6,1,22,NOCHE,COSTA,1,0,LEVE,0,0
CHOQUE,1,0,2,LA LIBERTAD,TRUJILLO,VICTOR LARCO HERRERA,URBANA,CARRETERA,NACIONAL,PE-1N,-8.1466663,-79.0302184,DESPEJADO,COMERCIAL,TRAMO RECTO,PLANA ,ASFALTADA,SIN_DATO,SIN_DATO,SIN_DATO,SIN_DATO,EN PROCESO DE INVESTIGACIÓN,NO CUENTA CON CAUSA ESPECIFICA,2023,9,6,1,22,NOCHE,COSTA,1,0,LEVE,0,0
ATROPELLO,1,0,1,PUNO,SAN ROMAN,JULIACA,URBANA,AVENIDA,URBANO,NO CORRESPONDE,-15.482187285737623,-70.12115114504586,DESPEJADO,RESIDENCIAL,INTERSECCIÓN,PLANA ,ASFALTADA,SIN_DATO,SIN_DATO,SIN_DATO,SIN_DATO,IMPRUDENCIA DEL PEATÓN,CRUCE INDEBIDO POR LA CALZADA,2023,9,0,0,7,MAÑANA,SIERRA,1,0,LEVE,0,0
ATROPELLO,1,0,1,LA LIBERTAD,SANCHEZ CARRION,HUAMACHUCO,URBANA,PASAJE,URBANO,NO CORRESPONDE,-7.821764251921266,-78.03807443047148,DESPEJADO,RURAL,INTERSECCIÓN,PLANA ,ASFALTADA,SIN_DATO,SIN_DATO,SIN_DATO,SIN_DATO,IMPRUDENCIA DEL CONDUCTOR,OTRO (IMPRUDENCIA DEL CONDUCTOR),2023,9,0,0,15,TARDE,COSTA,1,0,LEVE,0,0
CHOQUE,1,0,2,ICA,NASCA,EL INGENIO,URBANA,CARRETERA,NACIONAL,PE-1S,-14.702352133349349,-75.105315495226,DESPEJADO,RURAL,TRAMO RECTO,PLANA ,ASFALTADA,SIN_DATO,SIN_DATO,SIN_DATO,SIN_DATO,EN PROCESO DE INVESTIGACIÓN,NO CUENTA CON CAUSA ESPECIFICA,2023,9,0,0,20,NOCHE,COSTA,1,0,LEVE,0,0
ATROPELLO,1,0,1,PIURA,PIURA,VEINTISEIS DE OCTUBRE,RURAL,CARRETERA,NACIONAL,PE-1N,-5.153668,-80.695158,DESPEJADO,RURAL,TRAMO RECTO,PLANA ,ASFALTADA,SIN_DATO,SIN_DATO,SIN_DATO,SIN_DATO,EN PROCESO DE INVESTIGACIÓN,NO CUENTA CON CAUSA ESPECIFICA,2023,9,0,0,20,NOCHE,COSTA,1,0,LEVE,0,0
DESPISTE,1,0,1,APURIMAC,AYMARAES,LUCRE,RURAL,CARRETERA,DEPARTAMENTAL,AP-107,-13.916403,-73.241813,LLUVIOSO,RURAL,CURVA,PLANA ,ASFALTADA,SIN_DATO,SIN_DATO,SIN_DATO,SIN_DATO,IMPRUDENCIA DEL CONDUCTOR,EXCESO DE VELOCIDAD,2023,9,1,0,5,MADRUGADA,SIERRA,1,0,LEVE,0,0
ATROPELLO,1,1,1,AREQUIPA,AREQUIPA,PAUCARPATA,URBANA,CALLE,URBANO,NO CORRESPONDE,-16.40645,-71.478831,DESPEJADO,RESIDENCIAL,TRAMO RECTO,PLANA ,ASFALTADA,SIN_DATO,SIN_DATO,SIN_DATO,SIN_DATO,EN PROCESO DE INVESTIGACIÓN,NO CUENTA CON CAUSA ESPECIFICA,2023,9,1,0,8,MAÑANA,COSTA,1,1,LEVE,0,0
INCENDIO,1,8,1,CAJAMARCA,CELENDIN,CELENDIN,SIN_DATO,CARRETERA,PROVINCIAL,CA-1000,-6.87500644702304,-78.1747825924907,DESPEJADO,RESIDENCIAL,CURVA,INCLINADA,AFIRMADO,SIN_DATO,SIN_DATO,SIN_DATO,SIN_DATO,EN PROCESO DE INVESTIGACIÓN,NO CUENTA CON CAUSA ESPECIFICA,2023,9,1,0,11,MAÑANA,SIERRA,1,8,GRAVE_LESIONADOS,0,1
DESPISTE,1,0,1,PIURA,SECHURA,BELLAVISTA DE LA UNION,RURAL,CARRETERA,PROVINCIAL,PI-1040,-5.438252,-80.737267,DESPEJADO,RURAL,TRAMO RECTO,PLANA ,AFIRMADO,SIN_DATO,SIN_DATO,SIN_DATO,SIN_DATO,EN PROCESO DE INVESTIGACIÓN,NO CUENTA CON CAUSA ESPECIFICA,2023,9,1,0,19,NOCHE,COSTA,1,0,LEVE,0,0
ATROPELLO FUGA,1,0,1,ICA,ICA,SALAS,URBANA,CARRETERA,NACIONAL,PE-1S,-13.916091380116908,-76.00936130489674,DESPEJADO,COMERCIAL,TRAMO RECTO,PLANA ,ASFALTADA,SIN_DATO,SIN_DATO,SIN_DATO,SIN_DATO,EN PROCESO DE INVESTIGACIÓN,NO CUENTA CON CAUSA ESPECIFICA,2023,9,1,0,20,NOCHE,COSTA,1,0,LEVE,0,0
CHOQUE,1,2,1,CAJAMARCA,JAEN,BELLAVISTA,RURAL,CARRETERA,NACIONAL,PE-5N,-5.78025843707229,-78.7060654849252,DESPEJADO,RURAL,TRAMO RECTO,INCLINADA,ASFALTADA,SI,PREVENTIVA (P),SIN_DATO,SI,IMPRUDENCIA DEL CONDUCTOR,EXCESO DE VELOCIDAD,2023,9,2,0,5,MADRUGADA,SIERRA,1,2,LEVE,0,0
DESPISTE,1,0,1,LA LIBERTAD,ASCOPE,CHOCOPE,RURAL,CARRETERA,DEPARTAMENTAL,LI-102,-7.795505,-79.219141,DESPEJADO,RURAL,TRAMO RECTO,PLANA ,ASFALTADA,SIN_DATO,SIN_DATO,SIN_DATO,SIN_DATO,IMPRUDENCIA DEL CONDUCTOR,CONDUCIR EN ESTADO DE EBRIEDAD Y/O DROGADICCIÓN,2023,9,2,0,17,TARDE,COSTA,1,0,LEVE,0,0
ATROPELLO FUGA,1,0,1,AREQUIPA,AREQUIPA,AREQUIPA,URBANA,AVENIDA,URBANO,NO CORRESPONDE,-16.41013373,-71.5510387,DESPEJADO,INDUSTRIAL,TRAMO RECTO,INCLINADA,ASFALTADA,SIN_DATO,SIN_DATO,SIN_DATO,SIN_DATO,EN PROCESO DE INVESTIGACIÓN,NO CUENTA CON CAUSA ESPECIFICA,2023,9,3,0,12,TARDE,COSTA,1,0,LEVE,0,0
DESPISTE,1,1,1,JUNIN,JAUJA,JULCAN,RURAL,CARRETERA,SIN CLASIFICAR,SIN CLASIFICAR,-11.74488,-75.41777,SOLEADO,RURAL,TRAMO RECTO,INCLINADA,TROCHA,SIN_DATO,SIN_DATO,SIN_DATO,SIN_DATO,IMPRUDENCIA DEL CONDUCTOR,OTRO (IMPRUDENCIA DEL CONDUCTOR),2023,9,3,0,16,TARDE,SIERRA,1,1,LEVE,0,0
ESPECIAL,1,0,1,JUNIN,HUANCAYO,INGENIO,RURAL,CARRETERA,SIN CLASIFICAR,SIN CLASIFICAR,-11.923284,-75.273948,DESPEJADO,RURAL,OTRO,INCLINADA,TROCHA,SIN_DATO,SIN_DATO,SIN_DATO,SIN_DATO,IMPRUDENCIA DEL CONDUCTOR,CONDUCIR EN ESTADO DE EBRIEDAD Y/O DROGADICCIÓN,2023,9,4,0,6,MAÑANA,SIERRA,1,0,LEVE,0,0
CHOQUE,1,0,1,LIMA,LIMA,SAN MARTIN DE PORRES,URBANA,AVENIDA,URBANO,NO CORRESPONDE,-12.03111589,-77.08406933,DESPEJADO,RESIDENCIAL,TRAMO RECTO,PLANA ,ASFALTADA,SIN_DATO,SIN_DATO,SIN_DATO,SIN_DATO,EN PROCESO DE INVESTIGACIÓN,NO CUENTA CON CAUSA ESPECIFICA,2023,9,4,0,11,MAÑANA,COSTA,1,0,LEVE,0,0
CHOQUE,6,14,1,JUNIN,TARMA,SAN PEDRO DE CAJAS,RURAL,CARRETERA,NACIONAL,PE-3N,-11.295471036196531,-75.9110748227024,DESPEJADO,RURAL,CURVA,INCLINADA,ASFALTADA,SIN_DATO,SIN_DATO,SIN_DATO,SIN_DATO,IMPRUDENCIA DEL CONDUCTOR,ADELANTAR INDEBIDAMENTE,2023,9,4,0,14,TARDE,SIERRA,6,14,GRAVE_MORTALIDAD,1,1
ATROPELLO,1,0,1,ICA,NASCA,NASCA,URBANA,CARRETERA,NACIONAL,PE-1S,-14.83116,-74.943432,DESPEJADO,COMERCIAL,TRAMO RECTO,PLANA ,ASFALTADA,SIN_DATO,SIN_DATO,SIN_DATO,SIN_DATO,EN PROCESO DE INVESTIGACIÓN,NO CUENTA CON CAUSA ESPECIFICA,2023,9,4,0,15,TARDE,COSTA,1,0,LEVE,0,0
CHOQUE,1,0,2,CUSCO,URUBAMBA,URUBAMBA,URBANA,CARRETERA,NACIONAL,PE-28B,-13.31145,-72.10592,DESPEJADO,RURAL,TRAMO RECTO,PLANA ,ASFALTADA,SI,PREVENTIVA (P),SIN_DATO,SI,IMPRUDENCIA DEL CONDUCTOR,FATIGA Y/O CANSANCIO,2023,9,4,0,17,TARDE,SIERRA,1,0,LEVE,0,0
CHOQUE,1,0,1,LIMA,LIMA,VILLA EL SALVADOR,URBANA,AVENIDA,URBANO,NO CORRESPONDE,-12.21545873,-76.92889863,DESPEJADO,RESIDENCIAL,INTERSECCIÓN,PLANA ,ASFALTADA,SIN_DATO,SIN_DATO,SIN_DATO,SIN_DATO,IMPRUDENCIA DEL CONDUCTOR,OTRO (IMPRUDENCIA DEL CONDUCTOR),2023,9,4,0,18,NOCHE,COSTA,1,0,LEVE,0,0
ATROPELLO,1,0,1,LIMA,LIMA,MIRAFLORES,URBANA,AVENIDA,URBANO,NO CORRESPONDE,-12.12627945,-77.01810026,DESPEJADO,COMERCIAL,INTERSECCIÓN,PLANA ,ASFALTADA,NO,SIN_DATO,SIN_DATO,NO,IMPRUDENCIA DEL PEATÓN,OTRO (IMPRUDENCIA DEL PEATÓN),2023,9,4,0,23,NOCHE,COSTA,1,0,LEVE,0,0
ESPECIAL,1,1,1,CUSCO,URUBAMBA,OLLANTAYTAMBO,RURAL,CARRETERA,PROVINCIAL,CU-917,-13.218509,-72.354399,DESPEJADO,RURAL,CURVA,INCLINADA,TROCHA,SIN_DATO,SIN_DATO,SIN_DATO,SIN_DATO,INFRAESTRUCTURA Y ENTORNO VIAL,OTRO (INFRAESTRUCTURA Y ENTORNO VIAL),2023,9,5,1,2,MADRUGADA,SIERRA,1,1,LEVE,0,0
DESPISTE,3,2,1,AREQUIPA,CAYLLOMA,SAN ANTONIO DE CHUCA,RURAL,CARRETERA,NACIONAL,PE-34J,-15.734174,-71.031393,DESPEJADO,RURAL,TRAMO RECTO,PLANA ,ASFALTADA,SIN_DATO,SIN_DATO,SIN_DATO,SIN_DATO,EN PROCESO DE INVESTIGACIÓN,NO CUENTA CON CAUSA ESPECIFICA,2023,9,5,1,3,MADRUGADA,COSTA,3,2,GRAVE_MORTALIDAD,1,0
CHOQUE,1,0,1,LIMA,LIMA,SAN JUAN DE MIRAFLORES,URBANA,CARRETERA,NACIONAL,PE-1S,-12.18818944,-76.97369258,DESPEJADO,RESIDENCIAL,TRAMO RECTO,PLANA ,ASFALTADA,SIN_DATO,SIN_DATO,SIN_DATO,SIN_DATO,IMPRUDENCIA DEL CONDUCTOR,OTRO (IMPRUDENCIA DEL CONDUCTOR),2023,9,5,1,6,MAÑANA,COSTA,1,0,LEVE,0,0
ATROPELLO,1,0,1,CAJAMARCA,CAJABAMBA,SITACOCHA,URBANA,CARRETERA,SIN CLASIFICAR,SIN CLASIFICAR,-7.516598,-77.969934,DESPEJADO,COMERCIAL,TRAMO RECTO,INCLINADA,CASCAJO/RIPIO,SIN_DATO,SIN_DATO,SIN_DATO,SIN_DATO,IMPRUDENCIA DEL CONDUCTOR,EXCESO DE VELOCIDAD,2023,9,5,1,10,MAÑANA,SIERRA,1,0,LEVE,0,0
CHOQUE,1,0,1,ICA,NAZCA,VISTA ALEGRE,URBANA,CARRETERA,NACIONAL,PE-3N,-9.15962187794136,-77.733460206841,DESPEJADO,RURAL,TRAMO RECTO,PLANA ,AFIRMADO,SIN_DATO,SIN_DATO,SIN_DATO,SIN_DATO,IMPERICIA DEL CONDUCTOR,SIN_DATO,2023,9,5,1,17,TARDE,COSTA,1,0,LEVE,0,0
ATROPELLO FUGA,1,0,1,PUNO,AZANGARO,SAMAN,RURAL,AVENIDA,URBANO,NO CORRESPONDE,-15.2962592,-70.0206447,DESPEJADO,RURAL,TRAMO RECTO,PLANA ,ASFALTADA,SIN_DATO,SIN_DATO,SIN_DATO,SIN_DATO,EN PROCESO DE INVESTIGACIÓN,NO CUENTA CON CAUSA ESPECIFICA,2023,9,5,1,18,NOCHE,SIERRA,1,0,LEVE,0,0
CHOQUE,1,2,1,JUNIN,JUNIN,JUNIN,RURAL,CARRETERA,NACIONAL,PE-3N,-11.0874824,-75.9970533,DESPEJADO,RURAL,TRAMO RECTO,PLANA ,ASFALTADA,NO,SIN_DATO,SIN_DATO,SI,IMPRUDENCIA DEL CONDUCTOR,OTRO (IMPRUDENCIA DEL CONDUCTOR),2023,9,5,1,19,NOCHE,SIERRA,1,2,LEVE,0,0
CHOQUE,1,1,1,PIURA,PIURA,CATACAOS,RURAL,CARRETERA,PROVINCIAL,PI-1023,-5.317156,-80.664956,DESPEJADO,RURAL,TRAMO RECTO,PLANA ,ASFALTADA,SIN_DATO,SIN_DATO,SIN_DATO,SIN_DATO,EN PROCESO DE INVESTIGACIÓN,NO CUENTA CON CAUSA ESPECIFICA,2023,9,6,1,10,MAÑANA,COSTA,1,1,LEVE,0,0
DESPISTE,1,4,1,AMAZONAS,LUYA,SANTA CATALINA,URBANA,CARRETERA,SIN CLASIFICAR,SIN CLASIFICAR,-6.078438,-78.126134,DESPEJADO,RURAL,CURVA,INCLINADA,TROCHA,SIN_DATO,SIN_DATO,SIN_DATO,SIN_DATO,EN PROCESO DE INVESTIGACIÓN,NO CUENTA CON CAUSA ESPECIFICA,2023,9,6,1,10,MAÑANA,SELVA,1,4,GRAVE_LESIONADOS,0,1
ATROPELLO FUGA,1,0,1,LA LIBERTAD,VIRU,VIRU,RURAL,CARRETERA,NACIONAL,PE-1N,-8.40655,-78.822965,DESPEJADO,RURAL,TRAMO RECTO,PLANA ,ASFALTADA,SIN_DATO,SIN_DATO,SIN_DATO,SIN_DATO,EN PROCESO DE INVESTIGACIÓN,NO CUENTA CON CAUSA ESPECIFICA,2023,9,6,1,13,TARDE,COSTA,1,0,LEVE,0,0
DESPISTE,1,0,1,LA LIBERTAD,CHEPEN,PACANGA,RURAL,CARRETERA,PROVINCIAL,LI-524,-7.1538183828558175,-79.38419858413377,DESPEJADO,COMERCIAL,TRAMO RECTO,PLANA ,ASFALTADA,SIN_DATO,SIN_DATO,SIN_DATO,SIN_DATO,IMPRUDENCIA DEL CONDUCTOR,CONDUCIR EN ESTADO DE EBRIEDAD Y/O DROGADICCIÓN,2023,9,6,1,14,TARDE,COSTA,1,0,LEVE,0,0
ATROPELLO,1,0,1,LIMA,LIMA,BREÑA,URBANA,JIRÓN,URBANO,NO CORRESPONDE,-12.05928678,-77.04611754,DESPEJADO,COMERCIAL,TRAMO RECTO,PLANA ,ASFALTADA,SIN_DATO,SIN_DATO,SIN_DATO,SIN_DATO,IMPRUDENCIA DEL CONDUCTOR,OTRO (IMPRUDENCIA DEL CONDUCTOR),2023,9,6,1,18,NOCHE,COSTA,1,0,LEVE,0,0
ATROPELLO,2,0,1,LIMA,LIMA,PUENTE PIEDRA,URBANA,CARRETERA,NACIONAL,PE-1N,-11.85076964,-77.0919663,DESPEJADO,COMERCIAL,TRAMO RECTO,PLANA ,ASFALTADA,SIN_DATO,SIN_DATO,SIN_DATO,SIN_DATO,IMPRUDENCIA DEL CONDUCTOR,OTRO (IMPRUDENCIA DEL CONDUCTOR),2023,9,0,0,3,MADRUGADA,COSTA,2,0,GRAVE_MORTALIDAD,1,0
CHOQUE,1,1,2,CUSCO,QUISPICANCHI,OCONGATE,RURAL,CARRETERA,NACIONAL,PE-30C,-13.66012,-71.42599,DESPEJADO,RURAL,CURVA,INCLINADA,ASFALTADA,SI,PREVENTIVA (P),REGULADORA (R),SI,IMPRUDENCIA DEL CONDUCTOR,INVASIÓN DE CARRIL,2023,9,0,0,4,MADRUGADA,SIERRA,1,1,LEVE,0,0
ATROPELLO,1,1,1,AMAZONAS,RODRIGUEZ DE MENDOZA,SAN NICOLAS,URBANA,AVENIDA,URBANO,NO CORRESPONDE,-6.391068,-77.497284,DESPEJADO,INDUSTRIAL,TRAMO RECTO,INCLINADA,CONCRETO,SI,PREVENTIVA (P),SIN_DATO,SI,EN PROCESO DE INVESTIGACIÓN,NO CUENTA CON CAUSA ESPECIFICA,2023,9,1,0,5,MADRUGADA,SELVA,1,1,LEVE,0,0
DESPISTE,2,35,1,AYACUCHO,HUAMANGA,VINCHOS,RURAL,CARRETERA,NACIONAL,PE-28A,-13.281071,-74.307477,DESPEJADO,RURAL,CURVA,INCLINADA,ASFALTADA,SI,PREVENTIVA (P),PREVENTIVA (P),NO,IMPRUDENCIA DEL CONDUCTOR,EXCESO DE VELOCIDAD,2023,9,1,0,11,MAÑANA,SIERRA,2,35,GRAVE_MORTALIDAD,1,1
CHOQUE,10,7,1,AREQUIPA,AREQUIPA,VITOR,RURAL,CARRETERA,NACIONAL,PE-1S,-16.466055,-71.954075,DESPEJADO,RESIDENCIAL,CURVA,INCLINADA,ASFALTADA,SIN_DATO,SIN_DATO,SIN_DATO,SIN_DATO,EN PROCESO DE INVESTIGACIÓN,NO CUENTA CON CAUSA ESPECIFICA,2023,9,1,0,21,NOCHE,COSTA,10,7,GRAVE_MORTALIDAD,1,1
ATROPELLO,1,0,1,LIMA,LIMA,RIMAC,URBANA,CARRETERA,NACIONAL,PE-1N,-12.04306636,-77.02281888,DESPEJADO,COMERCIAL,TRAMO RECTO,PLANA ,ASFALTADA,SIN_DATO,SIN_DATO,SIN_DATO,SIN_DATO,EN PROCESO DE INVESTIGACIÓN,NO CUENTA CON CAUSA ESPECIFICA,2023,9,2,0,0,MADRUGADA,COSTA,1,0,LEVE,0,0
DESPISTE,1,0,1,AREQUIPA,AREQUIPA,UCHUMAYO,RURAL,CARRETERA,NACIONAL,PE-34A,-16.420045,-71.646365,DESPEJADO,RURAL,CURVA,INCLINADA,ASFALTADA,SI,PREVENTIVA (P),SIN_DATO,SI,EN PROCESO DE INVESTIGACIÓN,NO CUENTA CON CAUSA ESPECIFICA,2023,9,2,0,6,MAÑANA,COSTA,1,0,LEVE,0,0
CHOQUE,1,7,2,LIMA,HUAURA,HUACHO,RURAL,CARRETERA,PROVINCIAL,LM-659,-11.191867685043611,-77.48083449283679,LLUVIOSO,RURAL,CURVA,INCLINADA,ASFALTADA,SIN_DATO,SIN_DATO,SIN_DATO,SIN_DATO,IMPRUDENCIA DEL CONDUCTOR,INVASIÓN DE CARRIL,2023,9,2,0,7,MAÑANA,COSTA,1,7,GRAVE_LESIONADOS,0,1
VOLCADURA,1,0,1,CUSCO,CHUMBIVILCAS,SANTO TOMAS,URBANA,CALLE,URBANO,NO CORRESPONDE,-14.450285,-72.083568,DESPEJADO,RESIDENCIAL,INTERSECCIÓN,PLANA ,ASFALTADA,SI,PREVENTIVA (P),SIN_DATO,SI,IMPRUDENCIA DEL CONDUCTOR,CONDUCIR EN ESTADO DE EBRIEDAD Y/O DROGADICCIÓN,2023,9,2,0,20,NOCHE,SIERRA,1,0,LEVE,0,0
CHOQUE,2,0,2,LA LIBERTAD,ASCOPE,CASA GRANDE,RURAL,CARRETERA,DEPARTAMENTAL,LI-101,-7.761322,-79.157668,DESPEJADO,RURAL,TRAMO RECTO,PLANA ,CONCRETO,SIN_DATO,SIN_DATO,SIN_DATO,SIN_DATO,EN PROCESO DE INVESTIGACIÓN,NO CUENTA CON CAUSA ESPECIFICA,2023,9,2,0,21,NOCHE,COSTA,2,0,GRAVE_MORTALIDAD,1,0
CHOQUE,1,23,1,LIMA,LIMA,PUNTA NEGRA,RURAL,CARRETERA,NACIONAL,PE-1S,-12.355944,-76.800663,DESPEJADO,RURAL,TRAMO RECTO,PLANA ,ASFALTADA,SIN_DATO,SIN_DATO,SIN_DATO,SIN_DATO,IMPRUDENCIA DEL CONDUCTOR,OTRO (IMPRUDENCIA DEL CONDUCTOR),2023,9,3,0,9,MAÑANA,COSTA,1,23,GRAVE_LESIONADOS,0,1
CHOQUE,1,0,2,SAN MARTIN,LAMAS,ALONSO DE ALVARADO,RURAL,CARRETERA,NACIONAL,PE-5N,-6.27617,-76.767232,DESPEJADO,RURAL,TRAMO RECTO,PLANA ,ASFALTADA,SIN_DATO,SIN_DATO,SIN_DATO,SIN_DATO,IMPRUDENCIA DEL CONDUCTOR,OTRO (IMPRUDENCIA DEL CONDUCTOR),2023,9,3,0,13,TARDE,SELVA,1,0,LEVE,0,0
CHOQUE,1,0,1,PUNO,LAMPA,PUCARA,RURAL,CARRETERA,NACIONAL,PE-3S,-14.9834147,-70.4124364,DESPEJADO,RURAL,TRAMO RECTO,PLANA ,ASFALTADA,SIN_DATO,SIN_DATO,SIN_DATO,SIN_DATO,IMPRUDENCIA DEL CONDUCTOR,INVASIÓN DE CARRIL,2023,9,3,0,17,TARDE,SIERRA,1,0,LEVE,0,0