CLASE SINIESTRO,CANTIDAD DE FALLECIDOS,CANTIDAD DE LESIONADOS,CANTIDAD DE VEHICULOS DAÑADOS,DEPARTAMENTO,PROVINCIA,DISTRITO,ZONA,TIPO DE VÍA,RED VIAL,COD CARRETERA,COORDENADAS LATITUD,COORDENADAS  LONGITUD,CONDICIÓN CLIMÁTICA,ZONIFICACIÓN,CARACTERÍSTICAS DE VÍA,PERFIL LONGITUDINAL VÍA,SUPERFICIE DE CALZADA,¿EXISTE SEÑAL VERTICAL?,CLASIFICACIÓN DE LA SEÑAL VERTICAL Nº 1,CLASIFICACIÓN DE LA SEÑAL VERTICAL Nº 2,¿EXISTE SEÑAL HORIZONTAL?,CAUSA FACTOR PRINCIPAL,CAUSA ESPECÍFICA,AÑO,MES,DIA_SEMANA,ES_FIN_SEMANA,HORA_NUM,FRANJA_HORARIA,REGION_NATURAL,FALLECIDOS,LESIONADOS,CATEGORIA_SEVERIDAD,MORTALIDAD_MULTIPLE,LESION_MULTIPLE
CHOQUE,1,1,2,UCAYALI,CORONEL PORTILLO,CAMPOVERDE,RURAL,CARRETERA,NACIONAL,PE-18C,-8.448886763473837,-74.76860408192664,DESPEJADO,RURAL,TRAMO RECTO,PLANA ,ASFALTADA,SIN_DATO,SIN_DATO,SIN_DATO,SIN_DATO,IMPRUDENCIA DEL CONDUCTOR,EXCESO DE VELOCIDAD,2023,9,0,0,6,MAÑANA,SELVA,1,1,LEVE,0,0
ESPECIAL,1,0,1,PUNO,CHUCUITO,POMATA,RURAL,CARRETERA,NACIONAL,PE-3S,-16.26475074781152,-69.29588359557465,DESPEJADO,RURAL,OTRO,INCLINADA,CASCAJO/RIPIO,SIN_DATO,SIN_DATO,SIN_DATO,SIN_DATO,IMPRUDENCIA DEL CONDUCTOR,OTRO (IMPRUDENCIA DEL CONDUCTOR),2023,9,0,0,8,MAÑANA,SIERRA,1,0,LEVE,0,0
CHOQUE,1,1,1,PIURA,PIURA,CURA MORI,RURAL,CARRETERA,NACIONAL,PE-1N,-5.345303,-80.6183499,DESPEJADO,RURAL,TRAMO RECTO,PLANA ,ASFALTADA,SIN_DATO,SIN_DATO,SIN_DATO,SIN_DATO,EN PROCESO DE INVESTIGACIÓN,NO CUENTA CON CAUSA ESPECIFICA,2023,9,0,0,15,TARDE,COSTA,1,1,LEVE,0,0
DESPISTE,3,0,1,LA LIBERTAD,OTUZCO,SINSICAP,RURAL,CARRETERA,DEPARTAMENTAL,LI-105,-7.872818324649157,-78.76951014581378,DESPEJADO,RURAL,CURVA,PLANA ,AFIRMADO,SIN_DATO,SIN_DATO,SIN_DATO,SIN_DATO,EN PROCESO DE INVESTIGACIÓN,NO CUENTA CON CAUSA ESPECIFICA,2023,9,0,0,17,TARDE,COSTA,3,0,GRAVE_MORTALIDAD,1,0
ATROPELLO FUGA,1,1,1,AREQUIPA,AREQUIPA,LA JOYA,URBANA,CARRETERA,NACIONAL,PE-1S,-16.5123924,-71.8091597,DESPEJADO,COMERCIAL,TRAMO RECTO,PLANA ,ASFALTADA,SIN_DATO,SIN_DATO,SIN_DATO,SIN_DATO,EN PROCESO DE INVESTIGACIÓN,NO CUENTA CON CAUSA ESPECIFICA,2023,9,0,0,18,NOCHE,COSTA,1,1,LEVE,0,0
DESPISTE,1,0,1,CUSCO,CANAS,YANAOCA,RURAL,CARRETERA,DEPARTAMENTAL,CU-136,-14.200679,-71.43924058,DESPEJADO,RURAL,TRAMO RECTO,INCLINADA,ASFALTADA,SIN_DATO,SIN_DATO,SIN_DATO,SIN_DATO,IMPRUDENCIA DEL CONDUCTOR,EXCESO DE VELOCIDAD,2023,9,0,0,22,NOCHE,SIERRA,1,0,LEVE,0,0
VOLCADURA,1,0,1,LIMA,LIMA,RIMAC,URBANA,CARRETERA,NACIONAL,PE-1N,-12.0424368,-77.03060399,DESPEJADO,COMERCIAL,TRAMO RECTO,PLANA ,ASFALTADA,SIN_DATO,SIN_DATO,SIN_DATO,SIN_DATO,IMPRUDENCIA DEL CONDUCTOR,OTRO (IMPRUDENCIA DEL CONDUCTOR),2023,9,1,0,1,MADRUGADA,COSTA,1,0,LEVE,0,0
CHOQUE,1,0,1,AREQUIPA,AREQUIPA,AREQUIPA,URBANA,AVENIDA,URBANO,NO CORRESPONDE,-16.409531,-71.533565,DESPEJADO,RESIDENCIAL,TRAMO RECTO,PLANA ,ASFALTADA,SIN_DATO,SIN_DATO,SIN_DATO,SIN_DATO,EN PROCESO DE INVESTIGACIÓN,NO CUENTA CON CAUSA ESPECIFICA,2023,9,1,0,7,MAÑANA,COSTA,1,0,LEVE,0,0
ATROPELLO,1,1,1,LIMA,LIMA,ANCON,URBANA,CARRETERA,NACIONAL,PE-1N,-11.769943,-77.158992,DESPEJADO,RURAL,TRAMO RECTO,PLANA ,ASFALTADA,SIN_DATO,SIN_DATO,SIN_DATO,SIN_DATO,EN PROCESO DE INVESTIGACIÓN,NO CUENTA CON CAUSA ESPECIFICA,2023,9,1,0,19,NOCHE,COSTA,1,1,LEVE,0,0
CHOQUE,1,1,1,LIMA,LIMA,COMAS,URBANA,CALLE,URBANO,NO CORRESPONDE,-11.95251972,-77.05317792,DESPEJADO,COMERCIAL,INTERSECCIÓN,PLANA ,ASFALTADA,SIN_DATO,SIN_DATO,SIN_DATO,SIN_DATO,EN PROCESO DE INVESTIGACIÓN,NO CUENTA CON CAUSA ESPECIFICA,2023,9,2,0,6,MAÑANA,COSTA,1,1,LEVE,0,0
DESPISTE,1,0,1,LIMA,HUAROCHIRI,SAN MATEO,RURAL,CARRETERA,NACIONAL,PE-22,-11.747355,-76.291037,DESPEJADO,RURAL,TRAMO RECTO,PLANA ,ASFALTADA,SIN_DATO,SIN_DATO,SIN_DATO,SIN_DATO,EN PROCESO DE INVESTIGACIÓN,NO CUENTA CON CAUSA ESPECIFICA,2023,9,2,0,15,TARDE,COSTA,1,0,LEVE,0,0
DESPISTE,1,0,1,LIMA,HUAROCHIRI,SAN MATEO,RURAL,CARRETERA,NACIONAL,PE-22,-11.747348,-76.291009,DESPEJADO,RURAL,SINUOSA,PLANA ,ASFALTADA,SIN_DATO,SIN_DATO,SIN_DATO,SIN_DATO,EN PROCESO DE INVESTIGACIÓN,NO CUENTA CON CAUSA ESPECIFICA,2023,9,2,0,15,TARDE,COSTA,1,0,LEVE,0,0
CHOQUE FUGA,1,0,1,LA LIBERTAD,TRUJILLO,FLORENCIA DE MORA,URBANA,CALLE,URBANO,NO CORRESPONDE,-8.08367955,-79.0257049,DESPEJADO,RURAL,INTERSECCIÓN,PLANA ,ASFALTADA,SIN_DATO,SIN_DATO,SIN_DATO,SIN_DATO,EN PROCESO DE INVESTIGACIÓN,NO CUENTA CON CAUSA ESPECIFICA,2023,9,2,0,18,NOCHE,COSTA,1,0,LEVE,0,0
CHOQUE,1,0,1,LIMA,LIMA,SANTA ANITA,URBANA,AVENIDA,URBANO,NO CORRESPONDE,-12.03663367,-76.95139408,DESPEJADO,COMERCIAL,TRAMO RECTO,PLANA ,ASFALTADA,SIN_DATO,SIN_DATO,SIN_DATO,SIN_DATO,EN PROCESO DE INVESTIGACIÓN,NO CUENTA CON CAUSA ESPECIFICA,2023,9,2,0,18,NOCHE,COSTA,1,0,LEVE,0,0
CHOQUE,1,2,2,SAN MARTIN,RIOJA,PARDO MIGUEL,URBANA,CARRETERA,NACIONAL,PE-5N,-5.745433,-77.484213,DESPEJADO,RURAL,TRAMO RECTO,PLANA ,ASFALTADA,SI,PREVENTIVA (P),REGULADORA (R),NO,IMPRUDENCIA DEL CONDUCTOR,OTRO (IMPRUDENCIA DEL CONDUCTOR),2023,9,2,0,19,NOCHE,SELVA,1,2,LEVE,0,0
CHOQUE,1,1,1,AREQUIPA,CAYLLOMA,SAN ANTONIO DE CHUCA,RURAL,CARRETERA,NACIONAL,PE-34A,-15.896758,-71.179783,DESPEJADO,RURAL,TRAMO RECTO,PLANA ,ASFALTADA,NO,SIN_DATO,SIN_DATO,SI,EN PROCESO DE INVESTIGACIÓN,NO CUENTA CON CAUSA ESPECIFICA,2023,9,2,0,19,NOCHE,COSTA,1,1,LEVE,0,0
DESPISTE,1,2,1,AREQUIPA,ISLAY,ISLAY,RURAL,CARRETERA,NACIONAL,PE-34,-16.921003,-72.052476,DESPEJADO,RURAL,CURVA,INCLINADA,ASFALTADA,SI,REGULADORA (R),SIN_DATO,SI,EN PROCESO DE INVESTIGACIÓN,NO CUENTA CON CAUSA ESPECIFICA,2023,9,3,0,1,MADRUGADA,COSTA,1,2,LEVE,0,0
CHOQUE CON OBJETO FIJO,1,0,1,LIMA,LIMA,CIENEGUILLA,URBANA,AVENIDA,URBANO,NO CORRESPONDE,-12.0813387450977,-76.74527129244025,DESPEJADO,RESIDENCIAL,TRAMO RECTO,INCLINADA,TROCHA,SIN_DATO,SIN_DATO,SIN_DATO,SIN_DATO,EN PROCESO DE INVESTIGACIÓN,NO CUENTA CON CAUSA ESPECIFICA,2023,9,3,0,12,TARDE,COSTA,1,0,LEVE,0,0
CHOQUE,3,0,2,CUSCO,QUISPICANCHI,LUCRE,RURAL,CARRETERA,NACIONAL,PE-3S,-13.60728771674809,-71.75006585222444,LLUVIOSO,COMERCIAL,TRAMO RECTO,PLANA ,ASFALTADA,NO,SIN_DATO,SIN_DATO,SI,IMPRUDENCIA DEL CONDUCTOR,INVASIÓN DE CARRIL,2023,9,3,0,15,TARDE,SIERRA,3,0,GRAVE_MORTALIDAD,1,0
CHOQUE,1,0,2,LA LIBERTAD,CHEPEN,PACANGA,RURAL,CARRETERA,NACIONAL,PE-1N,-7.091828,-79.526483,DESPEJADO,RURAL,TRAMO RECTO,PLANA ,ASFALTADA,SIN_DATO,SIN_DATO,SIN_DATO,SIN_DATO,IMPRUDENCIA DEL CONDUCTOR,CONDUCIR EN ESTADO DE EBRIEDAD Y/O DROGADICCIÓN,2023,9,3,0,17,TARDE,COSTA,1,0,LEVE,0,0
ESPECIAL,1,0,1,AREQUIPA,CAYLLOMA,TAPAY,URBANA,CARRETERA,SIN CLASIFICAR,SIN CLASIFICAR,-15.470647,-71.958601,DESPEJADO,RESIDENCIAL,TÚNEL,PLANA ,CONCRETO,SIN_DATO,SIN_DATO,SIN_DATO,SIN_DATO,EN PROCESO DE INVESTIGACIÓN,NO CUENTA CON CAUSA ESPECIFICA,2023,9,3,0,18,NOCHE,COSTA,1,0,LEVE,0,0
ATROPELLO FUGA,1,0,1,LIMA,LIMA,CHACLACAYO,URBANA,CARRETERA,NACIONAL,PE-22,-11.992203,-76.825113,DESPEJADO,RESIDENCIAL,INTERSECCIÓN,PLANA ,ASFALTADA,SIN_DATO,SIN_DATO,SIN_DATO,SIN_DATO,EN PROCESO DE INVESTIGACIÓN,NO CUENTA CON CAUSA ESPECIFICA,2023,9,3,0,19,NOCHE,COSTA,1,0,LEVE,0,0
ATROPELLO,1,0,1,JUNIN,HUANCAYO,SAPALLANGA,RURAL,CARRETERA,PROVINCIAL,JU-1044,-12.123967869128,-75.1731287049671,DESPEJADO,RURAL,TRAMO RECTO,PLANA ,ASFALTADA,SIN_DATO,SIN_DATO,SIN_DATO,SIN_DATO,IMPRUDENCIA DEL PEATÓN,ESTADO DE EBRIEDAD Y/O DROGADICCIÓN,2023,9,3,0,20,NOCHE,SIERRA,1,0,LEVE,0,0
CHOQUE CON OBJETO FIJO,1,0,1,LIMA,LIMA,CIENEGUILLA,RURAL,AVENIDA,URBANO,NO CORRESPONDE,-12.09060189,-76.77498552,DESPEJADO,RURAL,INTERSECCIÓN,PLANA ,TROCHA,SIN_DATO,SIN_DATO,SIN_DATO,SIN_DATO,EN PROCESO DE INVESTIGACIÓN,NO CUENTA CON CAUSA ESPECIFICA,2023,9,3,0,21,NOCHE,COSTA,1,0,LEVE,0,0
ATROPELLO FUGA,1,0,1,LIMA,LIMA,ANCON,RURAL,CARRETERA,NACIONAL,PE-1N,-11.792218,-77.147074,DESPEJADO,RURAL,TRAMO RECTO,PLANA ,ASFALTADA,SIN_DATO,SIN_DATO,SIN_DATO,SIN_DATO,EN PROCESO DE INVESTIGACIÓN,NO CUENTA CON CAUSA ESPECIFICA,2023,9,4,0,5,MADRUGADA,COSTA,1,0,LEVE,0,0
ATROPELLO FUGA,1,0,1,LIMA,LIMA,ANCON,RURAL,CARRETERA,NACIONAL,PE-1N,-11.793869,-77.145334,DESPEJADO,RURAL,INTERSECCIÓN,PLANA ,ASFALTADA,SIN_DATO,SIN_DATO,SIN_DATO,SIN_DATO,IMPRUDENCIA DEL CONDUCTOR,EXCESO DE VELOCIDAD,2023,9,4,0,5,MADRUGADA,COSTA,1,0,LEVE,0,0
CHOQUE,1,0,2,CUSCO,URUBAMBA,YUCAY,URBANA,CARRETERA,NACIONAL,PE-28B,-13.315694,-72.092662,DESPEJADO,COMERCIAL,TRAMO RECTO,PLANA ,ASFALTADA,SI,PREVENTIVA (P),SIN_DATO,SI,IMPRUDENCIA DEL CONDUCTOR,CONDUCIR EN ESTADO DE EBRIEDAD Y/O DROGADICCIÓN,2023,9,4,0,18,NOCHE,SIERRA,1,0,LEVE,0,0
CHOQUE,1,1,2,LA LIBERTAD,TRUJILLO,MOCHE,URBANA,CARRETERA,NACIONAL,PE-1N,-8.157584445873631,-79.01213760061023,DESPEJADO,COMERCIAL,TRAMO RECTO,PLANA ,ASFALTADA,SIN_DATO,SIN_DATO,SIN_DATO,SIN_DATO,IMPRUDENCIA DEL CONDUCTOR,ADELANTAR INDEBIDAMENTE,2023,9,4,0,22,NOCHE,COSTA,1,1,LEVE,0,0
CHOQUE,1,0,1,LIMA,LIMA,LURIGANCHO,URBANA,AVENIDA,URBANO,NO CORRESPONDE,-11.9985009,-76.92684323,DESPEJADO,RURAL,INTERSECCIÓN,PLANA ,AFIRMADO,SIN_DATO,SIN_DATO,SIN_DATO,SIN_DATO,EN PROCESO DE INVESTIGACIÓN,NO CUENTA CON CAUSA ESPECIFICA,2023,9,4,0,22,NOCHE,COSTA,1,0,LEVE,0,0
ATROPELLO,1,0,1,PIURA,PIURA,CASTILLA,RURAL,CARRETERA,NACIONAL,PE-1NJ,-5.159041,-80.502282,DESPEJADO,RURAL,TRAMO RECTO,PLANA ,ASFALTADA,SIN_DATO,SIN_DATO,SIN_DATO,SIN_DATO,EN PROCESO DE INVESTIGACIÓN,NO CUENTA CON CAUSA ESPECIFICA,2023,9,5,1,13,TARDE,COSTA,1,0,LEVE,0,0
VOLCADURA,1,0,1,CAJAMARCA,CHOTA,HUAMBOS,RURAL,CARRETERA,PROVINCIAL,CA-827,-6.430171,-79.007861,DESPEJADO,RURAL,CURVA,INCLINADA,AFIRMADO,SI,REGULADORA (R),SIN_DATO,NO,IMPRUDENCIA DEL CONDUCTOR,OTRO (IMPRUDENCIA DEL CONDUCTOR),2023,9,5,1,13,TARDE,SIERRA,1,0,LEVE,0,0
DESPISTE,1,2,1,JUNIN,JUNIN,CARHUAMAYO,RURAL,CARRETERA,DEPARTAMENTAL,JU-107,-10.899831187343146,-75.97681054863266,LLUVIOSO,RURAL,CURVA,PLANA ,ASFALTADA,SI,PREVENTIVA (P),SIN_DATO,SI,EN PROCESO DE INVESTIGACIÓN,NO CUENTA CON CAUSA ESPECIFICA,2023,9,5,1,17,TARDE,SIERRA,1,2,LEVE,0,0
ATROPELLO,1,1,1,TACNA,TACNA,CALANA,URBANA,CARRETERA,PROVINCIAL,TA-617,-17.962042,-70.187507,DESPEJADO,RESIDENCIAL,TRAMO RECTO,PLANA ,ASFALTADA,SIN_DATO,SIN_DATO,SIN_DATO,SIN_DATO,IMPRUDENCIA DEL CONDUCTOR,OTRO (IMPRUDENCIA DEL CONDUCTOR),2023,9,5,1,19,NOCHE,COSTA,1,1,LEVE,0,0
CHOQUE,1,1,1,LIMA,LIMA,SAN MIGUEL,URBANA,AVENIDA,URBANO,NO CORRESPONDE,-12.07537112,-77.0976693,DESPEJADO,COMERCIAL,TRAMO RECTO,PLANA ,ASFALTADA,SIN_DATO,SIN_DATO,SIN_DATO,SIN_DATO,EN PROCESO DE INVESTIGACIÓN,NO CUENTA CON CAUSA ESPECIFICA,2023,9,5,1,19,NOCHE,COSTA,1,1,LEVE,0,0
CHOQUE,1,0,1,PIURA,PIURA,VEINTISEIS DE OCTUBRE,URBANA,CALLE,URBANO,NO CORRESPONDE,-5.190595,-80.684413,DESPEJADO,RURAL,TRAMO RECTO,PLANA ,ASFALTADA,SIN_DATO,SIN_DATO,SIN_DATO,SIN_DATO,EN PROCESO DE INVESTIGACIÓN,NO CUENTA CON CAUSA ESPECIFICA,2023,9,5,1,22,NOCHE,COSTA,1,0,LEVE,0,0
ATROPELLO,1,0,1,ICA,ICA,SALAS,URBANA,CALLE,URBANO,NO CORRESPONDE,-13.929576,-75.922216,DESPEJADO,COMERCIAL,TRAMO RECTO,PLANA ,TROCHA,SIN_DATO,SIN_DATO,SIN_DATO,SIN_DATO,EN PROCESO DE INVESTIGACIÓN,NO CUENTA CON CAUSA ESPECIFICA,2023,10,6,1,16,TARDE,COSTA,1,0,LEVE,0,0
ATROPELLO FUGA,1,0,1,CUSCO,CUSCO,SANTIAGO,RURAL,CARRETERA,DEPARTAMENTAL,CU-117,-13.5615,-71.993886,DESPEJADO,RURAL,TRAMO RECTO,PLANA ,ASFALTADA,SIN_DATO,SIN_DATO,SIN_DATO,SIN_DATO,IMPRUDENCIA DEL PEATÓN,ESTADO DE EBRIEDAD Y/O DROGADICCIÓN,2023,10,6,1,18,NOCHE,SIERRA,1,0,LEVE,0,0
ATROPELLO FUGA,1,0,0,PUNO,LAMPA,CALAPUJA,RURAL,CARRETERA,NACIONAL,PE-3S,-15.3452921,-70.1809546,DESPEJADO,RURAL,TRAMO RECTO,PLANA ,ASFALTADA,SIN_DATO,SIN_DATO,SIN_DATO,SIN_DATO,EN PROCESO DE INVESTIGACIÓN,NO CUENTA CON CAUSA ESPECIFICA,2023,10,6,1,19,NOCHE,SIERRA,1,0,LEVE,0,0
ATROPELLO FUGA,1,0,1,ICA,PISCO,SAN CLEMENTE,RURAL,CARRETERA,NACIONAL,PE-28A,-13.679633,-76.143351,DESPEJADO,RURAL,TRAMO RECTO,PLANA ,ASFALTADA,SIN_DATO,SIN_DATO,SIN_DATO,SIN_DATO,EN PROCESO DE INVESTIGACIÓN,NO CUENTA CON CAUSA ESPECIFICA,2023,10,6,1,21,NOCHE,COSTA,1,0,LEVE,0,0
CHOQUE,1,0,2,TUMBES,TUMBES,TUMBES,URBANA,CARRETERA,NACIONAL,PE-1N,-3.5549045070785783,-80.43617063825494,DESPEJADO,COMERCIAL,TRAMO RECTO,PLANA ,ASFALTADA,SI,PREVENTIVA (P),SIN_DATO,NO,IMPRUDENCIA DEL CONDUCTOR,OTRO (IMPRUDENCIA DEL CONDUCTOR),2023,10,0,0,2,MADRUGADA,COSTA,1,0,LEVE,0,0
ATROPELLO,1,0,1,LIMA,LIMA,LURIGANCHO,URBANA,AVENIDA,URBANO,NO CORRESPONDE,-12.00262488,-76.86713909,DESPEJADO,COMERCIAL,TRAMO RECTO,PLANA ,ASFALTADA,SIN_DATO,SIN_DATO,SIN_DATO,SIN_DATO,IMPRUDENCIA DEL CONDUCTOR,OTRO (IMPRUDENCIA DEL CONDUCTOR),2023,10,0,0,12,TARDE,COSTA,1,0,LEVE,0,0
DESPISTE,3,2,1,HUANCAVELICA,HUAYTARA,HUAYTARA,RURAL,CARRETERA,NACIONAL,PE-28A,-13.591039,-75.29508,DESPEJADO,RURAL,CURVA,PLANA ,ASFALTADA,SI,PREVENTIVA (P),REGULADORA (R),SI,EN PROCESO DE INVESTIGACIÓN,NO CUENTA CON CAUSA ESPECIFICA,2023,10,0,0,15,TARDE,SIERRA,3,2,GRAVE_MORTALIDAD,1,0
CHOQUE,1,14,2,CUSCO,URUBAMBA,OLLANTAYTAMBO,RURAL,CARRETERA,NACIONAL,PE-28B,-13.2604422283382,-72.2462892493201,DESPEJADO,RURAL,TRAMO RECTO,PLANA ,ASFALTADA,NO,SIN_DATO,SIN_DATO,SI,IMPRUDENCIA DEL CONDUCTOR,INVASIÓN DE CARRIL,2023,10,0,0,15,TARDE,SIERRA,1,14,GRAVE_LESIONADOS,0,1
CHOQUE,1,0,2,LA LIBERTAD,TRUJILLO,TRUJILLO,URBANA,CARRETERA,NACIONAL,PE-10A,-8.118218,-79.003657,DESPEJADO,COMERCIAL,TRAMO RECTO,PLANA ,ASFALTADA,SIN_DATO,SIN_DATO,SIN_DATO,SIN_DATO,IMPRUDENCIA DEL CONDUCTOR,OTRO (IMPRUDENCIA DEL CONDUCTOR),2023,10,0,0,18,NOCHE,COSTA,1,0,LEVE,0,0
DESPISTE,1,0,1,LIMA,LIMA,INDEPENDENCIA,URBANA,AVENIDA,URBANO,NO CORRESPONDE,-11.99322374,-77.05684144,DESPEJADO,COMERCIAL,TRAMO RECTO,PLANA ,ASFALTADA,SIN_DATO,SIN_DATO,SIN_DATO,SIN_DATO,EN PROCESO DE INVESTIGACIÓN,NO CUENTA CON CAUSA ESPECIFICA,2023,10,0,0,19,NOCHE,COSTA,1,0,LEVE,0,0
CHOQUE,1,0,1,PIURA,PIURA,CATACAOS,RURAL,CARRETERA,PROVINCIAL,PI-1020,-5.247609,-80.678845,DESPEJADO,RURAL,TRAMO RECTO,PLANA ,AFIRMADO,SIN_DATO,SIN_DATO,SIN_DATO,SIN_DATO,EN PROCESO DE INVESTIGACIÓN,NO CUENTA CON CAUSA ESPECIFICA,2023,10,0,0,22,NOCHE,COSTA,1,0,LEVE,0,0
VOLCADURA,1,0,1,AMAZONAS,RODRIGUEZ DE MENDOZA,LONGAR,RURAL,CARRETERA,PROVINCIAL,AM-682,-6.388276,-77.529105,SOLEADO,RURAL,TRAMO RECTO,PLANA ,ASFALTADA,NO,SIN_DATO,SIN_DATO,SI,EN PROCESO DE INVESTIGACIÓN,NO CUENTA CON CAUSA ESPECIFICA,2023,10,1,0,10,MAÑANA,SELVA,1,0,LEVE,0,0
DESPISTE,1,2,1,SAN MARTIN,RIOJA,SAN FERNANDO,RURAL,CARRETERA,PROVINCIAL,SM-532,-5.876039,-77.277891,DESPEJADO,RURAL,CURVA,INCLINADA,AFIRMADO,SIN_DATO,SIN_DATO,SIN_DATO,SIN_DATO,IMPRUDENCIA DEL CONDUCTOR,OTRO (IMPRUDENCIA DEL CONDUCTOR),2023,10,1,0,15,TARDE,SELVA,1,2,LEVE,0,0
ATROPELLO FUGA,1,0,1,LIMA,LIMA,ATE,URBANA,AVENIDA,URBANO,NO CORRESPONDE,-12.026901104856044,-76.95011943110866,DESPEJADO,RESIDENCIAL,TRAMO RECTO,PLANA ,ASFALTADA,SIN_DATO,SIN_DATO,SIN_DATO,SIN_DATO,IMPRUDENCIA DEL CONDUCTOR,OTRO (IMPRUDENCIA DEL CONDUCTOR),2023,10,2,0,10,MAÑANA,COSTA,1,0,LEVE,0,0
ATROPELLO FUGA,1,0,1,LIMA,LIMA,ATE,URBANA,AVENIDA,URBANO,NO CORRESPONDE,-12.0268189,-76.9497764,DESPEJADO,RESIDENCIAL,TRAMO RECTO,PLANA ,ASFALTADA,SIN_DATO,SIN_DATO,SIN_DATO,SIN_DATO,EN PROCESO DE INVESTIGACIÓN,NO CUENTA CON CAUSA ESPECIFICA,2023,10,2,0,10,MAÑANA,COSTA,1,0,LEVE,0,0
CHOQUE,1,0,2,LA LIBERTAD,TRUJILLO,LAREDO,RURAL,CARRETERA,NACIONAL,PE-10A,-8.0439928,-78.846576,DESPEJADO,RURAL,TRAMO RECTO,PLANA ,ASFALTADA,SIN_DATO,SIN_DATO,SIN_DATO,SIN_DATO,IMPRUDENCIA DEL CONDUCTOR,OTRO (IMPRUDENCIA DEL CONDUCTOR),2023,10,3,0,4,MADRUGADA,COSTA,1,0,LEVE,0,0
ATROPELLO,1,0,1,LIMA,LIMA,CARABAYLLO,URBANA,AVENIDA,URBANO,NO CORRESPONDE,-11.831418478139195,-77.06865083000119,DESPEJADO,COMERCIAL,TRAMO RECTO,PLANA ,ASFALTADA,SIN_DATO,SIN_DATO,SIN_DATO,SIN_DATO,EN PROCESO DE INVESTIGACIÓN,NO CUENTA CON CAUSA ESPECIFICA,2023,10,3,0,7,MAÑANA,COSTA,1,0,LEVE,0,0
DESPISTE,1,0,1,AYACUCHO,SUCRE,QUEROBAMBA,RURAL,CARRETERA,NACIONAL,PE-32A,-14.065390292984306,-73.83334945850414,DESPEJADO,RURAL,SINUOSA,INCLINADA,AFIRMADO,SIN_DATO,SIN_DATO,SIN_DATO,SIN_DATO,IMPRUDENCIA DEL CONDUCTOR,OTRO (IMPRUDENCIA DEL CONDUCTOR),2023,10,3,0,11,MAÑANA,SIERRA,1,0,LEVE,0,0
CHOQUE,1,0,1,PUNO,AZANGARO,SAN JOSE,RURAL,CARRETERA,SIN CLASIFICAR,SIN CLASIFICAR,-14.757732486374506,-70.1459186728382,DESPEJADO,RURAL,CURVA,PLANA ,TROCHA,SIN_DATO,SIN_DATO,SIN_DATO,SIN_DATO,IMPRUDENCIA DEL CONDUCTOR,EXCESO DE VELOCIDAD,2023,10,3,0,14,TARDE,SIERRA,1,0,LEVE,0,0
ATROPELLO,1,0,1,LIMA,LIMA,COMAS,URBANA,AVENIDA,URBANO,NO CORRESPONDE,-11.92211197,-77.0421882,DESPEJADO,RESIDENCIAL,TRAMO RECTO,PLANA ,ASFALTADA,SIN_DATO,SIN_DATO,SIN_DATO,SIN_DATO,EN PROCESO DE INVESTIGACIÓN,NO CUENTA CON CAUSA ESPECIFICA,2023,10,4,0,4,MADRUGADA,COSTA,1,0,LEVE,0,0
CHOQUE,1,4,2,CAJAMARCA,CUTERVO,SANTO DOMINGO DE LA CAPILLA,RURAL,CARRETERA,NACIONAL,PE-3N,-6.28417522548235,-78.8361387751002,DESPEJADO,RURAL,CURVA,INCLINADA,ASFALTADA,SI,PREVENTIVA (P),SIN_DATO,SI,NEGLIGENCIA DEL CONDUCTOR,CONDUCIR CON FALLAS DE FRENOS,2023,10,4,0,7,MAÑANA,SIERRA,1,4,GRAVE_LESIONADOS,0,1
CHOQUE,1,1,1,PIURA,PIURA,PIURA,RURAL,CARRETERA,NACIONAL,PE-1N,-5.102839,-80.704,DESPEJADO,RURAL,TRAMO RECTO,PLANA ,ASFALTADA,SIN_DATO,SIN_DATO,SIN_DATO,SIN_DATO,EN PROCESO DE INVESTIGACIÓN,NO CUENTA CON CAUSA ESPECIFICA,2023,10,4,0,12,TARDE,COSTA,1,1,LEVE,0,0
CHOQUE,1,1,2,CAJAMARCA,JAEN,BELLAVISTA,RURAL,CARRETERA,NACIONAL,PE-5N,-5.598953,-78.781142,DESPEJADO,RESIDENCIAL,TRAMO RECTO,PLANA ,ASFALTADA,SI,INFORMATIVA (I),SIN_DATO,SI,IMPRUDENCIA DEL CONDUCTOR,OTRO (IMPRUDENCIA DEL CONDUCTOR),2023,10,4,0,20,NOCHE,SIERRA,1,1,LEVE,0,0
ATROPELLO,1,0,1,AREQUIPA,CAYLLOMA,MAJES,URBANA,CARRETERA,DEPARTAMENTAL,AR-108,-16.3638365470514,-72.1605508747011,DESPEJADO,RESIDENCIAL,OTRO,PLANA ,TROCHA,SIN_DATO,SIN_DATO,SIN_DATO,SIN_DATO,EN PROCESO DE INVESTIGACIÓN,NO CUENTA CON CAUSA ESPECIFICA,2023,10,4,0,21,NOCHE,COSTA,1,0,LEVE,0,0