CLASE SINIESTRO,CANTIDAD DE FALLECIDOS,CANTIDAD DE LESIONADOS,CANTIDAD DE VEHICULOS DAÑADOS,DEPARTAMENTO,PROVINCIA,DISTRITO,ZONA,TIPO DE VÍA,RED VIAL,COD CARRETERA,COORDENADAS LATITUD,COORDENADAS  LONGITUD,CONDICIÓN CLIMÁTICA,ZONIFICACIÓN,CARACTERÍSTICAS DE VÍA,PERFIL LONGITUDINAL VÍA,SUPERFICIE DE CALZADA,¿EXISTE SEÑAL VERTICAL?,CLASIFICACIÓN DE LA SEÑAL VERTICAL Nº 1,CLASIFICACIÓN DE LA SEÑAL VERTICAL Nº 2,¿EXISTE SEÑAL HORIZONTAL?,CAUSA FACTOR PRINCIPAL,CAUSA ESPECÍFICA,AÑO,MES,DIA_SEMANA,ES_FIN_SEMANA,HORA_NUM,FRANJA_HORARIA,REGION_NATURAL,FALLECIDOS,LESIONADOS,CATEGORIA_SEVERIDAD,MORTALIDAD_MULTIPLE,LESION_MULTIPLE
CHOQUE,1,0,1,AREQUIPA,ISLAY,MOLLENDO,RURAL,CARRETERA,NACIONAL,PE-34,-16.730864,-71.947974,SOLEADO,RURAL,TRAMO RECTO,PLANA ,ASFALTADA,NO,SIN_DATO,SIN_DATO,NO,EN PROCESO DE INVESTIGACIÓN,NO CUENTA CON CAUSA ESPECIFICA,2023,10,6,1,19,NOCHE,COSTA,1,0,LEVE,0,0
CHOQUE,1,0,1,LIMA,LIMA,SANTIAGO DE SURCO,URBANA,AVENIDA,URBANO,NO CORRESPONDE,-12.09859749,-76.97776456,DESPEJADO,RESIDENCIAL,TRAMO RECTO,PLANA ,ASFALTADA,SIN_DATO,SIN_DATO,SIN_DATO,SIN_DATO,IMPRUDENCIA DEL CONDUCTOR,OTRO (IMPRUDENCIA DEL CONDUCTOR),2023,10,6,1,20,NOCHE,COSTA,1,0,LEVE,0,0
DESPISTE,1,0,1,LIMA,LIMA,CHACLACAYO,URBANA,AVENIDA,URBANO,NO CORRESPONDE,-11.97987364,-76.77468805,DESPEJADO,RESIDENCIAL,TRAMO RECTO,PLANA ,ASFALTADA,SIN_DATO,SIN_DATO,SIN_DATO,SIN_DATO,EN PROCESO DE INVESTIGACIÓN,NO CUENTA CON CAUSA ESPECIFICA,2023,10,6,1,21,NOCHE,COSTA,1,0,LEVE,0,0
ATROPELLO,1,0,1,PIURA,HUANCABAMBA,HUANCABAMBA,RURAL,CARRETERA,NACIONAL,PE-02A,-5.279396,-79.47701,DESPEJADO,RURAL,CURVA,INCLINADA,TROCHA,SIN_DATO,SIN_DATO,SIN_DATO,SIN_DATO,EN PROCESO DE INVESTIGACIÓN,NO CUENTA CON CAUSA ESPECIFICA,2023,10,0,0,1,MADRUGADA,COSTA,1,0,LEVE,0,0
ATROPELLO,1,0,1,LIMA,LIMA,ANCON,RURAL,CARRETERA,NACIONAL,PE-1N,-11.771752,-77.159192,DESPEJADO,RURAL,TRAMO RECTO,PLANA ,ASFALTADA,SIN_DATO,SIN_DATO,SIN_DATO,SIN_DATO,EN PROCESO DE INVESTIGACIÓN,NO CUENTA CON CAUSA ESPECIFICA,2023,10,0,0,10,MAÑANA,COSTA,1,0,LEVE,0,0
ATROPELLO,1,0,1,LIMA,LIMA,VILLA EL SALVADOR,URBANA,CALLE,URBANO,NO CORRESPONDE,-12.19457061,-76.96104695,DESPEJADO,RESIDENCIAL,TRAMO RECTO,PLANA ,AFIRMADO,SIN_DATO,SIN_DATO,SIN_DATO,SIN_DATO,IMPRUDENCIA DEL CONDUCTOR,OTRO (IMPRUDENCIA DEL CONDUCTOR),2023,10,0,0,12,TARDE,COSTA,1,0,LEVE,0,0
CHOQUE FUGA,1,0,1,PUNO,EL COLLAO,ILAVE,RURAL,CARRETERA,NACIONAL,PE-38A,-16.127999,-69.641889,DESPEJADO,RURAL,TRAMO RECTO,PLANA ,ASFALTADA,SIN_DATO,SIN_DATO,SIN_DATO,SIN_DATO,IMPRUDENCIA DEL CONDUCTOR,EXCESO DE VELOCIDAD,2023,10,0,0,20,NOCHE,SIERRA,1,0,LEVE,0,0
DESPISTE,1,0,1,CAJAMARCA,CHOTA,TACABAMBA,RURAL,CARRETERA,PROVINCIAL,CA-915,-6.422162,-78.632533,DESPEJADO,COMERCIAL,CURVA,INCLINADA,ASFALTADA,SI,PREVENTIVA (P),SIN_DATO,SI,IMPRUDENCIA DEL CONDUCTOR,EXCESO DE VELOCIDAD,2023,10,1,0,5,MADRUGADA,SIERRA,1,0,LEVE,0,0
DESPISTE,1,5,1,LIMA,HUAURA,HUACHO,RURAL,CARRETERA,NACIONAL,PE-1N,-11.33571,-77.46727,DESPEJADO,RURAL,TRAMO RECTO,PLANA ,ASFALTADA,SIN_DATO,SIN_DATO,SIN_DATO,SIN_DATO,IMPRUDENCIA DEL CONDUCTOR,FATIGA Y/O CANSANCIO,2023,10,1,0,5,MADRUGADA,COSTA,1,5,GRAVE_LESIONADOS,0,1
DESPISTE,1,0,1,CAJAMARCA,CHOTA,CHOROPAMPA,RURAL,CARRETERA,SIN CLASIFICAR,SIN CLASIFICAR,-6.381552,-78.404302,DESPEJADO,RURAL,CURVA,INCLINADA,AFIRMADO,SIN_DATO,SIN_DATO,SIN_DATO,SIN_DATO,IMPRUDENCIA DEL CONDUCTOR,OTRO (IMPRUDENCIA DEL CONDUCTOR),2023,10,1,0,6,MAÑANA,SIERRA,1,0,LEVE,0,0
DESPISTE,1,3,1,LIMA,OYON,OYON,RURAL,CARRETERA,PROVINCIAL,LM-599,-10.508070729406093,-76.74588572107888,NIEBLA,RURAL,CURVA,INCLINADA,AFIRMADO,SIN_DATO,SIN_DATO,SIN_DATO,SIN_DATO,IMPRUDENCIA DEL CONDUCTOR,OTRO (IMPRUDENCIA DEL CONDUCTOR),2023,10,1,0,16,TARDE,COSTA,1,3,GRAVE_LESIONADOS,0,1
ATROPELLO,1,0,1,LA LIBERTAD,ASCOPE,CASA GRANDE,RURAL,CARRETERA,PROVINCIAL,LI-621,-7.658556,-79.243271,DESPEJADO,RURAL,TRAMO RECTO,PLANA ,TROCHA,SIN_DATO,SIN_DATO,SIN_DATO,SIN_DATO,IMPRUDENCIA DEL CONDUCTOR,OTRO (IMPRUDENCIA DEL CONDUCTOR),2023,10,1,0,16,TARDE,COSTA,1,0,LEVE,0,0
ATROPELLO,1,0,1,JUNIN,HUANCAYO,SAN AGUSTIN,URBANA,CARRETERA,NACIONAL,PE-3S,-12.017494,-75.242797,DESPEJADO,COMERCIAL,TRAMO RECTO,PLANA ,ASFALTADA,NO,SIN_DATO,SIN_DATO,SI,IMPRUDENCIA DEL PEATÓN,CRUCE INDEBIDO POR LA CALZADA,2023,10,1,0,19,NOCHE,SIERRA,1,0,LEVE,0,0
ATROPELLO,1,0,1,CAJAMARCA,SAN MIGUEL,UNION AGUA BLANCA,RURAL,CARRETERA,PROVINCIAL,CA-1219,-7.043479,-79.058026,LLUVIOSO,RESIDENCIAL,TRAMO RECTO,PLANA ,AFIRMADO,SIN_DATO,SIN_DATO,SIN_DATO,SIN_DATO,IMPRUDENCIA DEL CONDUCTOR,NO DAR PASO PREFERENTE AL PEATÓN,2023,10,1,0,20,NOCHE,SIERRA,1,0,LEVE,0,0
DESPISTE,2,7,1,LIMA,HUAURA,HUAURA,RURAL,CARRETERA,NACIONAL,PE-1NE,-11.101413968669668,-77.40114921141894,DESPEJADO,RURAL,TRAMO RECTO,PLANA ,ASFALTADA,SIN_DATO,SIN_DATO,SIN_DATO,SIN_DATO,IMPRUDENCIA DEL CONDUCTOR,FATIGA Y/O CANSANCIO,2023,10,1,0,23,NOCHE,COSTA,2,7,GRAVE_MORTALIDAD,1,1
CHOQUE,1,1,2,ICA,CHINCHA,GROCIO PRADO,RURAL,CARRETERA,NACIONAL,PE-1S,-13.33906,-76.2317293,DESPEJADO,RURAL,TRAMO RECTO,PLANA ,ASFALTADA,SIN_DATO,SIN_DATO,SIN_DATO,SIN_DATO,EN PROCESO DE INVESTIGACIÓN,NO CUENTA CON CAUSA ESPECIFICA,2023,10,2,0,5,MADRUGADA,COSTA,1,1,LEVE,0,0
ESPECIAL,1,0,1,ICA,ICA,SUBTANJALLA,RURAL,CALLE,URBANO,NO CORRESPONDE,-14.0193240625753,-75.7503560174169,DESPEJADO,RURAL,TRAMO RECTO,INCLINADA,TROCHA,SIN_DATO,SIN_DATO,SIN_DATO,SIN_DATO,IMPRUDENCIA DEL PEATÓN,OTRO (IMPRUDENCIA DEL PEATÓN),2023,10,2,0,6,MAÑANA,COSTA,1,0,LEVE,0,0
DESPISTE,1,8,1,LIMA,LIMA,SAN JUAN DE LURIGANCHO,URBANA,AVENIDA,URBANO,NO CORRESPONDE,-11.97214164,-76.99659911,DESPEJADO,COMERCIAL,INTERSECCIÓN,PLANA ,ASFALTADA,SIN_DATO,SIN_DATO,SIN_DATO,SIN_DATO,IMPRUDENCIA DEL CONDUCTOR,OTRO (IMPRUDENCIA DEL CONDUCTOR),2023,10,2,0,7,MAÑANA,COSTA,1,8,GRAVE_LESIONADOS,0,1
DESPISTE,1,0,1,PUNO,MELGAR,ANTAUTA,RURAL,CARRETERA,SIN CLASIFICAR,SIN CLASIFICAR,-14.260264444840638,-70.41806095649035,NUBLADO,RURAL,TRAMO RECTO,PLANA ,ASFALTADA,SIN_DATO,SIN_DATO,SIN_DATO,SIN_DATO,IMPRUDENCIA DEL CONDUCTOR,EXCESO DE VELOCIDAD,2023,10,2,0,9,MAÑANA,SIERRA,1,0,LEVE,0,0
CHOQUE,1,0,2,LA LIBERTAD,PACASMAYO,GUADALUPE,RURAL,CARRETERA,NACIONAL,PE-1N,-7.323775,-79.4810385,DESPEJADO,RURAL,TRAMO RECTO,PLANA ,ASFALTADA,SIN_DATO,SIN_DATO,SIN_DATO,SIN_DATO,EN PROCESO DE INVESTIGACIÓN,NO CUENTA CON CAUSA ESPECIFICA,2023,10,2,0,13,TARDE,COSTA,1,0,LEVE,0,0
DESPISTE,1,2,1,LA LIBERTAD,SANTIAGO DE CHUCO,QUIRUVILCA,RURAL,CARRETERA,PROVINCIAL,LI-810,-7.997279654339144,-78.31764369228196,DESPEJADO,RURAL,TRAMO RECTO,PLANA ,TROCHA,SIN_DATO,SIN_DATO,SIN_DATO,SIN_DATO,EN PROCESO DE INVESTIGACIÓN,NO CUENTA CON CAUSA ESPECIFICA,2023,10,2,0,19,NOCHE,COSTA,1,2,LEVE,0,0
ATROPELLO FUGA,1,0,1,LIMA,LIMA,LA MOLINA,URBANA,CARRETERA,NACIONAL,PE-1S,-12.07414826,-76.97435069,DESPEJADO,RESIDENCIAL,TRAMO RECTO,PLANA ,ASFALTADA,SIN_DATO,SIN_DATO,SIN_DATO,SIN_DATO,EN PROCESO DE INVESTIGACIÓN,NO CUENTA CON CAUSA ESPECIFICA,2023,10,2,0,19,NOCHE,COSTA,1,0,LEVE,0,0
CHOQUE,1,0,1,CALLAO,CALLAO,CALLAO,URBANA,AVENIDA,URBANO,NO CORRESPONDE,-11.9823370203939,-77.1177450785481,DESPEJADO,INDUSTRIAL,TRAMO RECTO,PLANA ,TROCHA,SIN_DATO,SIN_DATO,SIN_DATO,SIN_DATO,IMPRUDENCIA DEL CONDUCTOR,OTRO (IMPRUDENCIA DEL CONDUCTOR),2023,10,2,0,20,NOCHE,COSTA,1,0,LEVE,0,0
DESPISTE,2,12,1,AYACUCHO,VILCAS HUAMAN,VISCHONGO,RURAL,CARRETERA,SIN CLASIFICAR,SIN CLASIFICAR,-13.569775267636992,-74.0076451725366,DESPEJADO,RURAL,SINUOSA,INCLINADA,AFIRMADO,SIN_DATO,SIN_DATO,SIN_DATO,SIN_DATO,INFRAESTRUCTURA Y ENTORNO VIAL,SUPERFICIE DETERIORADA,2023,10,3,0,5,MADRUGADA,SIERRA,2,12,GRAVE_MORTALIDAD,1,1
DESPISTE,1,0,1,LIMA,LIMA,INDEPENDENCIA,URBANA,CARRETERA,NACIONAL,PE-1N,-11.993519,-77.063545,DESPEJADO,COMERCIAL,TRAMO RECTO,PLANA ,ASFALTADA,SIN_DATO,SIN_DATO,SIN_DATO,SIN_DATO,EN PROCESO DE INVESTIGACIÓN,NO CUENTA CON CAUSA ESPECIFICA,2023,10,3,0,6,MAÑANA,COSTA,1,0,LEVE,0,0
DESPISTE,1,2,1,CAJAMARCA,CAJAMARCA,CAJAMARCA,URBANA,CARRETERA,NACIONAL,PE-3N,-7.103537,-78.549797,DESPEJADO,INDUSTRIAL,CURVA,INCLINADA,ASFALTADA,SI,PREVENTIVA (P),SIN_DATO,SI,IMPRUDENCIA DEL CONDUCTOR,EXCESO DE VELOCIDAD,2023,10,3,0,7,MAÑANA,SIERRA,1,2,LEVE,0,0
CHOQUE,1,1,1,PIURA,MORROPON,LA MATANZA,RURAL,CARRETERA,NACIONAL,PE-1NJ,-5.41045,-80.03939,DESPEJADO,RURAL,TRAMO RECTO,PLANA ,ASFALTADA,SIN_DATO,SIN_DATO,SIN_DATO,SIN_DATO,EN PROCESO DE INVESTIGACIÓN,NO CUENTA CON CAUSA ESPECIFICA,2023,10,3,0,19,NOCHE,COSTA,1,1,LEVE,0,0
ATROPELLO,1,0,1,LA LIBERTAD,ASCOPE,CHICAMA,RURAL,CARRETERA,NACIONAL,PE-1N,-7.92058,-79.11048,DESPEJADO,RURAL,TRAMO RECTO,PLANA ,ASFALTADA,SIN_DATO,SIN_DATO,SIN_DATO,SIN_DATO,EN PROCESO DE INVESTIGACIÓN,NO CUENTA CON CAUSA ESPECIFICA,2023,10,4,0,4,MADRUGADA,COSTA,1,0,LEVE,0,0
CHOQUE,1,0,2,LA LIBERTAD,PACASMAYO,SAN PEDRO DE LLOC,RURAL,CARRETERA,NACIONAL,PE-1N,-7.574162,-79.370599,DESPEJADO,RURAL,TRAMO RECTO,PLANA ,ASFALTADA,SIN_DATO,SIN_DATO,SIN_DATO,SIN_DATO,IMPRUDENCIA DEL CONDUCTOR,OTRO (IMPRUDENCIA DEL CONDUCTOR),2023,10,4,0,5,MADRUGADA,COSTA,1,0,LEVE,0,0
DESPISTE,1,5,1,LIMA,HUAURA,HUACHO,RURAL,CARRETERA,NACIONAL,PE-1N,-11.3287,-77.4721,DESPEJADO,RURAL,TRAMO RECTO,PLANA ,ASFALTADA,SIN_DATO,SIN_DATO,SIN_DATO,SIN_DATO,IMPRUDENCIA DEL CONDUCTOR,FATIGA Y/O CANSANCIO,2023,10,4,0,9,MAÑANA,COSTA,1,5,GRAVE_LESIONADOS,0,1
CHOQUE,1,0,1,AREQUIPA,AREQUIPA,LA JOYA,RURAL,CARRETERA,PROVINCIAL,AR-798,-16.6878486,-71.8914404,DESPEJADO,RURAL,TRAMO RECTO,PLANA ,ASFALTADA,SIN_DATO,SIN_DATO,SIN_DATO,SIN_DATO,EN PROCESO DE INVESTIGACIÓN,NO CUENTA CON CAUSA ESPECIFICA,2023,10,4,0,20,NOCHE,COSTA,1,0,LEVE,0,0
DESPISTE,1,0,1,CAJAMARCA,SAN MARCOS,ICHOCAN,RURAL,CARRETERA,NACIONAL,PE-3N,-7.37952,-78.125574,DESPEJADO,RURAL,TRAMO RECTO,INCLINADA,ASFALTADA,SI,PREVENTIVA (P),SIN_DATO,SI,IMPRUDENCIA DEL CONDUCTOR,CONDUCIR EN ESTADO DE EBRIEDAD Y/O DROGADICCIÓN,2023,10,4,0,23,NOCHE,SIERRA,1,0,LEVE,0,0
ATROPELLO,1,0,1,LA LIBERTAD,PATAZ,CHILLIA,URBANA,JIRÓN,URBANO,NO CORRESPONDE,-8.124813,-77.51463,DESPEJADO,COMERCIAL,TRAMO RECTO,PLANA ,ASFALTADA,SIN_DATO,SIN_DATO,SIN_DATO,SIN_DATO,IMPRUDENCIA DEL PEATÓN,OTRO (IMPRUDENCIA DEL PEATÓN),2023,10,5,1,10,MAÑANA,COSTA,1,0,LEVE,0,0
DESPISTE,1,0,1,CUSCO,QUISPICANCHI,LUCRE,RURAL,CARRETERA,NACIONAL,PE-3S,-13.613521496903386,-71.72405856994195,DESPEJADO,RURAL,CURVA,INCLINADA,ASFALTADA,SI,PREVENTIVA (P),SIN_DATO,SI,IMPRUDENCIA DEL CONDUCTOR,FATIGA Y/O CANSANCIO,2023,10,5,1,13,TARDE,SIERRA,1,0,LEVE,0,0
VOLCADURA,1,0,1,LIMA,LIMA,COMAS,URBANA,AVENIDA,URBANO,NO CORRESPONDE,-11.94234917,-77.06034459,DESPEJADO,COMERCIAL,INTERSECCIÓN,PLANA ,ASFALTADA,SIN_DATO,SIN_DATO,SIN_DATO,SIN_DATO,EN PROCESO DE INVESTIGACIÓN,NO CUENTA CON CAUSA ESPECIFICA,2023,10,5,1,17,TARDE,COSTA,1,0,LEVE,0,0
CHOQUE,1,4,2,ICA,NASCA,NASCA,URBANA,CARRETERA,NACIONAL,PE-1S,-14.968164,-74.985823,DESPEJADO,RESIDENCIAL,TRAMO RECTO,PLANA ,ASFALTADA,SIN_DATO,SIN_DATO,SIN_DATO,SIN_DATO,EN PROCESO DE INVESTIGACIÓN,NO CUENTA CON CAUSA ESPECIFICA,2023,10,5,1,18,NOCHE,COSTA,1,4,GRAVE_LESIONADOS,0,1
ATROPELLO FUGA,1,0,0,PUNO,SAN ROMAN,CARACOTO,RURAL,CARRETERA,NACIONAL,PE-3S,-15.552110584431,-70.1077107742993,DESPEJADO,RURAL,TRAMO RECTO,PLANA ,ASFALTADA,SIN_DATO,SIN_DATO,SIN_DATO,SIN_DATO,IMPRUDENCIA DEL CONDUCTOR,OTRO (IMPRUDENCIA DEL CONDUCTOR),2023,10,5,1,20,NOCHE,SIERRA,1,0,LEVE,0,0
CHOQUE,1,0,2,LA LIBERTAD,TRUJILLO,TRUJILLO,URBANA,AVENIDA,URBANO,NO CORRESPONDE,-8.092607,-79.018043,DESPEJADO,COMERCIAL,INTERSECCIÓN,PLANA ,ASFALTADA,SIN_DATO,SIN_DATO,SIN_DATO,SIN_DATO,IMPRUDENCIA DEL CONDUCTOR,CONDUCIR EN ESTADO DE EBRIEDAD Y/O DROGADICCIÓN,2023,10,5,1,23,NOCHE,COSTA,1,0,LEVE,0,0
DESPISTE,1,0,1,LIMA,LIMA,SAN MARTIN DE PORRES,URBANA,AVENIDA,URBANO,NO CORRESPONDE,-11.99458396,-77.10969428,DESPEJADO,RESIDENCIAL,INTERSECCIÓN,PLANA ,ASFALTADA,SIN_DATO,SIN_DATO,SIN_DATO,SIN_DATO,EN PROCESO DE INVESTIGACIÓN,NO CUENTA CON CAUSA ESPECIFICA,2023,10,6,1,2,MADRUGADA,COSTA,1,0,LEVE,0,0
DESPISTE,1,1,1,CAJAMARCA,CAJAMARCA,ENCAÑADA,RURAL,CARRETERA,NACIONAL,PE-08B,-7.115858,-78.330569,DESPEJADO,RURAL,CURVA,INCLINADA,ASFALTADA,NO,SIN_DATO,SIN_DATO,SI,IMPRUDENCIA DEL CONDUCTOR,CONDUCIR EN ESTADO DE EBRIEDAD Y/O DROGADICCIÓN,2023,10,6,1,5,MADRUGADA,SIERRA,1,1,LEVE,0,0
DESPISTE,1,0,1,LIMA,LIMA,PUNTA NEGRA,RURAL,CARRETERA,NACIONAL,PE-1S,-12.349599,-76.807167,DESPEJADO,RURAL,TRAMO RECTO,PLANA ,ASFALTADA,SIN_DATO,SIN_DATO,SIN_DATO,SIN_DATO,EN PROCESO DE INVESTIGACIÓN,NO CUENTA CON CAUSA ESPECIFICA,2023,10,6,1,5,MADRUGADA,COSTA,1,0,LEVE,0,0
DESPISTE,1,0,1,CAJAMARCA,SAN MARCOS,PEDRO GALVEZ,URBANA,CARRETERA,NACIONAL,PE-3N,-7.324751,-78.170838,DESPEJADO,RESIDENCIAL,TRAMO RECTO,INCLINADA,ASFALTADA,NO,SIN_DATO,SIN_DATO,SI,IMPRUDENCIA DEL CONDUCTOR,EXCESO DE VELOCIDAD,2023,10,6,1,7,MAÑANA,SIERRA,1,0,LEVE,0,0
DESPISTE,5,0,1,CAJAMARCA,CONTUMAZA,CHILETE,RURAL,CARRETERA,NACIONAL,PE-1NF,-7.29805029789651,-78.8064632905543,DESPEJADO,RURAL,CURVA,INCLINADA,ASFALTADA,SI,PREVENTIVA (P),SIN_DATO,SI,IMPRUDENCIA DEL CONDUCTOR,OTRO (IMPRUDENCIA DEL CONDUCTOR),2023,10,6,1,7,MAÑANA,SIERRA,5,0,GRAVE_MORTALIDAD,1,0
CHOQUE CON OBJETO FIJO,1,0,1,JUNIN,JAUJA,RICRAN,RURAL,CARRETERA,DEPARTAMENTAL,JU-103,-11.555447660836156,-75.51647355135484,DESPEJADO,RURAL,TRAMO RECTO,PLANA ,TROCHA,SIN_DATO,SIN_DATO,SIN_DATO,SIN_DATO,EN PROCESO DE INVESTIGACIÓN,NO CUENTA CON CAUSA ESPECIFICA,2023,10,6,1,11,MAÑANA,SIERRA,1,0,LEVE,0,0
CHOQUE,2,0,1,LIMA,LIMA,CHORRILLOS,URBANA,CARRETERA,NACIONAL,PE-1S,-12.209975373625198,-76.97553830208496,DESPEJADO,INDUSTRIAL,TRAMO RECTO,PLANA ,ASFALTADA,SIN_DATO,SIN_DATO,SIN_DATO,SIN_DATO,EN PROCESO DE INVESTIGACIÓN,NO CUENTA CON CAUSA ESPECIFICA,2023,10,6,1,12,TARDE,COSTA,2,0,GRAVE_MORTALIDAD,1,0
DESPISTE,1,11,1,AREQUIPA,AREQUIPA,CAYMA,URBANA,CALLE,URBANO,NO CORRESPONDE,-16.2952277,-71.5448658,DESPEJADO,COMERCIAL,TRAMO RECTO,INCLINADA,TROCHA,SIN_DATO,SIN_DATO,SIN_DATO,SIN_DATO,EN PROCESO DE INVESTIGACIÓN,NO CUENTA CON CAUSA ESPECIFICA,2023,10,6,1,17,TARDE,COSTA,1,11,GRAVE_LESIONADOS,0,1
ATROPELLO,1,0,1,AYACUCHO,HUANTA,HUANTA,URBANA,CARRETERA,PROVINCIAL,AY-619,-12.9384113,-74.25021219999999,DESPEJADO,RESIDENCIAL,TRAMO RECTO,INCLINADA,ASFALTADA,SI,PREVENTIVA (P),SIN_DATO,NO,IMPRUDENCIA DEL PEATÓN,CRUCE INDEBIDO POR LA CALZADA,2023,10,6,1,19,NOCHE,SIERRA,1,0,LEVE,0,0
ATROPELLO FUGA,1,0,2,TACNA,TACNA,LA YARADA LOS PALOS,RURAL,CARRETERA,NACIONAL,PE-1SD,-18.150442,-70.444978,DESPEJADO,RURAL,TRAMO RECTO,PLANA ,ASFALTADA,SIN_DATO,SIN_DATO,SIN_DATO,SIN_DATO,IMPRUDENCIA DEL PEATÓN,CRUCE INDEBIDO POR LA CALZADA,2023,10,6,1,19,NOCHE,COSTA,1,0,LEVE,0,0
CHOQUE,1,9,2,ICA,CHINCHA,CHINCHA BAJA,RURAL,CARRETERA,NACIONAL,PE-1S,-13.490222,-76.139538,DESPEJADO,RURAL,TRAMO RECTO,PLANA ,ASFALTADA,SIN_DATO,SIN_DATO,SIN_DATO,SIN_DATO,EN PROCESO DE INVESTIGACIÓN,NO CUENTA CON CAUSA ESPECIFICA,2023,10,6,1,23,NOCHE,COSTA,1,9,GRAVE_LESIONADOS,0,1
CHOQUE CON OBJETO FIJO,1,0,1,PUNO,YUNGUYO,YUNGUYO,URBANA,CARRETERA,PROVINCIAL,PU-1309,-16.241691,-69.092277,DESPEJADO,COMERCIAL,TRAMO RECTO,PLANA ,ASFALTADA,SIN_DATO,SIN_DATO,SIN_DATO,SIN_DATO,INFRAESTRUCTURA Y ENTORNO VIAL,OBRAS TEMPORALES,2023,10,0,0,1,MADRUGADA,SIERRA,1,0,LEVE,0,0
CHOQUE CON OBJETO FIJO,1,0,1,TACNA,TACNA,TACNA,URBANA,AVENIDA,URBANO,NO CORRESPONDE,-18.0102861,-70.24608055555555,DESPEJADO,COMERCIAL,TRAMO RECTO,PLANA ,ASFALTADA,SIN_DATO,SIN_DATO,SIN_DATO,SIN_DATO,IMPRUDENCIA DEL CONDUCTOR,CONDUCIR EN ESTADO DE EBRIEDAD Y/O DROGADICCIÓN,2023,10,0,0,4,MADRUGADA,COSTA,1,0,LEVE,0,0
CHOQUE,1,0,1,LIMA,LIMA,LURIN,RURAL,CARRETERA,NACIONAL,PE-1S,-12.27658158,-76.88905695,DESPEJADO,RURAL,TRAMO RECTO,PLANA ,ASFALTADA,SIN_DATO,SIN_DATO,SIN_DATO,SIN_DATO,EN PROCESO DE INVESTIGACIÓN,NO CUENTA CON CAUSA ESPECIFICA,2023,10,0,0,7,MAÑANA,COSTA,1,0,LEVE,0,0
DESPISTE,1,0,1,CAJAMARCA,CAJAMARCA,COSPAN,RURAL,CARRETERA,PROVINCIAL,CA-1421,-7.477163,-78.426502,DESPEJADO,RESIDENCIAL,CURVA,INCLINADA,ASFALTADA,SIN_DATO,SIN_DATO,SIN_DATO,SIN_DATO,IMPRUDENCIA DEL CONDUCTOR,OTRO (IMPRUDENCIA DEL CONDUCTOR),2023,10,0,0,10,MAÑANA,SIERRA,1,0,LEVE,0,0
DESPISTE,2,7,8,CAJAMARCA,CUTERVO,SOCOTA,RURAL,CARRETERA,PROVINCIAL,CA-789,-6.294487,-78.662876,DESPEJADO,RURAL,TRAMO RECTO,INCLINADA,AFIRMADO,SIN_DATO,SIN_DATO,SIN_DATO,SIN_DATO,IMPRUDENCIA DEL CONDUCTOR,NO DAR PASO PREFERENTE AL PEATÓN,2023,10,0,0,15,TARDE,SIERRA,2,7,GRAVE_MORTALIDAD,1,1
DESPISTE,1,0,1,PIURA,MORROPON,LA MATANZA,RURAL,CARRETERA,NACIONAL,PE-02A,-5.239378,-80.080188,DESPEJADO,RURAL,TRAMO RECTO,PLANA ,ASFALTADA,SIN_DATO,SIN_DATO,SIN_DATO,SIN_DATO,EN PROCESO DE INVESTIGACIÓN,NO CUENTA CON CAUSA ESPECIFICA,2023,10,1,0,3,MADRUGADA,COSTA,1,0,LEVE,0,0
CHOQUE,2,0,1,LIMA,LIMA,LURIN,RURAL,CARRETERA,NACIONAL,PE-1S,-12.262158,-76.912015,DESPEJADO,RURAL,TRAMO RECTO,PLANA ,ASFALTADA,SIN_DATO,SIN_DATO,SIN_DATO,SIN_DATO,EN PROCESO DE INVESTIGACIÓN,NO CUENTA CON CAUSA ESPECIFICA,2023,10,1,0,7,MAÑANA,COSTA,2,0,GRAVE_MORTALIDAD,1,0
ATROPELLO,1,0,1,LIMA,LIMA,SURQUILLO,URBANA,AVENIDA,URBANO,NO CORRESPONDE,-12.11273705,-77.01369594,DESPEJADO,RESIDENCIAL,TRAMO RECTO,PLANA ,ASFALTADA,SIN_DATO,SIN_DATO,SIN_DATO,SIN_DATO,EN PROCESO DE INVESTIGACIÓN,NO CUENTA CON CAUSA ESPECIFICA,2023,10,2,0,0,MADRUGADA,COSTA,1,0,LEVE,0,0
CHOQUE,5,47,2,CUSCO,ESPINAR,OCORURO,RURAL,CARRETERA,NACIONAL,PE-34J,-15.142256,-71.122031,DESPEJADO,RURAL,CURVA,PLANA ,ASFALTADA,SI,PREVENTIVA (P),REGULADORA (R),SI,IMPRUDENCIA DEL CONDUCTOR,INVASIÓN DE CARRIL,2023,10,2,0,2,MADRUGADA,SIERRA,5,47,GRAVE_MORTALIDAD,1,1
ATROPELLO FUGA,1,0,1,LIMA,LIMA,LOS OLIVOS,URBANA,CARRETERA,NACIONAL,PE-1N,-11.9438279,-77.07116192,DESPEJADO,COMERCIAL,TRAMO RECTO,PLANA ,ASFALTADA,SIN_DATO,SIN_DATO,SIN_DATO,SIN_DATO,EN PROCESO DE INVESTIGACIÓN,NO CUENTA CON CAUSA ESPECIFICA,2023,10,2,0,2,MADRUGADA,COSTA,1,0,LEVE,0,0