CLASE SINIESTRO,CANTIDAD DE FALLECIDOS,CANTIDAD DE LESIONADOS,CANTIDAD DE VEHICULOS DAÑADOS,DEPARTAMENTO,PROVINCIA,DISTRITO,ZONA,TIPO DE VÍA,RED VIAL,COD CARRETERA,COORDENADAS LATITUD,COORDENADAS  LONGITUD,CONDICIÓN CLIMÁTICA,ZONIFICACIÓN,CARACTERÍSTICAS DE VÍA,PERFIL LONGITUDINAL VÍA,SUPERFICIE DE CALZADA,¿EXISTE SEÑAL VERTICAL?,CLASIFICACIÓN DE LA SEÑAL VERTICAL Nº 1,CLASIFICACIÓN DE LA SEÑAL VERTICAL Nº 2,¿EXISTE SEÑAL HORIZONTAL?,CAUSA FACTOR PRINCIPAL,CAUSA ESPECÍFICA,AÑO,MES,DIA_SEMANA,ES_FIN_SEMANA,HORA_NUM,FRANJA_HORARIA,REGION_NATURAL,FALLECIDOS,LESIONADOS,CATEGORIA_SEVERIDAD,MORTALIDAD_MULTIPLE,LESION_MULTIPLE
DESPISTE,1,0,1,LA LIBERTAD,PACASMAYO,JEQUETEPEQUE,RURAL,CARRETERA,PROVINCIAL,LI-561,-7.345671,-79.52181,DESPEJADO,RURAL,TRAMO RECTO,PLANA ,AFIRMADO,SIN_DATO,SIN_DATO,SIN_DATO,SIN_DATO,IMPRUDENCIA DEL CONDUCTOR,OTRO (IMPRUDENCIA DEL CONDUCTOR),2023,10,2,0,12,TARDE,COSTA,1,0,LEVE,0,0
ATROPELLO,1,0,1,LIMA,LIMA,SAN LUIS,URBANA,AVENIDA,URBANO,NO CORRESPONDE,-12.07004287,-76.99492787,DESPEJADO,COMERCIAL,TRAMO RECTO,PLANA ,ASFALTADA,SIN_DATO,SIN_DATO,SIN_DATO,SIN_DATO,EN PROCESO DE INVESTIGACIÓN,NO CUENTA CON CAUSA ESPECIFICA,2023,10,3,0,5,MADRUGADA,COSTA,1,0,LEVE,0,0
CHOQUE,1,1,2,PUNO,PUNO,COATA,RURAL,CARRETERA,DEPARTAMENTAL,PU-118,-15.5658622428654,-69.9565131310587,DESPEJADO,RURAL,TRAMO RECTO,PLANA ,ASFALTADA,SIN_DATO,SIN_DATO,SIN_DATO,SIN_DATO,IMPRUDENCIA DEL CONDUCTOR,GIRAR IMPRUDENTEMENTE,2023,10,3,0,6,MAÑANA,SIERRA,1,1,LEVE,0,0
ATROPELLO FUGA,1,0,1,LIMA,LIMA,LOS OLIVOS,URBANA,CARRETERA,NACIONAL,PE-1N,-11.93712142,-77.07179395,DESPEJADO,COMERCIAL,TRAMO RECTO,PLANA ,ASFALTADA,SIN_DATO,SIN_DATO,SIN_DATO,SIN_DATO,EN PROCESO DE INVESTIGACIÓN,NO CUENTA CON CAUSA ESPECIFICA,2023,10,4,0,1,MADRUGADA,COSTA,1,0,LEVE,0,0
ATROPELLO,1,0,1,LIMA,LIMA,SAN MARTIN DE PORRES,URBANA,AVENIDA,URBANO,NO CORRESPONDE,-11.99380244,-77.08386695,DESPEJADO,COMERCIAL,TRAMO RECTO,PLANA ,ASFALTADA,SIN_DATO,SIN_DATO,SIN_DATO,SIN_DATO,EN PROCESO DE INVESTIGACIÓN,NO CUENTA CON CAUSA ESPECIFICA,2023,10,4,0,6,MAÑANA,COSTA,1,0,LEVE,0,0
ATROPELLO,1,0,1,AREQUIPA,AREQUIPA,AREQUIPA,URBANA,CALLE,URBANO,NO CORRESPONDE,-16.39808,-71.54057,DESPEJADO,COMERCIAL,TRAMO RECTO,INCLINADA,ADOQUINADO,SIN_DATO,SIN_DATO,SIN_DATO,SIN_DATO,EN PROCESO DE INVESTIGACIÓN,NO CUENTA CON CAUSA ESPECIFICA,2023,10,4,0,12,TARDE,COSTA,1,0,LEVE,0,0
ATROPELLO,1,0,1,PUNO,SAN ROMAN,JULIACA,URBANA,JIRÓN,URBANO,NO CORRESPONDE,-15.476914061278007,-70.11482919129101,DESPEJADO,COMERCIAL,INTERSECCIÓN,PLANA ,ASFALTADA,SIN_DATO,SIN_DATO,SIN_DATO,SIN_DATO,IMPRUDENCIA DEL CONDUCTOR,NO DAR PASO PREFERENTE AL PEATÓN,2023,10,4,0,15,TARDE,SIERRA,1,0,LEVE,0,0
ATROPELLO,1,0,1,PUNO,SAN ROMAN,JULIACA,RURAL,CARRETERA,DEPARTAMENTAL,PU-124,-15.436153,-70.243903,DESPEJADO,RURAL,TRAMO RECTO,PLANA ,ASFALTADA,SIN_DATO,SIN_DATO,SIN_DATO,SIN_DATO,IMPRUDENCIA DEL PEATÓN,CRUCE INDEBIDO POR LA CALZADA,2023,10,4,0,16,TARDE,SIERRA,1,0,LEVE,0,0
DESPISTE,1,1,1,LA LIBERTAD,CHEPEN,PACANGA,RURAL,CARRETERA,NACIONAL,PE-1N,-7.131068,-79.473718,DESPEJADO,RURAL,TRAMO RECTO,PLANA ,ASFALTADA,SIN_DATO,SIN_DATO,SIN_DATO,SIN_DATO,EN PROCESO DE INVESTIGACIÓN,NO CUENTA CON CAUSA ESPECIFICA,2023,10,4,0,19,NOCHE,COSTA,1,1,LEVE,0,0
ATROPELLO,2,0,1,ICA,ICA,SANTIAGO,URBANA,CARRETERA,NACIONAL,PE-1S,-14.2639002,-75.68571,DESPEJADO,RESIDENCIAL,TRAMO RECTO,PLANA ,ASFALTADA,SI,PREVENTIVA (P),SIN_DATO,SI,EN PROCESO DE INVESTIGACIÓN,NO CUENTA CON CAUSA ESPECIFICA,2023,10,4,0,21,NOCHE,COSTA,2,0,GRAVE_MORTALIDAD,1,0
ATROPELLO,1,2,1,LIMA,LIMA,LURIGANCHO,URBANA,CARRETERA,NACIONAL,PE-22,-12.021163150147276,-76.92976775024461,DESPEJADO,INDUSTRIAL,TRAMO RECTO,PLANA ,ASFALTADA,SIN_DATO,SIN_DATO,SIN_DATO,SIN_DATO,EN PROCESO DE INVESTIGACIÓN,NO CUENTA CON CAUSA ESPECIFICA,2023,10,5,1,2,MADRUGADA,COSTA,1,2,LEVE,0,0
ATROPELLO FUGA,1,0,1,LIMA,LIMA,EL AGUSTINO,URBANA,AVENIDA,URBANO,NO CORRESPONDE,-12.04343902,-76.98602879,DESPEJADO,RESIDENCIAL,TRAMO RECTO,PLANA ,ASFALTADA,SIN_DATO,SIN_DATO,SIN_DATO,SIN_DATO,EN PROCESO DE INVESTIGACIÓN,NO CUENTA CON CAUSA ESPECIFICA,2023,10,5,1,4,MADRUGADA,COSTA,1,0,LEVE,0,0
CHOQUE FUGA,1,0,1,PIURA,PIURA,CASTILLA,RURAL,CARRETERA,NACIONAL,PE-1NJ,-5.191842,-80.608285,DESPEJADO,RURAL,TRAMO RECTO,PLANA ,ASFALTADA,SIN_DATO,SIN_DATO,SIN_DATO,SIN_DATO,EN PROCESO DE INVESTIGACIÓN,NO CUENTA CON CAUSA ESPECIFICA,2023,10,5,1,7,MAÑANA,COSTA,1,0,LEVE,0,0
ATROPELLO,1,0,1,CAJAMARCA,JAEN,JAEN,URBANA,JIRÓN,URBANO,NO CORRESPONDE,-5.7196616525396,-78.8020669933226,DESPEJADO,RESIDENCIAL,TRAMO RECTO,INCLINADA,CONCRETO,SIN_DATO,SIN_DATO,SIN_DATO,SIN_DATO,IMPRUDENCIA DEL CONDUCTOR,EXCESO DE VELOCIDAD,2023,10,5,1,17,TARDE,SIERRA,1,0,LEVE,0,0
ATROPELLO,1,0,1,LIMA,LIMA,ATE,URBANA,CARRETERA,NACIONAL,PE-22,-12.00698,-76.853398,DESPEJADO,COMERCIAL,TRAMO RECTO,PLANA ,ASFALTADA,SIN_DATO,SIN_DATO,SIN_DATO,SIN_DATO,EN PROCESO DE INVESTIGACIÓN,NO CUENTA CON CAUSA ESPECIFICA,2023,10,6,1,0,MADRUGADA,COSTA,1,0,LEVE,0,0
CHOQUE,1,4,3,ICA,NASCA,NASCA,RURAL,CARRETERA,NACIONAL,PE-1S,-14.803779,-75.000062,DESPEJADO,RURAL,TRAMO RECTO,PLANA ,ASFALTADA,SIN_DATO,SIN_DATO,SIN_DATO,SIN_DATO,EN PROCESO DE INVESTIGACIÓN,NO CUENTA CON CAUSA ESPECIFICA,2023,10,6,1,4,MADRUGADA,COSTA,1,4,GRAVE_LESIONADOS,0,1
DESPISTE,1,0,1,PUNO,HUANCANE,TARACO,RURAL,CARRETERA,SIN CLASIFICAR,SIN CLASIFICAR,-15.293861,-69.977401,DESPEJADO,RURAL,TRAMO RECTO,PLANA ,TROCHA,SIN_DATO,SIN_DATO,SIN_DATO,SIN_DATO,IMPRUDENCIA DEL CONDUCTOR,EXCESO DE VELOCIDAD,2023,10,6,1,5,MADRUGADA,SIERRA,1,0,LEVE,0,0
CHOQUE,1,0,1,LIMA,LIMA,RIMAC,URBANA,CARRETERA,NACIONAL,PE-1N,-12.03665,-77.043149,DESPEJADO,COMERCIAL,TRAMO RECTO,PLANA ,ASFALTADA,SIN_DATO,SIN_DATO,SIN_DATO,SIN_DATO,EN PROCESO DE INVESTIGACIÓN,NO CUENTA CON CAUSA ESPECIFICA,2023,10,6,1,6,MAÑANA,COSTA,1,0,LEVE,0,0
CHOQUE,1,0,2,PUNO,SAN ROMAN,SAN MIGUEL,URBANA,CARRETERA,NACIONAL,PE-3S,-15.480436,-70.130458,DESPEJADO,COMERCIAL,INTERSECCIÓN,PLANA ,ASFALTADA,SIN_DATO,SIN_DATO,SIN_DATO,SIN_DATO,IMPRUDENCIA DEL CONDUCTOR,INVASIÓN DE CARRIL,2023,10,6,1,6,MAÑANA,SIERRA,1,0,LEVE,0,0
ATROPELLO,1,0,1,LIMA,LIMA,CARABAYLLO,URBANA,AVENIDA,URBANO,NO CORRESPONDE,-11.8922989,-77.02813565,DESPEJADO,COMERCIAL,TRAMO RECTO,INCLINADA,ASFALTADA,SIN_DATO,SIN_DATO,SIN_DATO,SIN_DATO,EN PROCESO DE INVESTIGACIÓN,NO CUENTA CON CAUSA ESPECIFICA,2023,10,6,1,12,TARDE,COSTA,1,0,LEVE,0,0
CHOQUE FUGA,1,0,1,PUNO,EL COLLAO,PILCUYO,RURAL,CARRETERA,DEPARTAMENTAL,PU-127,-16.106972210562557,-69.55916854146624,DESPEJADO,RURAL,TRAMO RECTO,PLANA ,ASFALTADA,SIN_DATO,SIN_DATO,SIN_DATO,SIN_DATO,IMPRUDENCIA DEL CONDUCTOR,EXCESO DE VELOCIDAD,2023,10,6,1,18,NOCHE,SIERRA,1,0,LEVE,0,0
DESPISTE,1,0,1,PIURA,PIURA,LA ARENA,RURAL,CARRETERA,SIN CLASIFICAR,SIN CLASIFICAR,-5.35234692,-80.72421371,DESPEJADO,RURAL,CURVA,PLANA ,TROCHA,SIN_DATO,SIN_DATO,SIN_DATO,SIN_DATO,EN PROCESO DE INVESTIGACIÓN,NO CUENTA CON CAUSA ESPECIFICA,2023,10,6,1,18,NOCHE,COSTA,1,0,LEVE,0,0
CHOQUE,1,0,1,PIURA,PIURA,VEINTISEIS DE OCTUBRE,URBANA,CARRETERA,NACIONAL,PE-1N,-5.1339,-80.699741,DESPEJADO,RURAL,TRAMO RECTO,PLANA ,ASFALTADA,SIN_DATO,SIN_DATO,SIN_DATO,SIN_DATO,EN PROCESO DE INVESTIGACIÓN,NO CUENTA CON CAUSA ESPECIFICA,2023,10,6,1,22,NOCHE,COSTA,1,0,LEVE,0,0
DESPISTE,1,8,1,AYACUCHO,HUAMANGA,CHIARA,URBANA,CARRETERA,NACIONAL,PE-3S,-13.278107874413228,-74.23038639661108,DESPEJADO,RURAL,CURVA,INCLINADA,ASFALTADA,SIN_DATO,SIN_DATO,SIN_DATO,SIN_DATO,IMPRUDENCIA DEL CONDUCTOR,EXCESO DE VELOCIDAD,2023,10,0,0,5,MADRUGADA,SIERRA,1,8,GRAVE_LESIONADOS,0,1
CHOQUE,1,2,2,LA LIBERTAD,CHEPEN,PACANGA,RURAL,CARRETERA,NACIONAL,PE-1N,-7.122333313929911,-79.4840239937687,DESPEJADO,RURAL,TRAMO RECTO,PLANA ,ASFALTADA,SIN_DATO,SIN_DATO,SIN_DATO,SIN_DATO,IMPRUDENCIA DEL CONDUCTOR,ADELANTAR INDEBIDAMENTE,2023,10,0,0,18,NOCHE,COSTA,1,2,LEVE,0,0
ATROPELLO,1,3,1,TUMBES,ZARUMILLA,PAPAYAL,RURAL,CARRETERA,DEPARTAMENTAL,TU-101,-3.5492023771904098,-80.22660463446178,DESPEJADO,RURAL,TRAMO RECTO,PLANA ,ASFALTADA,SIN_DATO,SIN_DATO,SIN_DATO,SIN_DATO,IMPRUDENCIA DEL CONDUCTOR,CONDUCIR EN ESTADO DE EBRIEDAD Y/O DROGADICCIÓN,2023,10,0,0,19,NOCHE,COSTA,1,3,GRAVE_LESIONADOS,0,1
DESPISTE,1,0,1,PUNO,AZANGARO,SAN ANTON,RURAL,CARRETERA,NACIONAL,PE-34B,-14.539008229102206,-70.28918346384991,DESPEJADO,RURAL,TRAMO RECTO,PLANA ,ASFALTADA,SIN_DATO,SIN_DATO,SIN_DATO,SIN_DATO,INFRAESTRUCTURA Y ENTORNO VIAL,OTRO (INFRAESTRUCTURA Y ENTORNO VIAL),2023,10,0,0,23,NOCHE,SIERRA,1,0,LEVE,0,0
CHOQUE,1,0,2,PUNO,SAN ROMAN,CARACOTO,RURAL,CARRETERA,NACIONAL,PE-3S,-15.545217,-70.110825,DESPEJADO,INDUSTRIAL,TRAMO RECTO,PLANA ,ASFALTADA,SIN_DATO,SIN_DATO,SIN_DATO,SIN_DATO,IMPRUDENCIA DEL CONDUCTOR,EXCESO DE VELOCIDAD,2023,10,1,0,8,MAÑANA,SIERRA,1,0,LEVE,0,0
DESPISTE,1,0,1,PUNO,EL COLLAO,SANTA ROSA,RURAL,CARRETERA,NACIONAL,PE-36A,-16.801885124618327,-70.03709084660409,DESPEJADO,RURAL,CURVA,INCLINADA,ASFALTADA,SIN_DATO,SIN_DATO,SIN_DATO,SIN_DATO,IMPRUDENCIA DEL CONDUCTOR,OTRO (IMPRUDENCIA DEL CONDUCTOR),2023,10,1,0,9,MAÑANA,SIERRA,1,0,LEVE,0,0
DESPISTE,1,1,1,PUNO,SAN ANTONIO DE PUTINA,PUTINA,RURAL,CARRETERA,NACIONAL,PE-34H,-14.937619,-69.867581,DESPEJADO,RURAL,TRAMO RECTO,PLANA ,ASFALTADA,SIN_DATO,SIN_DATO,SIN_DATO,SIN_DATO,IMPRUDENCIA DEL CONDUCTOR,EXCESO DE VELOCIDAD,2023,10,1,0,20,NOCHE,SIERRA,1,1,LEVE,0,0
CHOQUE,2,1,2,LA LIBERTAD,PACASMAYO,SAN JOSE,RURAL,CARRETERA,NACIONAL,PE-1N,-7.3389259,-79.5007404,DESPEJADO,RURAL,TRAMO RECTO,PLANA ,ASFALTADA,SIN_DATO,SIN_DATO,SIN_DATO,SIN_DATO,EN PROCESO DE INVESTIGACIÓN,NO CUENTA CON CAUSA ESPECIFICA,2023,10,1,0,23,NOCHE,COSTA,2,1,GRAVE_MORTALIDAD,1,0
ATROPELLO,1,0,1,LIMA,LIMA,LOS OLIVOS,URBANA,AVENIDA,URBANO,NO CORRESPONDE,-11.96297688,-77.0632051,DESPEJADO,RESIDENCIAL,TRAMO RECTO,PLANA ,ASFALTADA,SIN_DATO,SIN_DATO,SIN_DATO,SIN_DATO,EN PROCESO DE INVESTIGACIÓN,NO CUENTA CON CAUSA ESPECIFICA,2023,11,2,0,5,MADRUGADA,COSTA,1,0,LEVE,0,0
CHOQUE,1,0,2,AMAZONAS,UTCUBAMBA,BAGUA GRANDE,RURAL,CARRETERA,NACIONAL,PE-5N,-5.723041,-78.477425,DESPEJADO,RURAL,TRAMO RECTO,PLANA ,ASFALTADA,NO,SIN_DATO,SIN_DATO,SI,EN PROCESO DE INVESTIGACIÓN,NO CUENTA CON CAUSA ESPECIFICA,2023,11,2,0,7,MAÑANA,SELVA,1,0,LEVE,0,0
DESPISTE,1,0,1,JUNIN,CONCEPCION,SAN JOSE DE QUERO,RURAL,CARRETERA,NACIONAL,PE-24,-12.094406,-75.546458,DESPEJADO,RURAL,SINUOSA,PLANA ,ASFALTADA,SI,PREVENTIVA (P),SIN_DATO,SI,IMPRUDENCIA DEL CONDUCTOR,OTRO (IMPRUDENCIA DEL CONDUCTOR),2023,11,2,0,14,TARDE,SIERRA,1,0,LEVE,0,0
DESPISTE,1,0,1,PUNO,MELGAR,UMACHIRI,RURAL,CARRETERA,NACIONAL,PE-3SG,-14.869368897990238,-70.67279845512074,DESPEJADO,RURAL,TRAMO RECTO,PLANA ,ASFALTADA,SIN_DATO,SIN_DATO,SIN_DATO,SIN_DATO,IMPRUDENCIA DEL CONDUCTOR,OTRO (IMPRUDENCIA DEL CONDUCTOR),2023,11,2,0,16,TARDE,SIERRA,1,0,LEVE,0,0
ATROPELLO,1,0,1,PUNO,CHUCUITO,ZEPITA,RURAL,CARRETERA,SIN CLASIFICAR,SIN CLASIFICAR,-16.414853,-69.088975,DESPEJADO,RURAL,TRAMO RECTO,PLANA ,ASFALTADA,SIN_DATO,SIN_DATO,SIN_DATO,SIN_DATO,IMPRUDENCIA DEL CONDUCTOR,NO ENCENDER LAS LUCES,2023,11,2,0,17,TARDE,SIERRA,1,0,LEVE,0,0
CHOQUE,3,3,2,PUNO,PUNO,PAUCARCOLLA,RURAL,CARRETERA,SIN CLASIFICAR,SIN CLASIFICAR,-15.787059627319664,-70.03850691114089,DESPEJADO,RURAL,CURVA,PLANA ,ASFALTADA,SIN_DATO,SIN_DATO,SIN_DATO,SIN_DATO,IMPRUDENCIA DEL CONDUCTOR,CONDUCIR EN ESTADO DE EBRIEDAD Y/O DROGADICCIÓN,2023,11,2,0,18,NOCHE,SIERRA,3,3,GRAVE_MORTALIDAD,1,1
ESPECIAL,1,0,1,LIMA,LIMA,CHORRILLOS,URBANA,VIA EXPRESA,URBANO,NO CORRESPONDE,-12.16949027,-77.03635813,DESPEJADO,RURAL,CURVA,INCLINADA,ASFALTADA,SI,PREVENTIVA (P),SIN_DATO,SI,EN PROCESO DE INVESTIGACIÓN,NO CUENTA CON CAUSA ESPECIFICA,2023,11,2,0,19,NOCHE,COSTA,1,0,LEVE,0,0
ATROPELLO,1,0,1,LIMA,LIMA,SAN MARTIN DE PORRES,URBANA,AVENIDA,URBANO,NO CORRESPONDE,-12.03225906,-77.06423077,DESPEJADO,COMERCIAL,TRAMO RECTO,PLANA ,ASFALTADA,SIN_DATO,SIN_DATO,SIN_DATO,SIN_DATO,EN PROCESO DE INVESTIGACIÓN,NO CUENTA CON CAUSA ESPECIFICA,2023,11,3,0,4,MADRUGADA,COSTA,1,0,LEVE,0,0
ATROPELLO,1,0,1,LIMA,LIMA,SAN JUAN DE LURIGANCHO,URBANA,AVENIDA,URBANO,NO CORRESPONDE,-12.02576411,-77.01010623,DESPEJADO,COMERCIAL,CURVA,PLANA ,ASFALTADA,SIN_DATO,SIN_DATO,SIN_DATO,SIN_DATO,EN PROCESO DE INVESTIGACIÓN,NO CUENTA CON CAUSA ESPECIFICA,2023,11,3,0,5,MADRUGADA,COSTA,1,0,LEVE,0,0
ATROPELLO FUGA,1,0,1,LIMA,LIMA,SAN BARTOLO,URBANA,CARRETERA,NACIONAL,PE-1S,-12.381164,-76.774431,DESPEJADO,RURAL,TRAMO RECTO,PLANA ,ASFALTADA,SIN_DATO,SIN_DATO,SIN_DATO,SIN_DATO,EN PROCESO DE INVESTIGACIÓN,NO CUENTA CON CAUSA ESPECIFICA,2023,11,3,0,11,MAÑANA,COSTA,1,0,LEVE,0,0
DESPISTE,1,0,1,PUNO,AZANGARO,SANTIAGO DE PUPUJA,RURAL,CARRETERA,NACIONAL,PE-34B,-15.0007276,-70.1823811,DESPEJADO,RURAL,TRAMO RECTO,PLANA ,ASFALTADA,SIN_DATO,SIN_DATO,SIN_DATO,SIN_DATO,IMPRUDENCIA DEL CONDUCTOR,EXCESO DE VELOCIDAD,2023,11,3,0,11,MAÑANA,SIERRA,1,0,LEVE,0,0
ATROPELLO,1,0,1,APURIMAC,ANDAHUAYLAS,SAN JERONIMO,URBANA,JIRÓN,URBANO,NO CORRESPONDE,-13.649608,-73.363528,SOLEADO,RESIDENCIAL,OTRO,PLANA ,ASFALTADA,SIN_DATO,SIN_DATO,SIN_DATO,SIN_DATO,IMPRUDENCIA DEL PEATÓN,CRUCE INDEBIDO POR LA CALZADA,2023,11,3,0,12,TARDE,SIERRA,1,0,LEVE,0,0
DESPISTE,1,2,1,APURIMAC,ANDAHUAYLAS,PACUCHA,RURAL,CARRETERA,PROVINCIAL,AP-576,-13.569,-73.289505,DESPEJADO,RURAL,CURVA,INCLINADA,AFIRMADO,SIN_DATO,SIN_DATO,SIN_DATO,SIN_DATO,EN PROCESO DE INVESTIGACIÓN,NO CUENTA CON CAUSA ESPECIFICA,2023,11,3,0,14,TARDE,SIERRA,1,2,LEVE,0,0
DESPISTE,1,3,1,CAJAMARCA,HUALGAYOC,BAMBAMARCA,RURAL,CARRETERA,SIN CLASIFICAR,SIN CLASIFICAR,-6.686448,-78.454184,LLUVIOSO,RURAL,TRAMO RECTO,INCLINADA,AFIRMADO,SIN_DATO,SIN_DATO,SIN_DATO,SIN_DATO,IMPRUDENCIA DEL CONDUCTOR,OTRO (IMPRUDENCIA DEL CONDUCTOR),2023,11,3,0,15,TARDE,SIERRA,1,3,GRAVE_LESIONADOS,0,1
DESPISTE,1,0,1,CAJAMARCA,SAN IGNACIO,CHIRINOS,RURAL,CARRETERA,PROVINCIAL,CA-549,-5.221688,-78.933737,LLUVIOSO,RURAL,CURVA,PLANA ,AFIRMADO,SIN_DATO,SIN_DATO,SIN_DATO,SIN_DATO,IMPRUDENCIA DEL CONDUCTOR,OTRO (IMPRUDENCIA DEL CONDUCTOR),2023,11,3,0,16,TARDE,SIERRA,1,0,LEVE,0,0
CHOQUE,1,0,1,LIMA,LIMA,SAN JUAN DE LURIGANCHO,URBANA,AVENIDA,URBANO,NO CORRESPONDE,-12.01796391,-77.00180065,DESPEJADO,COMERCIAL,TRAMO RECTO,PLANA ,ASFALTADA,SIN_DATO,SIN_DATO,SIN_DATO,SIN_DATO,EN PROCESO DE INVESTIGACIÓN,NO CUENTA CON CAUSA ESPECIFICA,2023,11,3,0,17,TARDE,COSTA,1,0,LEVE,0,0
ATROPELLO FUGA,1,0,1,JUNIN,CONCEPCION,CHAMBARA,RURAL,CARRETERA,NACIONAL,PE-24,-12.026391,-75.411418,DESPEJADO,RURAL,TRAMO RECTO,PLANA ,ASFALTADA,SI,PREVENTIVA (P),SIN_DATO,SI,IMPRUDENCIA DEL CONDUCTOR,OTRO (IMPRUDENCIA DEL CONDUCTOR),2023,11,3,0,19,NOCHE,SIERRA,1,0,LEVE,0,0
ATROPELLO,1,0,1,LIMA,LIMA,ATE,URBANA,CARRETERA,NACIONAL,PE-22,-12.009693,-76.868245,DESPEJADO,INDUSTRIAL,TRAMO RECTO,PLANA ,ASFALTADA,SI,PREVENTIVA (P),PREVENTIVA (P),SI,EN PROCESO DE INVESTIGACIÓN,NO CUENTA CON CAUSA ESPECIFICA,2023,11,3,0,19,NOCHE,COSTA,1,0,LEVE,0,0
CHOQUE,1,1,1,PIURA,PIURA,CASTILLA,RURAL,CARRETERA,DEPARTAMENTAL,PI-126,-4.982013,-80.56318,DESPEJADO,RURAL,TRAMO RECTO,PLANA ,ASFALTADA,SIN_DATO,SIN_DATO,SIN_DATO,SIN_DATO,EN PROCESO DE INVESTIGACIÓN,NO CUENTA CON CAUSA ESPECIFICA,2023,11,3,0,23,NOCHE,COSTA,1,1,LEVE,0,0
CHOQUE CON OBJETO FIJO,1,1,1,CUSCO,LA CONVENCION,SANTA ANA,RURAL,CARRETERA,NACIONAL,PE-28B,-12.943439,-72.67007,NUBLADO,RURAL,SINUOSA,PLANA ,ASFALTADA,SI,PREVENTIVA (P),SIN_DATO,SI,IMPRUDENCIA DEL CONDUCTOR,CONDUCIR EN ESTADO DE EBRIEDAD Y/O DROGADICCIÓN,2023,11,4,0,0,MADRUGADA,SIERRA,1,1,LEVE,0,0
ATROPELLO,1,0,1,LIMA,LIMA,RIMAC,URBANA,CARRETERA,NACIONAL,PE-1N,-12.04125586,-77.03303703,DESPEJADO,COMERCIAL,TRAMO RECTO,PLANA ,ASFALTADA,SI,INFORMATIVA (I),SIN_DATO,SI,EN PROCESO DE INVESTIGACIÓN,NO CUENTA CON CAUSA ESPECIFICA,2023,11,4,0,3,MADRUGADA,COSTA,1,0,LEVE,0,0
CHOQUE,1,4,2,JUNIN,HUANCAYO,SAN AGUSTIN,RURAL,CARRETERA,NACIONAL,PE-3S,-12.00325,-75.250725,DESPEJADO,RURAL,TRAMO RECTO,PLANA ,ASFALTADA,NO,SIN_DATO,SIN_DATO,SI,IMPRUDENCIA DEL CONDUCTOR,OTRO (IMPRUDENCIA DEL CONDUCTOR),2023,11,4,0,20,NOCHE,SIERRA,1,4,GRAVE_LESIONADOS,0,1
CHOQUE,1,1,2,ICA,ICA,ICA,URBANA,CARRETERA,NACIONAL,PE-1S,-14.090215,-75.71941,DESPEJADO,COMERCIAL,TRAMO RECTO,PLANA ,ASFALTADA,SI,PREVENTIVA (P),INFORMATIVA (I),NO,EN PROCESO DE INVESTIGACIÓN,NO CUENTA CON CAUSA ESPECIFICA,2023,11,5,1,2,MADRUGADA,COSTA,1,1,LEVE,0,0
DESPISTE,1,5,1,JUNIN,YAULI,LA OROYA,RURAL,CARRETERA,NACIONAL,PE-3S,-11.586712004795071,-75.84584888500075,LLUVIOSO,RURAL,TRAMO RECTO,PLANA ,ASFALTADA,SI,PREVENTIVA (P),SIN_DATO,SI,IMPRUDENCIA DEL CONDUCTOR,OTRO (IMPRUDENCIA DEL CONDUCTOR),2023,11,5,1,5,MADRUGADA,SIERRA,1,5,GRAVE_LESIONADOS,0,1
DESPISTE,1,4,1,LA LIBERTAD,PATAZ,PATAZ,RURAL,CARRETERA,PROVINCIAL,LI-860,-7.758597200141111,-77.56816824320808,DESPEJADO,RURAL,TRAMO RECTO,PLANA ,TROCHA,SIN_DATO,SIN_DATO,SIN_DATO,SIN_DATO,EN PROCESO DE INVESTIGACIÓN,NO CUENTA CON CAUSA ESPECIFICA,2023,11,5,1,9,MAÑANA,COSTA,1,4,GRAVE_LESIONADOS,0,1
CHOQUE,1,1,2,CAJAMARCA,CELENDIN,CELENDIN,RURAL,CARRETERA,NACIONAL,PE-08B,-6.89177922795808,-78.1167969906998,DESPEJADO,RESIDENCIAL,CURVA,INCLINADA,ASFALTADA,SIN_DATO,SIN_DATO,SIN_DATO,SIN_DATO,IMPRUDENCIA DEL CONDUCTOR,EXCESO DE VELOCIDAD,2023,11,5,1,12,TARDE,SIERRA,1,1,LEVE,0,0
CHOQUE,1,0,1,PIURA,PIURA,CASTILLA,URBANA,AVENIDA,URBANO,NO CORRESPONDE,-5.183442,-80.61185,DESPEJADO,RURAL,TRAMO RECTO,PLANA ,ASFALTADA,SIN_DATO,SIN_DATO,SIN_DATO,SIN_DATO,EN PROCESO DE INVESTIGACIÓN,NO CUENTA CON CAUSA ESPECIFICA,2023,11,5,1,18,NOCHE,COSTA,1,0,LEVE,0,0
DESPISTE,1,0,1,CUSCO,CHUMBIVILCAS,COLQUEMARCA,RURAL,CARRETERA,PROVINCIAL,CU-1536,-14.174067,-72.005272,DESPEJADO,RURAL,CURVA,INCLINADA,TROCHA,SIN_DATO,SIN_DATO,SIN_DATO,SIN_DATO,IMPRUDENCIA DEL CONDUCTOR,EXCESO DE VELOCIDAD,2023,11,5,1,19,NOCHE,SIERRA,1,0,LEVE,0,0