CLASE SINIESTRO,CANTIDAD DE FALLECIDOS,CANTIDAD DE LESIONADOS,CANTIDAD DE VEHICULOS DAÑADOS,DEPARTAMENTO,PROVINCIA,DISTRITO,ZONA,TIPO DE VÍA,RED VIAL,COD CARRETERA,COORDENADAS LATITUD,COORDENADAS  LONGITUD,CONDICIÓN CLIMÁTICA,ZONIFICACIÓN,CARACTERÍSTICAS DE VÍA,PERFIL LONGITUDINAL VÍA,SUPERFICIE DE CALZADA,¿EXISTE SEÑAL VERTICAL?,CLASIFICACIÓN DE LA SEÑAL VERTICAL Nº 1,CLASIFICACIÓN DE LA SEÑAL VERTICAL Nº 2,¿EXISTE SEÑAL HORIZONTAL?,CAUSA FACTOR PRINCIPAL,CAUSA ESPECÍFICA,AÑO,MES,DIA_SEMANA,ES_FIN_SEMANA,HORA_NUM,FRANJA_HORARIA,REGION_NATURAL,FALLECIDOS,LESIONADOS,CATEGORIA_SEVERIDAD,MORTALIDAD_MULTIPLE,LESION_MULTIPLE
ATROPELLO FUGA,1,0,1,LA LIBERTAD,TRUJILLO,TRUJILLO,URBANA,AVENIDA,URBANO,NO CORRESPONDE,-8.0991959525,-79.0372378845,DESPEJADO,COMERCIAL,TRAMO RECTO,PLANA ,ASFALTADA,SIN_DATO,SIN_DATO,SIN_DATO,SIN_DATO,EN PROCESO DE INVESTIGACIÓN,NO CUENTA CON CAUSA ESPECIFICA,2024,7,4,0,22,NOCHE,COSTA,1,0,LEVE,0,0
DESPISTE,2,1,1,AREQUIPA,AREQUIPA,LA JOYA,RURAL,CARRETERA,PROVINCIAL,AR-799,-16.694413,-71.880678,SIN_DATO,SIN_DATO,SIN_DATO,SIN_DATO,SIN_DATO,SIN_DATO,SIN_DATO,SIN_DATO,SIN_DATO,EN PROCESO DE INVESTIGACIÓN,NO CUENTA CON CAUSA ESPECIFICA,2024,7,5,1,1,MADRUGADA,COSTA,2,1,GRAVE_MORTALIDAD,1,0
ATROPELLO,1,0,1,LIMA,LIMA,SAN MARTIN DE PORRES,URBANA,AVENIDA,URBANO,NO CORRESPONDE,-12.032205730789377,-77.04969488578361,DESPEJADO,RESIDENCIAL,TRAMO RECTO,PLANA ,ASFALTADA,SIN_DATO,SIN_DATO,SIN_DATO,SIN_DATO,EN PROCESO DE INVESTIGACIÓN,NO CUENTA CON CAUSA ESPECIFICA,2024,7,5,1,6,MAÑANA,COSTA,1,0,LEVE,0,0
CHOQUE,1,5,2,AMAZONAS,CHACHAPOYAS,HUANCAS,RURAL,CARRETERA,NACIONAL,PE-08C,-6.157213,-77.90571,DESPEJADO,RURAL,TRAMO RECTO,PLANA ,ASFALTADA,SIN_DATO,SIN_DATO,SIN_DATO,SIN_DATO,EN PROCESO DE INVESTIGACIÓN,NO CUENTA CON CAUSA ESPECIFICA,2024,7,5,1,14,TARDE,SELVA,1,5,GRAVE_LESIONADOS,0,1
ATROPELLO,1,0,1,LIMA,HUAURA,HUAURA,RURAL,AVENIDA,URBANO,NO CORRESPONDE,-11.02985,-77.57271,DESPEJADO,RURAL,TRAMO RECTO,PLANA ,TROCHA,SIN_DATO,SIN_DATO,SIN_DATO,SIN_DATO,IMPRUDENCIA DEL PEATÓN,OTRO (IMPRUDENCIA DEL PEATÓN),2024,7,5,1,15,TARDE,COSTA,1,0,LEVE,0,0
ATROPELLO,1,0,1,LIMA,LIMA,VILLA EL SALVADOR,URBANA,AVENIDA,URBANO,NO CORRESPONDE,-12.22142759481516,-76.92059987261845,DESPEJADO,RESIDENCIAL,TRAMO RECTO,INCLINADA,ASFALTADA,SI,PREVENTIVA (P),SIN_DATO,NO,EN PROCESO DE INVESTIGACIÓN,NO CUENTA CON CAUSA ESPECIFICA,2024,7,5,1,16,TARDE,COSTA,1,0,LEVE,0,0
ATROPELLO,1,0,1,SAN MARTIN,RIOJA,NUEVA CAJAMARCA,URBANA,CARRETERA,NACIONAL,PE-5N,-5.94305,-77.30642,DESPEJADO,COMERCIAL,INTERSECCIÓN,PLANA ,ASFALTADA,SIN_DATO,SIN_DATO,SIN_DATO,SIN_DATO,EN PROCESO DE INVESTIGACIÓN,NO CUENTA CON CAUSA ESPECIFICA,2024,7,5,1,19,NOCHE,SELVA,1,0,LEVE,0,0
CHOQUE,1,1,1,LIMA,LIMA,CHORRILLOS,URBANA,CARRETERA,NACIONAL,PE-1S,-12.214798929916476,-76.97656200215687,DESPEJADO,COMERCIAL,TRAMO RECTO,PLANA ,ASFALTADA,SIN_DATO,SIN_DATO,SIN_DATO,SIN_DATO,EN PROCESO DE INVESTIGACIÓN,NO CUENTA CON CAUSA ESPECIFICA,2024,7,6,1,3,MADRUGADA,COSTA,1,1,LEVE,0,0
ATROPELLO FUGA,1,0,1,LIMA,LIMA,SAN JUAN DE LURIGANCHO,URBANA,AVENIDA,URBANO,NO CORRESPONDE,-12.005755739542066,-77.00630354453264,DESPEJADO,COMERCIAL,TRAMO RECTO,PLANA ,ASFALTADA,SIN_DATO,SIN_DATO,SIN_DATO,SIN_DATO,EN PROCESO DE INVESTIGACIÓN,NO CUENTA CON CAUSA ESPECIFICA,2024,7,6,1,7,MAÑANA,COSTA,1,0,LEVE,0,0
CHOQUE,1,0,1,LIMA,LIMA,LA MOLINA,URBANA,CARRETERA,NACIONAL,PE-1S,-12.076388111888583,-76.97514534170547,DESPEJADO,COMERCIAL,TRAMO RECTO,PLANA ,ASFALTADA,SI,PREVENTIVA (P),SIN_DATO,NO,EN PROCESO DE INVESTIGACIÓN,NO CUENTA CON CAUSA ESPECIFICA,2024,7,6,1,22,NOCHE,COSTA,1,0,LEVE,0,0
ATROPELLO FUGA,1,0,1,LA LIBERTAD,TRUJILLO,EL PORVENIR,URBANA,AVENIDA,URBANO,NO CORRESPONDE,-8.0671769,-78.996023504,DESPEJADO,COMERCIAL,TRAMO RECTO,PLANA ,ASFALTADA,SIN_DATO,SIN_DATO,SIN_DATO,SIN_DATO,EN PROCESO DE INVESTIGACIÓN,NO CUENTA CON CAUSA ESPECIFICA,2024,7,0,0,4,MADRUGADA,COSTA,1,0,LEVE,0,0
ATROPELLO,1,1,1,AREQUIPA,AREQUIPA,VITOR,URBANA,CALLE,URBANO,NO CORRESPONDE,-16.527022,-71.917742,SIN_DATO,SIN_DATO,SIN_DATO,SIN_DATO,SIN_DATO,SIN_DATO,SIN_DATO,SIN_DATO,SIN_DATO,EN PROCESO DE INVESTIGACIÓN,NO CUENTA CON CAUSA ESPECIFICA,2024,7,0,0,6,MAÑANA,COSTA,1,1,LEVE,0,0
CHOQUE,1,2,1,LIMA,LIMA,SAN MARTIN DE PORRES,URBANA,AVENIDA,URBANO,NO CORRESPONDE,-12.031195934975363,-77.08246990440594,DESPEJADO,COMERCIAL,TRAMO RECTO,PLANA ,ASFALTADA,SIN_DATO,SIN_DATO,SIN_DATO,SIN_DATO,EN PROCESO DE INVESTIGACIÓN,NO CUENTA CON CAUSA ESPECIFICA,2024,7,0,0,6,MAÑANA,COSTA,1,2,LEVE,0,0
CHOQUE,1,0,1,LIMA,LIMA,PUNTA HERMOSA,URBANA,CARRETERA,NACIONAL,PE-1S,-12.30868259331959,-76.83637699156124,DESPEJADO,INDUSTRIAL,TRAMO RECTO,PLANA ,ASFALTADA,SI,INFORMATIVA (I),SIN_DATO,NO,EN PROCESO DE INVESTIGACIÓN,NO CUENTA CON CAUSA ESPECIFICA,2024,7,0,0,12,TARDE,COSTA,1,0,LEVE,0,0
ATROPELLO,1,0,1,CUSCO,CANCHIS,MARANGANI,RURAL,CARRETERA,NACIONAL,PE-3S,-14.412777,-71.11768,DESPEJADO,RURAL,TRAMO RECTO,PLANA ,ASFALTADA,SIN_DATO,SIN_DATO,SIN_DATO,SIN_DATO,IMPRUDENCIA DEL PEATÓN,CRUCE INDEBIDO POR LA CALZADA,2024,7,1,0,6,MAÑANA,SIERRA,1,0,LEVE,0,0
DESPISTE,1,0,2,LA LIBERTAD,TRUJILLO,HUANCHACO,RURAL,CARRETERA,NACIONAL,PE-1N,-8.0718795427,-79.0924021211,DESPEJADO,RURAL,TRAMO RECTO,PLANA ,ASFALTADA,SIN_DATO,SIN_DATO,SIN_DATO,SIN_DATO,EN PROCESO DE INVESTIGACIÓN,NO CUENTA CON CAUSA ESPECIFICA,2024,7,1,0,19,NOCHE,COSTA,1,0,LEVE,0,0
ATROPELLO,1,0,1,LIMA,LIMA,EL AGUSTINO,URBANA,AVENIDA,URBANO,NO CORRESPONDE,-12.034956467799615,-77.00384329649837,DESPEJADO,COMERCIAL,TRAMO RECTO,PLANA ,ASFALTADA,SIN_DATO,SIN_DATO,SIN_DATO,SIN_DATO,EN PROCESO DE INVESTIGACIÓN,NO CUENTA CON CAUSA ESPECIFICA,2024,7,2,0,1,MADRUGADA,COSTA,1,0,LEVE,0,0
CHOQUE,1,0,1,LIMA,LIMA,PUEBLO LIBRE,URBANA,AVENIDA,URBANO,NO CORRESPONDE,-12.078733495366762,-77.06605431945458,DESPEJADO,RESIDENCIAL,TRAMO RECTO,PLANA ,ASFALTADA,SIN_DATO,SIN_DATO,SIN_DATO,SIN_DATO,EN PROCESO DE INVESTIGACIÓN,NO CUENTA CON CAUSA ESPECIFICA,2024,7,2,0,13,TARDE,COSTA,1,0,LEVE,0,0
DESPISTE,2,5,1,LIMA,HUAURA,CHECRAS,RURAL,CARRETERA,DEPARTAMENTAL,LM-107,-10.8723,-76.8519,DESPEJADO,RURAL,TRAMO RECTO,INCLINADA,AFIRMADO,SIN_DATO,SIN_DATO,SIN_DATO,SIN_DATO,IMPRUDENCIA DEL CONDUCTOR,FATIGA Y/O CANSANCIO,2024,7,2,0,17,TARDE,COSTA,2,5,GRAVE_MORTALIDAD,1,1
CHOQUE,1,1,1,LIMA,LIMA,EL AGUSTINO,URBANA,CARRETERA,NACIONAL,PE-1N,-12.031614062573912,-77.00445777153111,DESPEJADO,COMERCIAL,TRAMO RECTO,PLANA ,ASFALTADA,SIN_DATO,SIN_DATO,SIN_DATO,SIN_DATO,EN PROCESO DE INVESTIGACIÓN,NO CUENTA CON CAUSA ESPECIFICA,2024,7,3,0,6,MAÑANA,COSTA,1,1,LEVE,0,0
CHOQUE,1,0,1,AREQUIPA,AREQUIPA,VITOR,RURAL,CARRETERA,PROVINCIAL,AR-727,-16.413098,-71.911865,SIN_DATO,SIN_DATO,SIN_DATO,SIN_DATO,SIN_DATO,SIN_DATO,SIN_DATO,SIN_DATO,SIN_DATO,EN PROCESO DE INVESTIGACIÓN,NO CUENTA CON CAUSA ESPECIFICA,2024,7,3,0,6,MAÑANA,COSTA,1,0,LEVE,0,0
DESPISTE,1,4,1,AYACUCHO,LUCANAS,PUQUIO,RURAL,CARRETERA,NACIONAL,PE-34A,-14.63538,-74.03487,DESPEJADO,RURAL,CURVA,PLANA ,ASFALTADA,SIN_DATO,SIN_DATO,SIN_DATO,SIN_DATO,IMPRUDENCIA DEL CONDUCTOR,FATIGA Y/O CANSANCIO,2024,7,3,0,9,MAÑANA,SIERRA,1,4,GRAVE_LESIONADOS,0,1
ATROPELLO FUGA,1,0,1,LIMA,LIMA,SAN JUAN DE LURIGANCHO,URBANA,AVENIDA,URBANO,NO CORRESPONDE,-11.961057106789832,-76.98830056571667,DESPEJADO,COMERCIAL,INTERSECCIÓN,PLANA ,ASFALTADA,SIN_DATO,SIN_DATO,SIN_DATO,SIN_DATO,EN PROCESO DE INVESTIGACIÓN,NO CUENTA CON CAUSA ESPECIFICA,2024,7,3,0,12,TARDE,COSTA,1,0,LEVE,0,0
ATROPELLO,1,0,1,CUSCO,QUISPICANCHI,OCONGATE,RURAL,CARRETERA,NACIONAL,PE-30C,-13.661707,-71.433908,DESPEJADO,RURAL,TRAMO RECTO,PLANA ,ASFALTADA,SI,PREVENTIVA (P),SIN_DATO,NO,IMPRUDENCIA DEL PEATÓN,ESTADO DE EBRIEDAD Y/O DROGADICCIÓN,2024,7,3,0,19,NOCHE,SIERRA,1,0,LEVE,0,0
ATROPELLO FUGA,1,0,1,PUNO,EL COLLAO,ILAVE,RURAL,CARRETERA,NACIONAL,PE-3S,-16.172154,-69.536041,DESPEJADO,RURAL,TRAMO RECTO,PLANA ,ASFALTADA,SIN_DATO,SIN_DATO,SIN_DATO,SIN_DATO,EN PROCESO DE INVESTIGACIÓN,NO CUENTA CON CAUSA ESPECIFICA,2024,7,3,0,20,NOCHE,SIERRA,1,0,LEVE,0,0
CHOQUE,1,31,1,LIMA,LIMA,MAGDALENA DEL MAR,URBANA,AVENIDA,URBANO,NO CORRESPONDE,-12.089714879498835,-77.06591347309129,DESPEJADO,COMERCIAL,INTERSECCIÓN,PLANA ,ASFALTADA,SIN_DATO,SIN_DATO,SIN_DATO,SIN_DATO,EN PROCESO DE INVESTIGACIÓN,NO CUENTA CON CAUSA ESPECIFICA,2024,7,4,0,13,TARDE,COSTA,1,31,GRAVE_LESIONADOS,0,1
VOLCADURA,1,0,1,PASCO,PASCO,HUAYLLAY,RURAL,CARRETERA,NACIONAL,PE-20A,-11.034331900242442,-76.38868989112866,NUBLADO,RURAL,TRAMO RECTO,PLANA ,ASFALTADA,SIN_DATO,SIN_DATO,SIN_DATO,SIN_DATO,IMPRUDENCIA DEL CONDUCTOR,EXCESO DE VELOCIDAD,2024,7,5,1,3,MADRUGADA,SIERRA,1,0,LEVE,0,0
CHOQUE FUGA,1,0,2,SAN MARTIN,MOYOBAMBA,MOYOBAMBA,URBANA,JIRÓN,URBANO,NO CORRESPONDE,-6.034733,-76.972679,DESPEJADO,COMERCIAL,INTERSECCIÓN,PLANA ,ASFALTADA,SIN_DATO,SIN_DATO,SIN_DATO,SIN_DATO,EN PROCESO DE INVESTIGACIÓN,NO CUENTA CON CAUSA ESPECIFICA,2024,7,5,1,4,MADRUGADA,SELVA,1,0,LEVE,0,0
DESPISTE,1,0,1,LIMA,LIMA,CARABAYLLO,URBANA,AVENIDA,URBANO,NO CORRESPONDE,-11.89333149607932,-77.02887954798464,DESPEJADO,COMERCIAL,INTERSECCIÓN,INCLINADA,ASFALTADA,SIN_DATO,SIN_DATO,SIN_DATO,SIN_DATO,EN PROCESO DE INVESTIGACIÓN,NO CUENTA CON CAUSA ESPECIFICA,2024,7,5,1,5,MADRUGADA,COSTA,1,0,LEVE,0,0
CHOQUE,1,0,2,CAJAMARCA,CUTERVO,SANTO TOMAS,RURAL,CARRETERA,SIN CLASIFICAR,SIN CLASIFICAR,-6.077177,-78.657946,DESPEJADO,RURAL,TRAMO RECTO,INCLINADA,AFIRMADO,SIN_DATO,SIN_DATO,SIN_DATO,SIN_DATO,IMPRUDENCIA DEL CONDUCTOR,EXCESO DE VELOCIDAD,2024,7,5,1,16,TARDE,SIERRA,1,0,LEVE,0,0
CHOQUE,1,1,2,CAJAMARCA,CONTUMAZA,YONAN,RURAL,CARRETERA,NACIONAL,PE-08,-7.270612,-79.260921,DESPEJADO,RURAL,TRAMO RECTO,INCLINADA,ASFALTADA,SIN_DATO,SIN_DATO,SIN_DATO,SIN_DATO,IMPRUDENCIA DEL CONDUCTOR,CONDUCIR EN ESTADO DE EBRIEDAD Y/O DROGADICCIÓN,2024,7,5,1,16,TARDE,SIERRA,1,1,LEVE,0,0
CHOQUE,1,0,2,LA LIBERTAD,PACASMAYO,GUADALUPE,RURAL,CARRETERA,NACIONAL,PE-1N,-7.324845210468321,-79.48085360646502,DESPEJADO,RURAL,TRAMO RECTO,PLANA ,ASFALTADA,SIN_DATO,SIN_DATO,SIN_DATO,SIN_DATO,EN PROCESO DE INVESTIGACIÓN,NO CUENTA CON CAUSA ESPECIFICA,2024,7,5,1,23,NOCHE,COSTA,1,0,LEVE,0,0
DESPISTE,1,1,1,CUSCO,ANTA,CHINCHAYPUJIO,RURAL,CARRETERA,NACIONAL,PE-3SF,-13.656946,-72.287216,DESPEJADO,RURAL,CURVA,INCLINADA,ASFALTADA,SI,PREVENTIVA (P),INFORMATIVA (I),NO,IMPRUDENCIA DEL PEATÓN,CRUCE INDEBIDO POR LA CALZADA,2024,7,6,1,4,MADRUGADA,SIERRA,1,1,LEVE,0,0
ATROPELLO FUGA,1,0,1,LIMA,LIMA,LURIN,URBANA,CARRETERA,NACIONAL,PE-1S,-12.275511608670827,-76.89096800507835,DESPEJADO,INDUSTRIAL,TRAMO RECTO,PLANA ,ASFALTADA,SIN_DATO,SIN_DATO,SIN_DATO,SIN_DATO,EN PROCESO DE INVESTIGACIÓN,NO CUENTA CON CAUSA ESPECIFICA,2024,7,6,1,7,MAÑANA,COSTA,1,0,LEVE,0,0
CHOQUE,1,1,2,CAJAMARCA,JAEN,SANTA ROSA,RURAL,CARRETERA,PROVINCIAL,CA-712,-5.393828,-78.625466,DESPEJADO,RURAL,CURVA,INCLINADA,CASCAJO/RIPIO,SIN_DATO,SIN_DATO,SIN_DATO,SIN_DATO,IMPRUDENCIA DEL CONDUCTOR,EXCESO DE VELOCIDAD,2024,7,6,1,11,MAÑANA,SIERRA,1,1,LEVE,0,0
CHOQUE,3,2,2,CAJAMARCA,SAN MIGUEL,SAN MIGUEL,RURAL,CARRETERA,PROVINCIAL,CA-1212,-6.993696,-78.85229,DESPEJADO,RURAL,CURVA,INCLINADA,CASCAJO/RIPIO,SI,PREVENTIVA (P),SIN_DATO,NO,IMPRUDENCIA DEL CONDUCTOR,EXCESO DE VELOCIDAD,2024,7,6,1,14,TARDE,SIERRA,3,2,GRAVE_MORTALIDAD,1,0
ATROPELLO,1,0,1,LIMA,LIMA,SAN JUAN DE MIRAFLORES,URBANA,CARRETERA,NACIONAL,PE-1S,-12.139991452109522,-76.98092575070824,DESPEJADO,COMERCIAL,TRAMO RECTO,PLANA ,ASFALTADA,SIN_DATO,SIN_DATO,SIN_DATO,SIN_DATO,EN PROCESO DE INVESTIGACIÓN,NO CUENTA CON CAUSA ESPECIFICA,2024,7,6,1,19,NOCHE,COSTA,1,0,LEVE,0,0
CHOQUE,1,0,2,SAN MARTIN,MOYOBAMBA,CALZADA,RURAL,CARRETERA,NACIONAL,PE-5N,-6.044053,-77.143859,DESPEJADO,RURAL,TRAMO RECTO,PLANA ,ASFALTADA,SIN_DATO,SIN_DATO,SIN_DATO,SIN_DATO,IMPRUDENCIA DEL CONDUCTOR,OTRO (IMPRUDENCIA DEL CONDUCTOR),2024,7,6,1,21,NOCHE,SELVA,1,0,LEVE,0,0
CHOQUE,1,0,2,LA LIBERTAD,VIRU,CHAO,RURAL,CARRETERA,NACIONAL,PE-1N,-8.536726169381975,-78.67956931549462,DESPEJADO,RURAL,TRAMO RECTO,PLANA ,ASFALTADA,SIN_DATO,SIN_DATO,SIN_DATO,SIN_DATO,EN PROCESO DE INVESTIGACIÓN,NO CUENTA CON CAUSA ESPECIFICA,2024,7,0,0,2,MADRUGADA,COSTA,1,0,LEVE,0,0
DESPISTE,1,0,1,LA LIBERTAD,PATAZ,PARCOY,RURAL,CARRETERA,PROVINCIAL,LI-894,-7.958367855769947,-77.52431461411932,DESPEJADO,RURAL,TRAMO RECTO,PLANA ,TROCHA,SIN_DATO,SIN_DATO,SIN_DATO,SIN_DATO,IMPRUDENCIA DEL CONDUCTOR,FATIGA Y/O CANSANCIO,2024,7,0,0,3,MADRUGADA,COSTA,1,0,LEVE,0,0
DESPISTE,3,31,1,AYACUCHO,LUCANAS,CHIPAO,RURAL,CARRETERA,NACIONAL,PE-30A,-14.630769,-73.800007,DESPEJADO,RURAL,CURVA,INCLINADA,ASFALTADA,SI,PREVENTIVA (P),REGULADORA (R),NO,IMPRUDENCIA DEL CONDUCTOR,EXCESO DE VELOCIDAD,2024,7,0,0,4,MADRUGADA,SIERRA,3,31,GRAVE_MORTALIDAD,1,1
DESPISTE,1,0,1,LA LIBERTAD,SANCHEZ CARRION,COCHORCO,RURAL,CARRETERA,NACIONAL,PE-10C,-7.820686125098988,-77.68399891266444,DESPEJADO,RURAL,TRAMO RECTO,PLANA ,TROCHA,SIN_DATO,SIN_DATO,SIN_DATO,SIN_DATO,EN PROCESO DE INVESTIGACIÓN,NO CUENTA CON CAUSA ESPECIFICA,2024,7,0,0,6,MAÑANA,COSTA,1,0,LEVE,0,0
ATROPELLO,1,0,1,CUSCO,QUISPICANCHI,OROPESA,URBANA,CARRETERA,NACIONAL,PE-3S,-13.600589,-71.765022,DESPEJADO,COMERCIAL,TRAMO RECTO,PLANA ,ASFALTADA,SIN_DATO,SIN_DATO,SIN_DATO,SIN_DATO,IMPRUDENCIA DEL PEATÓN,CRUCE INDEBIDO POR LA CALZADA,2024,7,0,0,6,MAÑANA,SIERRA,1,0,LEVE,0,0
DESPISTE,1,0,1,CUSCO,CHUMBIVILCAS,QUIÑOTA,RURAL,CARRETERA,NACIONAL,PE-3SG,-14.295348,-72.139363,DESPEJADO,RURAL,TRAMO RECTO,PLANA ,CONCRETO,SIN_DATO,SIN_DATO,SIN_DATO,SIN_DATO,IMPRUDENCIA DEL CONDUCTOR,EXCESO DE VELOCIDAD,2024,7,0,0,11,MAÑANA,SIERRA,1,0,LEVE,0,0
ATROPELLO,1,0,1,ICA,CHINCHA,CHINCHA ALTA,URBANA,CARRETERA,NACIONAL,PE-1S,-13.437039,-76.134847,DESPEJADO,COMERCIAL,TRAMO RECTO,PLANA ,ASFALTADA,SIN_DATO,SIN_DATO,SIN_DATO,SIN_DATO,EN PROCESO DE INVESTIGACIÓN,NO CUENTA CON CAUSA ESPECIFICA,2024,7,1,0,6,MAÑANA,COSTA,1,0,LEVE,0,0
CHOQUE,1,0,1,TUMBES,CONTRALMIRANTE VILLAR,CANOAS DE PUNTA SAL,URBANA,CARRETERA,NACIONAL,PE-1N,-3.9908722811640938,-80.97274667841917,DESPEJADO,RURAL,TRAMO RECTO,PLANA ,ASFALTADA,SIN_DATO,SIN_DATO,SIN_DATO,SIN_DATO,IMPRUDENCIA DEL CONDUCTOR,INVASIÓN DE CARRIL,2024,7,1,0,14,TARDE,COSTA,1,0,LEVE,0,0
CHOQUE,1,0,2,LIMA,HUAURA,HUACHO,RURAL,CARRETERA,NACIONAL,PE-1N,-11.179285010135423,-77.57978438914351,DESPEJADO,RURAL,TRAMO RECTO,INCLINADA,ASFALTADA,SIN_DATO,SIN_DATO,SIN_DATO,SIN_DATO,IMPRUDENCIA DEL CONDUCTOR,OTRO (IMPRUDENCIA DEL CONDUCTOR),2024,7,1,0,17,TARDE,COSTA,1,0,LEVE,0,0
ATROPELLO,1,0,1,LIMA,LIMA,SAN MARTIN DE PORRES,URBANA,AVENIDA,URBANO,NO CORRESPONDE,-12.014150301591329,-77.08711876284981,DESPEJADO,COMERCIAL,TRAMO RECTO,PLANA ,ASFALTADA,SIN_DATO,SIN_DATO,SIN_DATO,SIN_DATO,IMPRUDENCIA DEL PEATÓN,ESTADO DE EBRIEDAD Y/O DROGADICCIÓN,2024,7,1,0,23,NOCHE,COSTA,1,0,LEVE,0,0
DESPISTE,2,0,1,LIMA,OYON,OYON,RURAL,CARRETERA,NACIONAL,PE-16A,-10.65123,-76.77769,DESPEJADO,RURAL,TRAMO RECTO,PLANA ,AFIRMADO,SIN_DATO,SIN_DATO,SIN_DATO,SIN_DATO,EN PROCESO DE INVESTIGACIÓN,NO CUENTA CON CAUSA ESPECIFICA,2024,7,2,0,9,MAÑANA,COSTA,2,0,GRAVE_MORTALIDAD,1,0
CHOQUE,1,2,1,AREQUIPA,CAYLLOMA,SAN ANTONIO DE CHUCA,URBANA,CARRETERA,NACIONAL,PE-34A,-15.86526,-71.130362,DESPEJADO,COMERCIAL,TRAMO RECTO,PLANA ,ASFALTADA,SIN_DATO,SIN_DATO,SIN_DATO,SIN_DATO,EN PROCESO DE INVESTIGACIÓN,NO CUENTA CON CAUSA ESPECIFICA,2024,8,3,0,1,MADRUGADA,COSTA,1,2,LEVE,0,0
DESPISTE,4,16,1,LIMA,LIMA,LURIN,URBANA,CARRETERA,NACIONAL,PE-1S,-12.297117325417394,-76.85578655789531,DESPEJADO,INDUSTRIAL,TRAMO RECTO,PLANA ,ASFALTADA,SIN_DATO,SIN_DATO,SIN_DATO,SIN_DATO,EN PROCESO DE INVESTIGACIÓN,NO CUENTA CON CAUSA ESPECIFICA,2024,8,3,0,6,MAÑANA,COSTA,4,16,GRAVE_MORTALIDAD,1,1
CHOQUE,1,4,1,CUSCO,ANTA,LIMATAMBO,RURAL,CARRETERA,NACIONAL,PE-3S,-13.455667,-72.397139,DESPEJADO,COMERCIAL,CURVA,PLANA ,ASFALTADA,SIN_DATO,SIN_DATO,SIN_DATO,SIN_DATO,IMPRUDENCIA DEL CONDUCTOR,INVASIÓN DE CARRIL,2024,8,3,0,8,MAÑANA,SIERRA,1,4,GRAVE_LESIONADOS,0,1
DESPISTE,1,4,1,LIMA,LIMA,PUENTE PIEDRA,URBANA,CALLE,URBANO,NO CORRESPONDE,-11.86643195941559,-77.09008028927042,DESPEJADO,RESIDENCIAL,TRAMO RECTO,INCLINADA,AFIRMADO,SIN_DATO,SIN_DATO,SIN_DATO,SIN_DATO,EN PROCESO DE INVESTIGACIÓN,NO CUENTA CON CAUSA ESPECIFICA,2024,8,3,0,10,MAÑANA,COSTA,1,4,GRAVE_LESIONADOS,0,1
DESPISTE,2,2,1,LA LIBERTAD,PATAZ,PATAZ,RURAL,CARRETERA,NACIONAL,PE-10C,-7.838149279833246,-77.63366441256059,DESPEJADO,RURAL,TRAMO RECTO,PLANA ,AFIRMADO,SIN_DATO,SIN_DATO,SIN_DATO,SIN_DATO,EN PROCESO DE INVESTIGACIÓN,NO CUENTA CON CAUSA ESPECIFICA,2024,8,3,0,11,MAÑANA,COSTA,2,2,GRAVE_MORTALIDAD,1,0
CHOQUE FUGA,1,0,1,APURIMAC,ANDAHUAYLAS,ANDAHUAYLAS,URBANA,AVENIDA,URBANO,NO CORRESPONDE,-13.6600146,-73.37344909,DESPEJADO,RESIDENCIAL,TRAMO RECTO,PLANA ,ASFALTADA,SIN_DATO,SIN_DATO,SIN_DATO,SIN_DATO,IMPRUDENCIA DEL CONDUCTOR,ADELANTAR INDEBIDAMENTE,2024,8,3,0,18,NOCHE,SIERRA,1,0,LEVE,0,0
ATROPELLO,1,0,1,LIMA,LIMA,ATE,URBANA,CARRETERA,NACIONAL,PE-22,-12.008020549031404,-76.8593819552048,DESPEJADO,COMERCIAL,TRAMO RECTO,PLANA ,ASFALTADA,SIN_DATO,SIN_DATO,SIN_DATO,SIN_DATO,EN PROCESO DE INVESTIGACIÓN,NO CUENTA CON CAUSA ESPECIFICA,2024,8,4,0,6,MAÑANA,COSTA,1,0,LEVE,0,0
ATROPELLO,1,1,1,LIMA,LIMA,SAN JUAN DE LURIGANCHO,URBANA,AVENIDA,URBANO,NO CORRESPONDE,-11.933320915076363,-76.96882524721453,DESPEJADO,COMERCIAL,INTERSECCIÓN,PLANA ,ASFALTADA,SIN_DATO,SIN_DATO,SIN_DATO,SIN_DATO,EN PROCESO DE INVESTIGACIÓN,NO CUENTA CON CAUSA ESPECIFICA,2024,8,4,0,18,NOCHE,COSTA,1,1,LEVE,0,0
CHOQUE FUGA,1,1,1,PUNO,YUNGUYO,YUNGUYO,RURAL,CARRETERA,PROVINCIAL,PU-1309,-16.233721222447855,-69.0937148545162,SIN_DATO,SIN_DATO,SIN_DATO,SIN_DATO,SIN_DATO,SIN_DATO,SIN_DATO,SIN_DATO,SIN_DATO,EN PROCESO DE INVESTIGACIÓN,NO CUENTA CON CAUSA ESPECIFICA,2024,8,4,0,20,NOCHE,SIERRA,1,1,LEVE,0,0