CLASE SINIESTRO,CANTIDAD DE FALLECIDOS,CANTIDAD DE LESIONADOS,CANTIDAD DE VEHICULOS DAÑADOS,DEPARTAMENTO,PROVINCIA,DISTRITO,ZONA,TIPO DE VÍA,RED VIAL,COD CARRETERA,COORDENADAS LATITUD,COORDENADAS  LONGITUD,CONDICIÓN CLIMÁTICA,ZONIFICACIÓN,CARACTERÍSTICAS DE VÍA,PERFIL LONGITUDINAL VÍA,SUPERFICIE DE CALZADA,¿EXISTE SEÑAL VERTICAL?,CLASIFICACIÓN DE LA SEÑAL VERTICAL Nº 1,CLASIFICACIÓN DE LA SEÑAL VERTICAL Nº 2,¿EXISTE SEÑAL HORIZONTAL?,CAUSA FACTOR PRINCIPAL,CAUSA ESPECÍFICA,AÑO,MES,DIA_SEMANA,ES_FIN_SEMANA,HORA_NUM,FRANJA_HORARIA,REGION_NATURAL,FALLECIDOS,LESIONADOS,CATEGORIA_SEVERIDAD,MORTALIDAD_MULTIPLE,LESION_MULTIPLE
ATROPELLO,1,0,1,LIMA,LIMA,VILLA EL SALVADOR,URBANA,AVENIDA,URBANO,NO CORRESPONDE,-12.240680117090802,-76.91381042386361,DESPEJADO,COMERCIAL,INTERSECCIÓN,PLANA ,ASFALTADA,SIN_DATO,SIN_DATO,SIN_DATO,SIN_DATO,EN PROCESO DE INVESTIGACIÓN,NO CUENTA CON CAUSA ESPECIFICA,2024,11,6,1,11,MAÑANA,COSTA,1,0,LEVE,0,0
DESPISTE,1,0,1,LIMA,LIMA,SAN JUAN DE LURIGANCHO,URBANA,AVENIDA,URBANO,NO CORRESPONDE,-11.955796409226386,-76.9920513078763,DESPEJADO,COMERCIAL,INTERSECCIÓN,PLANA ,ASFALTADA,SIN_DATO,SIN_DATO,SIN_DATO,SIN_DATO,EN PROCESO DE INVESTIGACIÓN,NO CUENTA CON CAUSA ESPECIFICA,2024,11,6,1,15,TARDE,COSTA,1,0,LEVE,0,0
CHOQUE,2,1,2,CAJAMARCA,CAJAMARCA,LLACANORA,RURAL,CARRETERA,NACIONAL,PE-3N,-7.199469,-78.373078,DESPEJADO,RURAL,TRAMO RECTO,PLANA ,ASFALTADA,SIN_DATO,SIN_DATO,SIN_DATO,SIN_DATO,IMPRUDENCIA DEL CONDUCTOR,EXCESO DE VELOCIDAD,2024,11,0,0,0,MADRUGADA,SIERRA,2,1,GRAVE_MORTALIDAD,1,0
DESPISTE,1,0,1,CAJAMARCA,CAJABAMBA,CACHACHI,RURAL,CARRETERA,SIN CLASIFICAR,SIN CLASIFICAR,-7.60760465910192,-78.1618558511092,DESPEJADO,RURAL,TRAMO RECTO,INCLINADA,AFIRMADO,SIN_DATO,SIN_DATO,SIN_DATO,SIN_DATO,NEGLIGENCIA DEL CONDUCTOR,OTRO (NEGLIGENCIA DEL CONDUCTOR),2024,11,0,0,12,TARDE,SIERRA,1,0,LEVE,0,0
DESPISTE,1,0,1,CUSCO,LA CONVENCION,SANTA ANA,RURAL,CARRETERA,PROVINCIAL,CU-809,-12.876018,-72.713742,DESPEJADO,RURAL,TRAMO RECTO,PLANA ,AFIRMADO,SIN_DATO,SIN_DATO,SIN_DATO,SIN_DATO,IMPRUDENCIA DEL CONDUCTOR,EXCESO DE VELOCIDAD,2024,11,0,0,16,TARDE,SIERRA,1,0,LEVE,0,0
CHOQUE,1,1,2,AYACUCHO,HUAMANGA,VINCHOS,RURAL,CARRETERA,NACIONAL,PE-28A,-13.349265,-74.396867,DESPEJADO,RURAL,CURVA,INCLINADA,ASFALTADA,SI,PREVENTIVA (P),SIN_DATO,NO,IMPRUDENCIA DEL CONDUCTOR,FATIGA Y/O CANSANCIO,2024,11,0,0,17,TARDE,SIERRA,1,1,LEVE,0,0
DESPISTE,1,1,1,LA LIBERTAD,TRUJILLO,LAREDO,RURAL,CARRETERA,NACIONAL,PE-10A,-8.0565478904,-78.8538187225,DESPEJADO,RURAL,TRAMO RECTO,PLANA ,ASFALTADA,SIN_DATO,SIN_DATO,SIN_DATO,SIN_DATO,EN PROCESO DE INVESTIGACIÓN,NO CUENTA CON CAUSA ESPECIFICA,2024,11,0,0,19,NOCHE,COSTA,1,1,LEVE,0,0
DESPISTE,1,0,1,LA LIBERTAD,ASCOPE,CHOCOPE,RURAL,CARRETERA,NACIONAL,PE-1N,-7.816319375247118,-79.17686303703032,DESPEJADO,RURAL,TRAMO RECTO,PLANA ,ASFALTADA,SIN_DATO,SIN_DATO,SIN_DATO,SIN_DATO,EN PROCESO DE INVESTIGACIÓN,NO CUENTA CON CAUSA ESPECIFICA,2024,11,1,0,20,NOCHE,COSTA,1,0,LEVE,0,0
ATROPELLO,1,0,1,CAJAMARCA,JAEN,POMAHUACA,URBANA,CALLE,URBANO,NO CORRESPONDE,-5.933341,-79.228563,DESPEJADO,COMERCIAL,TRAMO RECTO,INCLINADA,CONCRETO,SIN_DATO,SIN_DATO,SIN_DATO,SIN_DATO,IMPRUDENCIA DEL PEATÓN,OTRO (IMPRUDENCIA DEL PEATÓN),2024,11,2,0,7,MAÑANA,SIERRA,1,0,LEVE,0,0
CHOQUE CON OBJETO FIJO,1,0,1,AREQUIPA,AREQUIPA,SOCABAYA,URBANA,CARRETERA,PROVINCIAL,AR-795,-16.45814,-71.5415,DESPEJADO,RESIDENCIAL,CURVA,PLANA ,ASFALTADA,NO,SIN_DATO,SIN_DATO,SI,EN PROCESO DE INVESTIGACIÓN,NO CUENTA CON CAUSA ESPECIFICA,2024,11,3,0,1,MADRUGADA,COSTA,1,0,LEVE,0,0
DESPISTE,2,0,1,CAJAMARCA,SAN MIGUEL,CALQUIS,RURAL,CARRETERA,PROVINCIAL,CA-1215,-6.96627210365765,-78.8607985700216,DESPEJADO,RURAL,TRAMO RECTO,INCLINADA,AFIRMADO,SIN_DATO,SIN_DATO,SIN_DATO,SIN_DATO,IMPRUDENCIA DEL CONDUCTOR,EXCESO DE VELOCIDAD,2024,11,3,0,9,MAÑANA,SIERRA,2,0,GRAVE_MORTALIDAD,1,0
CHOQUE,1,0,1,LIMA,LIMA,ATE,URBANA,AVENIDA,URBANO,NO CORRESPONDE,-12.03281787564587,-76.937145845464,DESPEJADO,COMERCIAL,INTERSECCIÓN,PLANA ,ASFALTADA,SIN_DATO,SIN_DATO,SIN_DATO,SIN_DATO,EN PROCESO DE INVESTIGACIÓN,NO CUENTA CON CAUSA ESPECIFICA,2024,11,3,0,13,TARDE,COSTA,1,0,LEVE,0,0
CHOQUE,1,0,1,LIMA,LIMA,LIMA,URBANA,AVENIDA,URBANO,NO CORRESPONDE,-12.046734483496447,-77.07687116379219,DESPEJADO,INDUSTRIAL,INTERSECCIÓN,PLANA ,ASFALTADA,SIN_DATO,SIN_DATO,SIN_DATO,SIN_DATO,EN PROCESO DE INVESTIGACIÓN,NO CUENTA CON CAUSA ESPECIFICA,2024,11,4,0,5,MADRUGADA,COSTA,1,0,LEVE,0,0
ATROPELLO,1,0,1,LIMA,LIMA,SAN BORJA,URBANA,AVENIDA,URBANO,NO CORRESPONDE,-12.098418814771447,-77.01053392319928,DESPEJADO,RESIDENCIAL,TRAMO RECTO,PLANA ,ASFALTADA,SIN_DATO,SIN_DATO,SIN_DATO,SIN_DATO,EN PROCESO DE INVESTIGACIÓN,NO CUENTA CON CAUSA ESPECIFICA,2024,11,4,0,7,MAÑANA,COSTA,1,0,LEVE,0,0
ATROPELLO,1,0,1,LIMA,LIMA,SAN MARTIN DE PORRES,URBANA,AVENIDA,URBANO,NO CORRESPONDE,-12.036169537688972,-77.0447629320172,DESPEJADO,COMERCIAL,TRAMO RECTO,PLANA ,ASFALTADA,SIN_DATO,SIN_DATO,SIN_DATO,SIN_DATO,EN PROCESO DE INVESTIGACIÓN,NO CUENTA CON CAUSA ESPECIFICA,2024,11,4,0,14,TARDE,COSTA,1,0,LEVE,0,0
DESPISTE,1,2,1,LA LIBERTAD,VIRU,CHAO,RURAL,CARRETERA,DEPARTAMENTAL,LI-122,-8.46669395856624,-78.38256954450443,DESPEJADO,RURAL,TRAMO RECTO,PLANA ,TROCHA,SIN_DATO,SIN_DATO,SIN_DATO,SIN_DATO,EN PROCESO DE INVESTIGACIÓN,NO CUENTA CON CAUSA ESPECIFICA,2024,11,4,0,22,NOCHE,COSTA,1,2,LEVE,0,0
ATROPELLO,1,0,1,LIMA,LIMA,LIMA,URBANA,AVENIDA,URBANO,NO CORRESPONDE,-12.057345121902085,-77.01747286212846,DESPEJADO,COMERCIAL,INTERSECCIÓN,PLANA ,ASFALTADA,SI,REGULADORA (R),SIN_DATO,NO,EN PROCESO DE INVESTIGACIÓN,NO CUENTA CON CAUSA ESPECIFICA,2024,11,5,1,10,MAÑANA,COSTA,1,0,LEVE,0,0
CHOQUE,1,0,1,LIMA,LIMA,ATE,URBANA,AVENIDA,URBANO,NO CORRESPONDE,-12.045257813421095,-76.94137016878985,DESPEJADO,INDUSTRIAL,TRAMO RECTO,PLANA ,ASFALTADA,SIN_DATO,SIN_DATO,SIN_DATO,SIN_DATO,EN PROCESO DE INVESTIGACIÓN,NO CUENTA CON CAUSA ESPECIFICA,2024,11,5,1,13,TARDE,COSTA,1,0,LEVE,0,0
DESPISTE,1,11,1,CAJAMARCA,SAN PABLO,SAN PABLO,RURAL,CARRETERA,PROVINCIAL,CA-1284,-7.119026,-78.801889,DESPEJADO,RURAL,TRAMO RECTO,PLANA ,AFIRMADO,SIN_DATO,SIN_DATO,SIN_DATO,SIN_DATO,IMPRUDENCIA DEL CONDUCTOR,OTRO (IMPRUDENCIA DEL CONDUCTOR),2024,11,5,1,19,NOCHE,SIERRA,1,11,GRAVE_LESIONADOS,0,1
CAÍDA DE PASAJERO,1,0,1,LA LIBERTAD,TRUJILLO,TRUJILLO,RURAL,CARRETERA,NACIONAL,PE-10A,-8.1101917903,-78.99746954,DESPEJADO,RURAL,TRAMO RECTO,PLANA ,ASFALTADA,SIN_DATO,SIN_DATO,SIN_DATO,SIN_DATO,EN PROCESO DE INVESTIGACIÓN,NO CUENTA CON CAUSA ESPECIFICA,2024,11,5,1,20,NOCHE,COSTA,1,0,LEVE,0,0
CHOQUE FUGA,1,1,2,TUMBES,TUMBES,CORRALES,RURAL,CARRETERA,NACIONAL,PE-1N,-3.6049478785459166,-80.49963073841164,DESPEJADO,RURAL,TRAMO RECTO,PLANA ,ASFALTADA,SIN_DATO,SIN_DATO,SIN_DATO,SIN_DATO,IMPRUDENCIA DEL CONDUCTOR,OTRO (IMPRUDENCIA DEL CONDUCTOR),2024,12,6,1,4,MADRUGADA,COSTA,1,1,LEVE,0,0
CHOQUE,1,0,2,TUMBES,TUMBES,CORRALES,URBANA,CARRETERA,NACIONAL,PE-1N,-3.597918307442012,-80.48435359240293,DESPEJADO,COMERCIAL,INTERSECCIÓN,PLANA ,ASFALTADA,SIN_DATO,SIN_DATO,SIN_DATO,SIN_DATO,IMPRUDENCIA DEL CONDUCTOR,OTRO (IMPRUDENCIA DEL CONDUCTOR),2024,12,6,1,4,MADRUGADA,COSTA,1,0,LEVE,0,0
DESPISTE,1,0,1,AMAZONAS,CHACHAPOYAS,CHACHAPOYAS,RURAL,CARRETERA,NACIONAL,PE-08C,-6.214963111,-77.90632628,DESPEJADO,RURAL,CURVA,INCLINADA,ASFALTADA,SIN_DATO,SIN_DATO,SIN_DATO,SIN_DATO,EN PROCESO DE INVESTIGACIÓN,NO CUENTA CON CAUSA ESPECIFICA,2024,12,6,1,12,TARDE,SELVA,1,0,LEVE,0,0
DESPISTE,1,0,1,SAN MARTIN,MOYOBAMBA,MOYOBAMBA,RURAL,CARRETERA,SIN CLASIFICAR,SIN CLASIFICAR,-5.972148,-76.978324,DESPEJADO,RURAL,CURVA,INCLINADA,AFIRMADO,SI,PREVENTIVA (P),INFORMATIVA (I),NO,IMPERICIA DEL CONDUCTOR,SIN_DATO,2024,12,6,1,12,TARDE,SELVA,1,0,LEVE,0,0
ATROPELLO,1,0,1,CUSCO,ANTA,ANCAHUASI,RURAL,CARRETERA,NACIONAL,PE-3S,-13.462123,-72.28831,DESPEJADO,RURAL,TRAMO RECTO,PLANA ,ASFALTADA,SI,PREVENTIVA (P),INFORMATIVA (I),NO,IMPRUDENCIA DEL PEATÓN,OTRO (IMPRUDENCIA DEL PEATÓN),2024,12,6,1,12,TARDE,SIERRA,1,0,LEVE,0,0
ATROPELLO,1,0,1,LIMA,LIMA,VILLA EL SALVADOR,URBANA,AVENIDA,URBANO,NO CORRESPONDE,-12.203067125582429,-76.93050158751072,DESPEJADO,INDUSTRIAL,INTERSECCIÓN,INCLINADA,ASFALTADA,SIN_DATO,SIN_DATO,SIN_DATO,SIN_DATO,EN PROCESO DE INVESTIGACIÓN,NO CUENTA CON CAUSA ESPECIFICA,2024,12,6,1,17,TARDE,COSTA,1,0,LEVE,0,0
ATROPELLO FUGA,1,0,1,LIMA,LIMA,SANTIAGO DE SURCO,URBANA,CARRETERA,NACIONAL,PE-1S,-12.12760071038172,-76.97691375951386,DESPEJADO,RESIDENCIAL,CURVA,PLANA ,ASFALTADA,SIN_DATO,SIN_DATO,SIN_DATO,SIN_DATO,EN PROCESO DE INVESTIGACIÓN,NO CUENTA CON CAUSA ESPECIFICA,2024,12,6,1,22,NOCHE,COSTA,1,0,LEVE,0,0
ATROPELLO FUGA,1,0,1,LIMA,LIMA,SAN MARTIN DE PORRES,URBANA,CARRETERA,NACIONAL,PE-1N,-12.033338291762696,-77.05347766528016,DESPEJADO,COMERCIAL,TRAMO RECTO,PLANA ,ASFALTADA,SI,REGULADORA (R),SIN_DATO,NO,EN PROCESO DE INVESTIGACIÓN,NO CUENTA CON CAUSA ESPECIFICA,2024,12,6,1,23,NOCHE,COSTA,1,0,LEVE,0,0
DESPISTE,1,0,1,LA LIBERTAD,PACASMAYO,GUADALUPE,RURAL,CARRETERA,NACIONAL,PE-08,-7.301119844390617,-79.41004905909178,DESPEJADO,RURAL,TRAMO RECTO,PLANA ,ASFALTADA,SIN_DATO,SIN_DATO,SIN_DATO,SIN_DATO,EN PROCESO DE INVESTIGACIÓN,NO CUENTA CON CAUSA ESPECIFICA,2024,12,0,0,6,MAÑANA,COSTA,1,0,LEVE,0,0
CHOQUE,3,0,2,LA LIBERTAD,TRUJILLO,HUANCHACO,RURAL,CARRETERA,NACIONAL,PE-1N,-8.064350172,-79.0904013872,DESPEJADO,RURAL,TRAMO RECTO,PLANA ,ASFALTADA,SIN_DATO,SIN_DATO,SIN_DATO,SIN_DATO,IMPRUDENCIA DEL CONDUCTOR,OTRO (IMPRUDENCIA DEL CONDUCTOR),2024,12,0,0,7,MAÑANA,COSTA,3,0,GRAVE_MORTALIDAD,1,0
ESPECIAL,1,10,1,CAJAMARCA,CHOTA,COCHABAMBA,RURAL,CARRETERA,NACIONAL,PE-3N,-6.487601,-78.848345,DESPEJADO,RURAL,TRAMO RECTO,PLANA ,ASFALTADA,SIN_DATO,SIN_DATO,SIN_DATO,SIN_DATO,IMPRUDENCIA DEL CONDUCTOR,OTRO (IMPRUDENCIA DEL CONDUCTOR),2024,12,0,0,15,TARDE,SIERRA,1,10,GRAVE_LESIONADOS,0,1
DESPISTE,1,1,1,CAJAMARCA,CHOTA,TACABAMBA,RURAL,CARRETERA,PROVINCIAL,CA-919,-6.40521378454527,-78.567186620142,DESPEJADO,RURAL,TRAMO RECTO,INCLINADA,TROCHA,SIN_DATO,SIN_DATO,SIN_DATO,SIN_DATO,IMPRUDENCIA DEL CONDUCTOR,EXCESO DE VELOCIDAD,2024,12,0,0,17,TARDE,SIERRA,1,1,LEVE,0,0
DESPISTE,1,2,2,CAJAMARCA,CONTUMAZA,YONAN,RURAL,CARRETERA,NACIONAL,PE-08,-7.19711729832245,-79.0420781470672,DESPEJADO,RURAL,CURVA,INCLINADA,ASFALTADA,SI,PREVENTIVA (P),SIN_DATO,NO,IMPRUDENCIA DEL CONDUCTOR,CONDUCIR EN ESTADO DE EBRIEDAD Y/O DROGADICCIÓN,2024,12,0,0,18,NOCHE,SIERRA,1,2,LEVE,0,0
CHOQUE FUGA,1,0,1,LIMA,LIMA,LOS OLIVOS,URBANA,AVENIDA,URBANO,NO CORRESPONDE,-11.99276343579075,-77.06414031914186,DESPEJADO,COMERCIAL,INTERSECCIÓN,PLANA ,ASFALTADA,SIN_DATO,SIN_DATO,SIN_DATO,SIN_DATO,EN PROCESO DE INVESTIGACIÓN,NO CUENTA CON CAUSA ESPECIFICA,2024,12,1,0,5,MADRUGADA,COSTA,1,0,LEVE,0,0
CHOQUE,2,0,2,LA LIBERTAD,TRUJILLO,EL PORVENIR,URBANA,CALLE,URBANO,NO CORRESPONDE,-8.0857789111,-78.9968245909,DESPEJADO,RESIDENCIAL,INTERSECCIÓN,PLANA ,ASFALTADA,SIN_DATO,SIN_DATO,SIN_DATO,SIN_DATO,EN PROCESO DE INVESTIGACIÓN,NO CUENTA CON CAUSA ESPECIFICA,2024,12,1,0,17,TARDE,COSTA,2,0,GRAVE_MORTALIDAD,1,0
ATROPELLO FUGA,1,0,1,LIMA,LIMA,COMAS,URBANA,CARRETERA,NACIONAL,PE-1N,-11.933814470408452,-77.07207325287774,DESPEJADO,INDUSTRIAL,TRAMO RECTO,PLANA ,ASFALTADA,SIN_DATO,SIN_DATO,SIN_DATO,SIN_DATO,EN PROCESO DE INVESTIGACIÓN,NO CUENTA CON CAUSA ESPECIFICA,2024,12,2,0,2,MADRUGADA,COSTA,1,0,LEVE,0,0
ATROPELLO,1,0,2,CAJAMARCA,HUALGAYOC,BAMBAMARCA,RURAL,CALLE,URBANO,NO CORRESPONDE,-6.643943,-78.5494,DESPEJADO,RURAL,TRAMO RECTO,INCLINADA,AFIRMADO,SIN_DATO,SIN_DATO,SIN_DATO,SIN_DATO,IMPRUDENCIA DEL CONDUCTOR,EXCESO DE VELOCIDAD,2024,12,2,0,10,MAÑANA,SIERRA,1,0,LEVE,0,0
CHOQUE,3,0,2,LA LIBERTAD,SANTIAGO DE CHUCO,QUIRUVILCA,RURAL,CARRETERA,NACIONAL,PE-3N,-7.987232,-78.268777,DESPEJADO,RURAL,TRAMO RECTO,PLANA ,AFIRMADO,SIN_DATO,SIN_DATO,SIN_DATO,SIN_DATO,EN PROCESO DE INVESTIGACIÓN,NO CUENTA CON CAUSA ESPECIFICA,2024,12,2,0,12,TARDE,COSTA,3,0,GRAVE_MORTALIDAD,1,0
ATROPELLO,1,0,1,LIMA,LIMA,PACHACAMAC,URBANA,CARRETERA,PROVINCIAL,LM-796,-12.121224576377882,-76.8727343792582,DESPEJADO,COMERCIAL,INTERSECCIÓN,PLANA ,ASFALTADA,SIN_DATO,SIN_DATO,SIN_DATO,SIN_DATO,EN PROCESO DE INVESTIGACIÓN,NO CUENTA CON CAUSA ESPECIFICA,2024,12,2,0,20,NOCHE,COSTA,1,0,LEVE,0,0
DESPISTE,2,0,1,LA LIBERTAD,PATAZ,PATAZ,RURAL,CARRETERA,DEPARTAMENTAL,LI-125,-7.7598782543923805,-77.59461697132812,DESPEJADO,RURAL,TRAMO RECTO,PLANA ,TROCHA,SIN_DATO,SIN_DATO,SIN_DATO,SIN_DATO,EN PROCESO DE INVESTIGACIÓN,NO CUENTA CON CAUSA ESPECIFICA,2024,12,3,0,7,MAÑANA,COSTA,2,0,GRAVE_MORTALIDAD,1,0
ATROPELLO,1,0,1,LIMA,LIMA,SAN MARTIN DE PORRES,URBANA,AVENIDA,URBANO,NO CORRESPONDE,-11.990137556621333,-77.09541737990095,DESPEJADO,RESIDENCIAL,TRAMO RECTO,PLANA ,ASFALTADA,SIN_DATO,SIN_DATO,SIN_DATO,SIN_DATO,EN PROCESO DE INVESTIGACIÓN,NO CUENTA CON CAUSA ESPECIFICA,2024,12,3,0,10,MAÑANA,COSTA,1,0,LEVE,0,0
ATROPELLO,1,0,1,LIMA,LIMA,ATE,URBANA,CARRETERA,NACIONAL,PE-22,-12.002458267726476,-76.84165583396636,DESPEJADO,COMERCIAL,TRAMO RECTO,PLANA ,ASFALTADA,SIN_DATO,SIN_DATO,SIN_DATO,SIN_DATO,IMPRUDENCIA DEL CONDUCTOR,OTRO (IMPRUDENCIA DEL CONDUCTOR),2024,12,3,0,12,TARDE,COSTA,1,0,LEVE,0,0
ATROPELLO,1,0,1,LIMA,LIMA,JESUS MARIA,URBANA,AVENIDA,URBANO,NO CORRESPONDE,-12.080752802091435,-77.05822341740915,DESPEJADO,RESIDENCIAL,INTERSECCIÓN,PLANA ,ASFALTADA,SI,PREVENTIVA (P),SIN_DATO,SI,IMPRUDENCIA DEL PEATÓN,DESACATO DE SEÑAL DE TRÁNSITO,2024,12,3,0,20,NOCHE,COSTA,1,0,LEVE,0,0
DESPISTE,1,2,1,LIMA,LIMA,SANTA MARIA DEL MAR,URBANA,AVENIDA,URBANO,NO CORRESPONDE,-12.399872898747908,-76.75794493912079,DESPEJADO,INDUSTRIAL,CURVA,PLANA ,ASFALTADA,SIN_DATO,SIN_DATO,SIN_DATO,SIN_DATO,EN PROCESO DE INVESTIGACIÓN,NO CUENTA CON CAUSA ESPECIFICA,2024,12,3,0,22,NOCHE,COSTA,1,2,LEVE,0,0
CHOQUE FUGA,1,0,1,LIMA,HUARAL,CHANCAY,RURAL,CARRETERA,NACIONAL,PE-1N,-11.5766921,-77.2624778,SIN_DATO,SIN_DATO,SIN_DATO,SIN_DATO,SIN_DATO,SIN_DATO,SIN_DATO,SIN_DATO,SIN_DATO,EN PROCESO DE INVESTIGACIÓN,NO CUENTA CON CAUSA ESPECIFICA,2024,12,4,0,5,MADRUGADA,COSTA,1,0,LEVE,0,0
DESPISTE,1,0,1,LA LIBERTAD,ASCOPE,PAIJAN,RURAL,CARRETERA,NACIONAL,PE-1N,-7.721090767434792,-79.30876836899603,DESPEJADO,RURAL,TRAMO RECTO,PLANA ,ASFALTADA,SIN_DATO,SIN_DATO,SIN_DATO,SIN_DATO,EN PROCESO DE INVESTIGACIÓN,NO CUENTA CON CAUSA ESPECIFICA,2024,12,4,0,21,NOCHE,COSTA,1,0,LEVE,0,0
ATROPELLO,1,0,1,LA LIBERTAD,VIRU,CHAO,RURAL,CARRETERA,NACIONAL,PE-1N,-8.56395034512075,-78.6738830759724,DESPEJADO,RURAL,TRAMO RECTO,PLANA ,ASFALTADA,SIN_DATO,SIN_DATO,SIN_DATO,SIN_DATO,EN PROCESO DE INVESTIGACIÓN,NO CUENTA CON CAUSA ESPECIFICA,2024,12,4,0,23,NOCHE,COSTA,1,0,LEVE,0,0
DESPISTE,1,0,1,LIMA,LIMA,EL AGUSTINO,URBANA,AVENIDA,URBANO,NO CORRESPONDE,-12.03273811614064,-76.99669402204279,DESPEJADO,RESIDENCIAL,INTERSECCIÓN,PLANA ,ASFALTADA,SIN_DATO,SIN_DATO,SIN_DATO,SIN_DATO,EN PROCESO DE INVESTIGACIÓN,NO CUENTA CON CAUSA ESPECIFICA,2024,12,5,1,2,MADRUGADA,COSTA,1,0,LEVE,0,0
DESPISTE,1,28,1,AREQUIPA,AREQUIPA,VITOR,RURAL,CARRETERA,NACIONAL,PE-1S,-16.4272,-72.01706,DESPEJADO,RURAL,TRAMO RECTO,PLANA ,ASFALTADA,SIN_DATO,SIN_DATO,SIN_DATO,SIN_DATO,EN PROCESO DE INVESTIGACIÓN,NO CUENTA CON CAUSA ESPECIFICA,2024,12,5,1,3,MADRUGADA,COSTA,1,28,GRAVE_LESIONADOS,0,1
DESPISTE,1,1,1,LIMA,LIMA,LURIGANCHO,URBANA,CARRETERA,NACIONAL,PE-22,-11.945755066531916,-76.71007762607162,DESPEJADO,RESIDENCIAL,CURVA,PLANA ,ASFALTADA,SIN_DATO,SIN_DATO,SIN_DATO,SIN_DATO,EN PROCESO DE INVESTIGACIÓN,NO CUENTA CON CAUSA ESPECIFICA,2024,12,5,1,4,MADRUGADA,COSTA,1,1,LEVE,0,0
CHOQUE,2,13,1,MOQUEGUA,ILO,ILO,RURAL,CARRETERA,NACIONAL,PE-1SD,-17.7653195,-71.1926493,SIN_DATO,SIN_DATO,SIN_DATO,SIN_DATO,SIN_DATO,SIN_DATO,SIN_DATO,SIN_DATO,SIN_DATO,EN PROCESO DE INVESTIGACIÓN,NO CUENTA CON CAUSA ESPECIFICA,2024,12,5,1,18,NOCHE,COSTA,2,13,GRAVE_MORTALIDAD,1,1
CHOQUE,1,0,1,LA LIBERTAD,PACASMAYO,GUADALUPE,RURAL,CARRETERA,NACIONAL,PE-08,-7.304353956270891,-79.46374628680131,DESPEJADO,RURAL,TRAMO RECTO,PLANA ,ASFALTADA,SIN_DATO,SIN_DATO,SIN_DATO,SIN_DATO,EN PROCESO DE INVESTIGACIÓN,NO CUENTA CON CAUSA ESPECIFICA,2024,12,5,1,19,NOCHE,COSTA,1,0,LEVE,0,0
ATROPELLO,1,0,1,LIMA,LIMA,ANCON,URBANA,CARRETERA,NACIONAL,PE-1NA,-11.768235708143576,-77.16107079620207,DESPEJADO,COMERCIAL,TRAMO RECTO,PLANA ,ASFALTADA,SIN_DATO,SIN_DATO,SIN_DATO,SIN_DATO,EN PROCESO DE INVESTIGACIÓN,NO CUENTA CON CAUSA ESPECIFICA,2024,12,5,1,19,NOCHE,COSTA,1,0,LEVE,0,0
ATROPELLO FUGA,1,0,1,PUNO,CHUCUITO,JULI,RURAL,CARRETERA,NACIONAL,PE-3S,-16.19617,-69.523736,SIN_DATO,SIN_DATO,SIN_DATO,SIN_DATO,SIN_DATO,SIN_DATO,SIN_DATO,SIN_DATO,SIN_DATO,IMPRUDENCIA DEL PEATÓN,ESTADO DE EBRIEDAD Y/O DROGADICCIÓN,2024,12,5,1,21,NOCHE,SIERRA,1,0,LEVE,0,0
CHOQUE,1,1,2,CAJAMARCA,HUALGAYOC,BAMBAMARCA,URBANA,JIRÓN,URBANO,NO CORRESPONDE,-6.67775848267079,-78.5206684337211,DESPEJADO,COMERCIAL,TRAMO RECTO,PLANA ,CONCRETO,SIN_DATO,SIN_DATO,SIN_DATO,SIN_DATO,IMPRUDENCIA DEL CONDUCTOR,CONDUCIR EN ESTADO DE EBRIEDAD Y/O DROGADICCIÓN,2024,12,6,1,0,MADRUGADA,SIERRA,1,1,LEVE,0,0
CHOQUE,1,1,2,LIMA,HUARAL,CHANCAY,URBANA,CARRETERA,NACIONAL,PE-1N,-11.5645605,-77.2652412,DESPEJADO,RURAL,INTERSECCIÓN,PLANA ,ASFALTADA,SI,PREVENTIVA (P),PREVENTIVA (P),SI,EN PROCESO DE INVESTIGACIÓN,NO CUENTA CON CAUSA ESPECIFICA,2024,12,6,1,1,MADRUGADA,COSTA,1,1,LEVE,0,0
CHOQUE CON OBJETO FIJO,1,0,1,LIMA,LIMA,SANTIAGO DE SURCO,URBANA,CARRETERA,NACIONAL,PE-1S,-12.080560232466665,-76.97758366172309,DESPEJADO,RESIDENCIAL,CURVA,PLANA ,ASFALTADA,SIN_DATO,SIN_DATO,SIN_DATO,SIN_DATO,EN PROCESO DE INVESTIGACIÓN,NO CUENTA CON CAUSA ESPECIFICA,2024,12,6,1,1,MADRUGADA,COSTA,1,0,LEVE,0,0