CLASE SINIESTRO,CANTIDAD DE FALLECIDOS,CANTIDAD DE LESIONADOS,CANTIDAD DE VEHICULOS DAÑADOS,DEPARTAMENTO,PROVINCIA,DISTRITO,ZONA,TIPO DE VÍA,RED VIAL,COD CARRETERA,COORDENADAS LATITUD,COORDENADAS  LONGITUD,CONDICIÓN CLIMÁTICA,ZONIFICACIÓN,CARACTERÍSTICAS DE VÍA,PERFIL LONGITUDINAL VÍA,SUPERFICIE DE CALZADA,¿EXISTE SEÑAL VERTICAL?,CLASIFICACIÓN DE LA SEÑAL VERTICAL Nº 1,CLASIFICACIÓN DE LA SEÑAL VERTICAL Nº 2,¿EXISTE SEÑAL HORIZONTAL?,CAUSA FACTOR PRINCIPAL,CAUSA ESPECÍFICA,AÑO,MES,DIA_SEMANA,ES_FIN_SEMANA,HORA_NUM,FRANJA_HORARIA,REGION_NATURAL,FALLECIDOS,LESIONADOS,CATEGORIA_SEVERIDAD,MORTALIDAD_MULTIPLE,LESION_MULTIPLE
DESPISTE,3,5,1,LIMA,LIMA,SAN MARTIN DE PORRES,URBANA,AVENIDA,URBANO,NO CORRESPONDE,-12.006036329282308,-77.08267837389212,DESPEJADO,COMERCIAL,INTERSECCIÓN,PLANA ,ASFALTADA,SI,PREVENTIVA (P),SIN_DATO,NO,EN PROCESO DE INVESTIGACIÓN,NO CUENTA CON CAUSA ESPECIFICA,2025,1,1,0,8,MAÑANA,COSTA,3,5,GRAVE_MORTALIDAD,1,1
ATROPELLO FUGA,1,0,1,CUSCO,ANTA,ZURITE,RURAL,CARRETERA,NACIONAL,PE-3S,-13.4863,-72.2498,LLUVIOSO,RURAL,TRAMO RECTO,PLANA ,ASFALTADA,SIN_DATO,SIN_DATO,SIN_DATO,SIN_DATO,IMPRUDENCIA DEL CONDUCTOR,EXCESO DE VELOCIDAD,2025,1,1,0,10,MAÑANA,SIERRA,1,0,LEVE,0,0
ATROPELLO FUGA,1,0,1,CUSCO,ANTA,ANTA,RURAL,CARRETERA,NACIONAL,PE-3S,-13.498594,-72.186416,DESPEJADO,RURAL,TRAMO RECTO,PLANA ,ASFALTADA,SIN_DATO,SIN_DATO,SIN_DATO,SIN_DATO,IMPRUDENCIA DEL CONDUCTOR,EXCESO DE VELOCIDAD,2025,1,1,0,21,NOCHE,SIERRA,1,0,LEVE,0,0
CHOQUE,1,0,1,AREQUIPA,AREQUIPA,YURA,RURAL,CARRETERA,NACIONAL,PE-34A,-16.06732,-71.56131,DESPEJADO,RURAL,TRAMO RECTO,INCLINADA,ASFALTADA,SI,PREVENTIVA (P),PREVENTIVA (P),SI,EN PROCESO DE INVESTIGACIÓN,NO CUENTA CON CAUSA ESPECIFICA,2025,1,2,0,3,MADRUGADA,COSTA,1,0,LEVE,0,0
CHOQUE,1,0,1,LIMA,LIMA,VILLA EL SALVADOR,URBANA,AVENIDA,URBANO,NO CORRESPONDE,-12.21541772828762,-76.95241468571005,DESPEJADO,RESIDENCIAL,INTERSECCIÓN,PLANA ,ASFALTADA,NO,SIN_DATO,SIN_DATO,SI,EN PROCESO DE INVESTIGACIÓN,NO CUENTA CON CAUSA ESPECIFICA,2025,1,3,0,2,MADRUGADA,COSTA,1,0,LEVE,0,0
DESPISTE,1,0,1,CAJAMARCA,CUTERVO,CALLAYUC,RURAL,CARRETERA,PROVINCIAL,CA-822,-6.141162,-78.908867,DESPEJADO,RURAL,CURVA,INCLINADA,AFIRMADO,SIN_DATO,SIN_DATO,SIN_DATO,SIN_DATO,IMPRUDENCIA DEL CONDUCTOR,OTRO (IMPRUDENCIA DEL CONDUCTOR),2025,1,3,0,9,MAÑANA,SIERRA,1,0,LEVE,0,0
DESPISTE,1,0,1,CUSCO,PAUCARTAMBO,HUANCARANI,URBANA,CALLE,URBANO,NO CORRESPONDE,-13.502974,-71.656937,DESPEJADO,RESIDENCIAL,INTERSECCIÓN,PLANA ,CONCRETO,SIN_DATO,SIN_DATO,SIN_DATO,SIN_DATO,IMPRUDENCIA DEL CONDUCTOR,CONDUCIR EN ESTADO DE EBRIEDAD Y/O DROGADICCIÓN,2025,1,3,0,21,NOCHE,SIERRA,1,0,LEVE,0,0
DESPISTE,1,0,1,CAJAMARCA,CAJAMARCA,CAJAMARCA,URBANA,CARRETERA,SIN CLASIFICAR,SIN CLASIFICAR,-7.209173,-78.469036,DESPEJADO,COMERCIAL,TRAMO RECTO,INCLINADA,AFIRMADO,SIN_DATO,SIN_DATO,SIN_DATO,SIN_DATO,IMPRUDENCIA DEL CONDUCTOR,CONDUCIR EN ESTADO DE EBRIEDAD Y/O DROGADICCIÓN,2025,1,3,0,21,NOCHE,SIERRA,1,0,LEVE,0,0
DESPISTE,1,4,1,ANCASH,SIHUAS,RAGASH,RURAL,CARRETERA,PROVINCIAL,AN-558,-8.45668236897441,-77.68355541637838,DESPEJADO,RURAL,SINUOSA,INCLINADA,TROCHA,SIN_DATO,SIN_DATO,SIN_DATO,SIN_DATO,EN PROCESO DE INVESTIGACIÓN,NO CUENTA CON CAUSA ESPECIFICA,2025,1,4,0,5,MADRUGADA,SIERRA,1,4,GRAVE_LESIONADOS,0,1
DESPISTE,1,0,1,SAN MARTIN,RIOJA,PARDO MIGUEL,RURAL,CARRETERA,NACIONAL,PE-5N,-5.767011,-77.447328,DESPEJADO,RURAL,TRAMO RECTO,PLANA ,ASFALTADA,SIN_DATO,SIN_DATO,SIN_DATO,SIN_DATO,EN PROCESO DE INVESTIGACIÓN,NO CUENTA CON CAUSA ESPECIFICA,2025,1,4,0,5,MADRUGADA,SELVA,1,0,LEVE,0,0
DESPISTE,1,0,1,CAJAMARCA,CONTUMAZA,SAN BENITO,RURAL,CARRETERA,SIN CLASIFICAR,SIN CLASIFICAR,-7.386466,-78.87999,DESPEJADO,RURAL,TRAMO RECTO,INCLINADA,AFIRMADO,SIN_DATO,SIN_DATO,SIN_DATO,SIN_DATO,IMPRUDENCIA DEL CONDUCTOR,EXCESO DE VELOCIDAD,2025,1,4,0,10,MAÑANA,SIERRA,1,0,LEVE,0,0
ATROPELLO FUGA,1,1,1,LIMA,HUARAL,HUARAL,RURAL,CARRETERA,NACIONAL,PE-20C,-11.5180094,-77.2053468,SOLEADO,RURAL,TRAMO RECTO,PLANA ,ASFALTADA,SIN_DATO,SIN_DATO,SIN_DATO,SIN_DATO,EN PROCESO DE INVESTIGACIÓN,NO CUENTA CON CAUSA ESPECIFICA,2025,1,4,0,16,TARDE,COSTA,1,1,LEVE,0,0
VOLCADURA,1,1,2,TUMBES,TUMBES,CORRALES,RURAL,CARRETERA,NACIONAL,PE-1N,-3.6041394538629112,-80.49857509842347,DESPEJADO,RURAL,TRAMO RECTO,PLANA ,ASFALTADA,SI,PREVENTIVA (P),SIN_DATO,NO,IMPRUDENCIA DEL CONDUCTOR,OTRO (IMPRUDENCIA DEL CONDUCTOR),2025,1,5,1,19,NOCHE,COSTA,1,1,LEVE,0,0
ATROPELLO FUGA,1,0,1,PUNO,PUNO,CHUCUITO,RURAL,CARRETERA,NACIONAL,PE-3S,-15.919678,-69.881995,SIN_DATO,SIN_DATO,SIN_DATO,SIN_DATO,SIN_DATO,SIN_DATO,SIN_DATO,SIN_DATO,SIN_DATO,EN PROCESO DE INVESTIGACIÓN,NO CUENTA CON CAUSA ESPECIFICA,2025,1,5,1,21,NOCHE,SIERRA,1,0,LEVE,0,0
CHOQUE,1,0,3,CUSCO,QUISPICANCHI,CAMANTI,RURAL,CARRETERA,NACIONAL,PE-30C,-13.242795,-70.773526,DESPEJADO,RURAL,TRAMO RECTO,PLANA ,ASFALTADA,SIN_DATO,SIN_DATO,SIN_DATO,SIN_DATO,IMPRUDENCIA DEL CONDUCTOR,CONDUCIR EN ESTADO DE EBRIEDAD Y/O DROGADICCIÓN,2025,1,6,1,2,MADRUGADA,SIERRA,1,0,LEVE,0,0
DESPISTE,3,0,1,CUSCO,ANTA,HUAROCONDO,RURAL,CARRETERA,PROVINCIAL,CU-1209,-13.40366017067056,-72.20754186912477,DESPEJADO,RURAL,CURVA,INCLINADA,TROCHA,SIN_DATO,SIN_DATO,SIN_DATO,SIN_DATO,IMPERICIA DEL CONDUCTOR,SIN_DATO,2025,1,6,1,19,NOCHE,SIERRA,3,0,GRAVE_MORTALIDAD,1,0
CHOQUE,1,3,2,PIURA,PIURA,CASTILLA,RURAL,CARRETERA,NACIONAL,PE-1NJ,-5.17802305023736,-80.5642240254017,DESPEJADO,INDUSTRIAL,TRAMO RECTO,PLANA ,ASFALTADA,SIN_DATO,SIN_DATO,SIN_DATO,SIN_DATO,EN PROCESO DE INVESTIGACIÓN,NO CUENTA CON CAUSA ESPECIFICA,2025,1,6,1,22,NOCHE,COSTA,1,3,GRAVE_LESIONADOS,0,1
CHOQUE CON OBJETO FIJO,1,0,1,CUSCO,CUSCO,CUSCO,URBANA,AVENIDA,URBANO,NO CORRESPONDE,-13.52483086057941,-71.97281744033995,DESPEJADO,COMERCIAL,TRAMO RECTO,PLANA ,CONCRETO,SIN_DATO,SIN_DATO,SIN_DATO,SIN_DATO,IMPRUDENCIA DEL CONDUCTOR,EXCESO DE VELOCIDAD,2025,1,0,0,5,MADRUGADA,SIERRA,1,0,LEVE,0,0
ATROPELLO,1,0,1,LIMA,LIMA,LIMA,URBANA,AVENIDA,URBANO,NO CORRESPONDE,-12.057409373276268,-77.01798032360311,DESPEJADO,COMERCIAL,TRAMO RECTO,PLANA ,ASFALTADA,SIN_DATO,SIN_DATO,SIN_DATO,SIN_DATO,EN PROCESO DE INVESTIGACIÓN,NO CUENTA CON CAUSA ESPECIFICA,2025,1,0,0,23,NOCHE,COSTA,1,0,LEVE,0,0
ATROPELLO FUGA,1,0,1,PIURA,MORROPON,LA MATANZA,RURAL,CARRETERA,NACIONAL,PE-02A,-5.229517,-80.0463496,DESPEJADO,RURAL,TRAMO RECTO,PLANA ,ASFALTADA,SIN_DATO,SIN_DATO,SIN_DATO,SIN_DATO,EN PROCESO DE INVESTIGACIÓN,NO CUENTA CON CAUSA ESPECIFICA,2025,1,1,0,1,MADRUGADA,COSTA,1,0,LEVE,0,0
CHOQUE,1,1,1,LIMA,LIMA,ATE,URBANA,CARRETERA,DEPARTAMENTAL,LM-117,-12.062008132419876,-76.96130021170244,DESPEJADO,COMERCIAL,INTERSECCIÓN,PLANA ,ASFALTADA,SIN_DATO,SIN_DATO,SIN_DATO,SIN_DATO,EN PROCESO DE INVESTIGACIÓN,NO CUENTA CON CAUSA ESPECIFICA,2025,1,1,0,5,MADRUGADA,COSTA,1,1,LEVE,0,0
DESPISTE,2,7,1,HUANCAVELICA,ANGARAES,LIRCAY,RURAL,CARRETERA,DEPARTAMENTAL,HV-116,-13.0012586,-74.7839614,DESPEJADO,RURAL,CURVA,INCLINADA,ASFALTADA,SI,PREVENTIVA (P),SIN_DATO,NO,EN PROCESO DE INVESTIGACIÓN,NO CUENTA CON CAUSA ESPECIFICA,2025,1,1,0,13,TARDE,SIERRA,2,7,GRAVE_MORTALIDAD,1,1
DESPISTE,1,1,1,PIURA,PIURA,PIURA,RURAL,CARRETERA,SIN CLASIFICAR,SIN CLASIFICAR,-5.0618071957089,-80.6593778948127,DESPEJADO,RURAL,TRAMO RECTO,PLANA ,ASFALTADA,SIN_DATO,SIN_DATO,SIN_DATO,SIN_DATO,EN PROCESO DE INVESTIGACIÓN,NO CUENTA CON CAUSA ESPECIFICA,2025,1,1,0,17,TARDE,COSTA,1,1,LEVE,0,0
ATROPELLO,1,0,1,AREQUIPA,AREQUIPA,YANAHUARA,URBANA,CARRETERA,NACIONAL,PE-34A,-16.2958435782469,-71.6284940971826,DESPEJADO,RURAL,TRAMO RECTO,PLANA ,ASFALTADA,SI,REGULADORA (R),PREVENTIVA (P),NO,EN PROCESO DE INVESTIGACIÓN,NO CUENTA CON CAUSA ESPECIFICA,2025,1,2,0,17,TARDE,COSTA,1,0,LEVE,0,0
CHOQUE,1,1,1,LIMA,LIMA,PUNTA NEGRA,URBANA,AVENIDA,URBANO,NO CORRESPONDE,-12.370402,-76.789477,DESPEJADO,RESIDENCIAL,TRAMO RECTO,PLANA ,ASFALTADA,SIN_DATO,SIN_DATO,SIN_DATO,SIN_DATO,EN PROCESO DE INVESTIGACIÓN,NO CUENTA CON CAUSA ESPECIFICA,2025,1,2,0,21,NOCHE,COSTA,1,1,LEVE,0,0
ATROPELLO FUGA,1,0,1,ICA,CHINCHA,GROCIO PRADO,RURAL,CARRETERA,NACIONAL,PE-1S,-13.379285,-76.206371,DESPEJADO,RURAL,TRAMO RECTO,PLANA ,ASFALTADA,SIN_DATO,SIN_DATO,SIN_DATO,SIN_DATO,EN PROCESO DE INVESTIGACIÓN,NO CUENTA CON CAUSA ESPECIFICA,2025,1,3,0,1,MADRUGADA,COSTA,1,0,LEVE,0,0
CHOQUE,1,0,1,LIMA,LIMA,LURIGANCHO,RURAL,AVENIDA,URBANO,NO CORRESPONDE,-11.995275603435363,-76.92991259086659,DESPEJADO,RURAL,TRAMO RECTO,PLANA ,ASFALTADA,SIN_DATO,SIN_DATO,SIN_DATO,SIN_DATO,EN PROCESO DE INVESTIGACIÓN,NO CUENTA CON CAUSA ESPECIFICA,2025,1,3,0,20,NOCHE,COSTA,1,0,LEVE,0,0
ATROPELLO,1,0,1,PIURA,PIURA,CASTILLA,URBANA,AVENIDA,URBANO,NO CORRESPONDE,-5.193840707343721,-80.62217129466552,DESPEJADO,COMERCIAL,TRAMO RECTO,PLANA ,ASFALTADA,SIN_DATO,SIN_DATO,SIN_DATO,SIN_DATO,EN PROCESO DE INVESTIGACIÓN,NO CUENTA CON CAUSA ESPECIFICA,2025,1,3,0,23,NOCHE,COSTA,1,0,LEVE,0,0
VOLCADURA,1,2,1,PIURA,MORROPON,YAMANGO,RURAL,CARRETERA,PROVINCIAL,PI-807,-5.165408,-79.777564,DESPEJADO,RURAL,TRAMO RECTO,PLANA ,TROCHA,SIN_DATO,SIN_DATO,SIN_DATO,SIN_DATO,EN PROCESO DE INVESTIGACIÓN,NO CUENTA CON CAUSA ESPECIFICA,2025,1,4,0,4,MADRUGADA,COSTA,1,2,LEVE,0,0
DESPISTE,1,0,1,LA LIBERTAD,TRUJILLO,HUANCHACO,RURAL,CARRETERA,NACIONAL,PE-1N,-8.1056625421,-79.0980933545,SIN_DATO,SIN_DATO,SIN_DATO,SIN_DATO,SIN_DATO,SIN_DATO,SIN_DATO,SIN_DATO,SIN_DATO,EN PROCESO DE INVESTIGACIÓN,NO CUENTA CON CAUSA ESPECIFICA,2025,2,5,1,0,MADRUGADA,COSTA,1,0,LEVE,0,0
DESPISTE,1,2,1,CAJAMARCA,CUTERVO,CUTERVO,RURAL,CARRETERA,NACIONAL,PE-3ND,-6.352866,-78.749786,DESPEJADO,RURAL,TRAMO RECTO,PLANA ,AFIRMADO,SIN_DATO,SIN_DATO,SIN_DATO,SIN_DATO,IMPRUDENCIA DEL CONDUCTOR,OTRO (IMPRUDENCIA DEL CONDUCTOR),2025,2,5,1,3,MADRUGADA,SIERRA,1,2,LEVE,0,0
CHOQUE,1,0,1,CUSCO,LA CONVENCION,SANTA ANA,RURAL,CARRETERA,NACIONAL,PE-28B,-12.86257,-72.69468,DESPEJADO,RURAL,TRAMO RECTO,PLANA ,ASFALTADA,SIN_DATO,SIN_DATO,SIN_DATO,SIN_DATO,IMPRUDENCIA DEL CONDUCTOR,CONDUCIR EN ESTADO DE EBRIEDAD Y/O DROGADICCIÓN,2025,2,5,1,4,MADRUGADA,SIERRA,1,0,LEVE,0,0
CHOQUE,1,0,1,LIMA,LIMA,LURIGANCHO,URBANA,CARRETERA,DEPARTAMENTAL,LM-114,-12.013163303798532,-76.90209597592707,DESPEJADO,COMERCIAL,INTERSECCIÓN,PLANA ,ASFALTADA,SIN_DATO,SIN_DATO,SIN_DATO,SIN_DATO,EN PROCESO DE INVESTIGACIÓN,NO CUENTA CON CAUSA ESPECIFICA,2025,2,5,1,14,TARDE,COSTA,1,0,LEVE,0,0
DESPISTE,1,3,1,HUANCAVELICA,HUANCAVELICA,YAULI,RURAL,CARRETERA,PROVINCIAL,HV-789,-12.77211588043682,-74.85555122045089,LLUVIOSO,RURAL,CURVA,INCLINADA,TROCHA,SIN_DATO,SIN_DATO,SIN_DATO,SIN_DATO,EN PROCESO DE INVESTIGACIÓN,NO CUENTA CON CAUSA ESPECIFICA,2025,2,5,1,16,TARDE,SIERRA,1,3,GRAVE_LESIONADOS,0,1
DESPISTE,1,0,1,PUNO,CHUCUITO,HUACULLANI,RURAL,CARRETERA,NACIONAL,PE-36A,-16.67321498837956,-69.49600333852527,SIN_DATO,SIN_DATO,SIN_DATO,SIN_DATO,SIN_DATO,SIN_DATO,SIN_DATO,SIN_DATO,SIN_DATO,EN PROCESO DE INVESTIGACIÓN,NO CUENTA CON CAUSA ESPECIFICA,2025,2,5,1,21,NOCHE,SIERRA,1,0,LEVE,0,0
DESPISTE,1,0,1,CAJAMARCA,SAN IGNACIO,CHIRINOS,RURAL,CARRETERA,NACIONAL,PE-5N,-5.3319,-78.79707,DESPEJADO,RURAL,TRAMO RECTO,PLANA ,ASFALTADA,SIN_DATO,SIN_DATO,SIN_DATO,SIN_DATO,IMPRUDENCIA DEL CONDUCTOR,EXCESO DE VELOCIDAD,2025,2,6,1,2,MADRUGADA,SIERRA,1,0,LEVE,0,0
ATROPELLO,1,0,1,PUNO,PUNO,PUNO,URBANA,CARRETERA,PROVINCIAL,PU-943,-15.827733,-70.015776,DESPEJADO,COMERCIAL,TRAMO RECTO,PLANA ,ASFALTADA,SIN_DATO,SIN_DATO,SIN_DATO,SIN_DATO,IMPRUDENCIA DEL CONDUCTOR,CONDUCIR EN ESTADO DE EBRIEDAD Y/O DROGADICCIÓN,2025,2,6,1,6,MAÑANA,SIERRA,1,0,LEVE,0,0
DESPISTE,1,0,1,LIMA,HUARAL,HUARAL,RURAL,CARRETERA,NACIONAL,PE-1NB,-11.5180918,-77.2407409,DESPEJADO,RURAL,TRAMO RECTO,PLANA ,ASFALTADA,SIN_DATO,SIN_DATO,SIN_DATO,SIN_DATO,EN PROCESO DE INVESTIGACIÓN,NO CUENTA CON CAUSA ESPECIFICA,2025,2,6,1,9,MAÑANA,COSTA,1,0,LEVE,0,0
CHOQUE,1,0,2,CUSCO,LA CONVENCION,ECHARATE,RURAL,CARRETERA,NACIONAL,PE-28B,-12.64993,-72.545248,DESPEJADO,RURAL,CURVA,PLANA ,ASFALTADA,SIN_DATO,SIN_DATO,SIN_DATO,SIN_DATO,IMPRUDENCIA DEL CONDUCTOR,CONDUCIR EN ESTADO DE EBRIEDAD Y/O DROGADICCIÓN,2025,2,6,1,11,MAÑANA,SIERRA,1,0,LEVE,0,0
CHOQUE FUGA,1,0,1,PIURA,SECHURA,VICE,RURAL,CARRETERA,NACIONAL,PE-1NK,-5.43769,-80.810483,DESPEJADO,RURAL,TRAMO RECTO,PLANA ,ASFALTADA,SIN_DATO,SIN_DATO,SIN_DATO,SIN_DATO,EN PROCESO DE INVESTIGACIÓN,NO CUENTA CON CAUSA ESPECIFICA,2025,2,6,1,19,NOCHE,COSTA,1,0,LEVE,0,0
CHOQUE,1,1,2,TUMBES,TUMBES,CORRALES,RURAL,CARRETERA,NACIONAL,PE-1N,-3.580603809089447,-80.46970867918775,DESPEJADO,RURAL,TRAMO RECTO,PLANA ,ASFALTADA,SIN_DATO,SIN_DATO,SIN_DATO,SIN_DATO,IMPRUDENCIA DEL CONDUCTOR,INVASIÓN DE CARRIL,2025,2,6,1,20,NOCHE,COSTA,1,1,LEVE,0,0
ATROPELLO,1,0,1,AREQUIPA,AREQUIPA,LA JOYA,RURAL,CARRETERA,NACIONAL,PE-1S,-16.491962,-71.854073,DESPEJADO,RURAL,TRAMO RECTO,PLANA ,ASFALTADA,NO,SIN_DATO,SIN_DATO,SI,EN PROCESO DE INVESTIGACIÓN,NO CUENTA CON CAUSA ESPECIFICA,2025,2,6,1,22,NOCHE,COSTA,1,0,LEVE,0,0
CHOQUE,2,1,2,CAJAMARCA,CAJAMARCA,LOS BAÑOS DEL INCA,RURAL,CARRETERA,NACIONAL,PE-08B,-7.14765895119478,-78.4106155786715,DESPEJADO,RURAL,CURVA,INCLINADA,ASFALTADA,SI,PREVENTIVA (P),SIN_DATO,NO,IMPRUDENCIA DEL CONDUCTOR,OTRO (IMPRUDENCIA DEL CONDUCTOR),2025,2,0,0,6,MAÑANA,SIERRA,2,1,GRAVE_MORTALIDAD,1,0
DESPISTE,1,1,1,HUANCAVELICA,TAYACAJA,ACOSTAMBO,RURAL,CARRETERA,NACIONAL,PE-3S,-12.3996210445682,-75.0485358727413,DESPEJADO,RURAL,TRAMO RECTO,PLANA ,ASFALTADA,SI,PREVENTIVA (P),SIN_DATO,SI,EN PROCESO DE INVESTIGACIÓN,NO CUENTA CON CAUSA ESPECIFICA,2025,2,1,0,1,MADRUGADA,SIERRA,1,1,LEVE,0,0
CHOQUE,2,1,1,AREQUIPA,AREQUIPA,YURA,URBANA,CARRETERA,NACIONAL,PE-34A,-16.109627,-71.629489,NUBLADO,RURAL,CURVA,INCLINADA,ASFALTADA,NO,SIN_DATO,SIN_DATO,SI,EN PROCESO DE INVESTIGACIÓN,NO CUENTA CON CAUSA ESPECIFICA,2025,2,1,0,14,TARDE,COSTA,2,1,GRAVE_MORTALIDAD,1,0
ATROPELLO,1,0,1,LIMA,LIMA,SAN JUAN DE MIRAFLORES,URBANA,CARRETERA,NACIONAL,PE-1S,-12.191107,-76.972735,DESPEJADO,INDUSTRIAL,TRAMO RECTO,PLANA ,ASFALTADA,SIN_DATO,SIN_DATO,SIN_DATO,SIN_DATO,EN PROCESO DE INVESTIGACIÓN,NO CUENTA CON CAUSA ESPECIFICA,2025,2,1,0,23,NOCHE,COSTA,1,0,LEVE,0,0
ATROPELLO FUGA,1,0,1,LIMA,LIMA,LA VICTORIA,URBANA,AVENIDA,URBANO,NO CORRESPONDE,-12.06989176790404,-77.016826961116,DESPEJADO,COMERCIAL,TRAMO RECTO,PLANA ,ASFALTADA,SIN_DATO,SIN_DATO,SIN_DATO,SIN_DATO,EN PROCESO DE INVESTIGACIÓN,NO CUENTA CON CAUSA ESPECIFICA,2025,2,1,0,23,NOCHE,COSTA,1,0,LEVE,0,0
DESPISTE,1,0,1,LIMA,LIMA,CHACLACAYO,URBANA,CARRETERA,NACIONAL,PE-22,-11.993569,-76.82844,DESPEJADO,INDUSTRIAL,TRAMO RECTO,PLANA ,ASFALTADA,SIN_DATO,SIN_DATO,SIN_DATO,SIN_DATO,EN PROCESO DE INVESTIGACIÓN,NO CUENTA CON CAUSA ESPECIFICA,2025,2,2,0,4,MADRUGADA,COSTA,1,0,LEVE,0,0
ATROPELLO FUGA,1,0,1,LIMA,LIMA,VILLA MARIA DEL TRIUNFO,URBANA,AVENIDA,URBANO,NO CORRESPONDE,-12.17974230849083,-76.93685610505236,DESPEJADO,RESIDENCIAL,INTERSECCIÓN,PLANA ,ASFALTADA,SIN_DATO,SIN_DATO,SIN_DATO,SIN_DATO,EN PROCESO DE INVESTIGACIÓN,NO CUENTA CON CAUSA ESPECIFICA,2025,2,2,0,8,MAÑANA,COSTA,1,0,LEVE,0,0
ATROPELLO,1,0,1,LIMA,LIMA,LA VICTORIA,URBANA,AVENIDA,URBANO,NO CORRESPONDE,-12.08141252720953,-77.01889809371944,DESPEJADO,COMERCIAL,TRAMO RECTO,PLANA ,ASFALTADA,SIN_DATO,SIN_DATO,SIN_DATO,SIN_DATO,EN PROCESO DE INVESTIGACIÓN,NO CUENTA CON CAUSA ESPECIFICA,2025,2,2,0,11,MAÑANA,COSTA,1,0,LEVE,0,0
ATROPELLO,1,1,1,LIMA,LIMA,SANTIAGO DE SURCO,URBANA,AVENIDA,URBANO,NO CORRESPONDE,-12.160470244692483,-76.98934716155456,DESPEJADO,RESIDENCIAL,INTERSECCIÓN,PLANA ,ASFALTADA,SIN_DATO,SIN_DATO,SIN_DATO,SIN_DATO,EN PROCESO DE INVESTIGACIÓN,NO CUENTA CON CAUSA ESPECIFICA,2025,2,2,0,15,TARDE,COSTA,1,1,LEVE,0,0
CHOQUE FUGA,1,0,1,LA LIBERTAD,CHEPEN,CHEPEN,RURAL,CARRETERA,NACIONAL,PE-1N,-7.2224201402,-79.4384094891,DESPEJADO,RURAL,TRAMO RECTO,PLANA ,ASFALTADA,SIN_DATO,SIN_DATO,SIN_DATO,SIN_DATO,EN PROCESO DE INVESTIGACIÓN,NO CUENTA CON CAUSA ESPECIFICA,2025,2,2,0,20,NOCHE,COSTA,1,0,LEVE,0,0
CHOQUE,1,2,2,ICA,CHINCHA,GROCIO PRADO,RURAL,CARRETERA,NACIONAL,PE-1S,-13.383005,-76.204386,DESPEJADO,RURAL,TRAMO RECTO,PLANA ,ASFALTADA,SIN_DATO,SIN_DATO,SIN_DATO,SIN_DATO,EN PROCESO DE INVESTIGACIÓN,NO CUENTA CON CAUSA ESPECIFICA,2025,2,3,0,5,MADRUGADA,COSTA,1,2,LEVE,0,0
VOLCADURA,1,0,1,LIMA,LIMA,SANTA ANITA,URBANA,AVENIDA,URBANO,NO CORRESPONDE,-12.05070178114465,-76.95537474495718,DESPEJADO,INDUSTRIAL,TRAMO RECTO,PLANA ,ASFALTADA,SIN_DATO,SIN_DATO,SIN_DATO,SIN_DATO,EN PROCESO DE INVESTIGACIÓN,NO CUENTA CON CAUSA ESPECIFICA,2025,2,3,0,5,MADRUGADA,COSTA,1,0,LEVE,0,0
ATROPELLO,1,0,1,LIMA,LIMA,LA MOLINA,URBANA,AVENIDA,URBANO,NO CORRESPONDE,-12.061589126116075,-76.9533148487278,DESPEJADO,INDUSTRIAL,TRAMO RECTO,PLANA ,ASFALTADA,SIN_DATO,SIN_DATO,SIN_DATO,SIN_DATO,EN PROCESO DE INVESTIGACIÓN,NO CUENTA CON CAUSA ESPECIFICA,2025,2,3,0,16,TARDE,COSTA,1,0,LEVE,0,0
CHOQUE,1,0,1,AREQUIPA,AREQUIPA,LA JOYA,URBANA,CARRETERA,NACIONAL,PE-1S,-16.679576,-71.870924,DESPEJADO,INDUSTRIAL,TRAMO RECTO,PLANA ,ASFALTADA,SI,REGULADORA (R),PREVENTIVA (P),SI,EN PROCESO DE INVESTIGACIÓN,NO CUENTA CON CAUSA ESPECIFICA,2025,2,3,0,22,NOCHE,COSTA,1,0,LEVE,0,0
DESPISTE,1,0,1,AYACUCHO,HUAMANGA,ANDRES AVELINO CACERES DORREGARAY,URBANA,AVENIDA,URBANO,NO CORRESPONDE,-13.161562724023874,-74.21126818084073,DESPEJADO,RESIDENCIAL,TRAMO RECTO,PLANA ,ASFALTADA,SI,INFORMATIVA (I),SIN_DATO,NO,IMPRUDENCIA DEL CONDUCTOR,CONDUCIR EN ESTADO DE EBRIEDAD Y/O DROGADICCIÓN,2025,2,4,0,0,MADRUGADA,SIERRA,1,0,LEVE,0,0
DESPISTE,1,0,1,LIMA,LIMA,SAN LUIS,URBANA,AVENIDA,URBANO,NO CORRESPONDE,-12.080369729132563,-77.00304106006965,DESPEJADO,RESIDENCIAL,INTERSECCIÓN,PLANA ,ASFALTADA,SI,PREVENTIVA (P),SIN_DATO,NO,EN PROCESO DE INVESTIGACIÓN,NO CUENTA CON CAUSA ESPECIFICA,2025,2,4,0,2,MADRUGADA,COSTA,1,0,LEVE,0,0
DESPISTE,2,3,1,PIURA,HUANCABAMBA,HUANCABAMBA,RURAL,CARRETERA,PROVINCIAL,PI-853,-5.20084920919129,-79.4771448484935,DESPEJADO,RURAL,TRAMO RECTO,PLANA ,ASFALTADA,SIN_DATO,SIN_DATO,SIN_DATO,SIN_DATO,EN PROCESO DE INVESTIGACIÓN,NO CUENTA CON CAUSA ESPECIFICA,2025,2,4,0,3,MADRUGADA,COSTA,2,3,GRAVE_MORTALIDAD,1,1